datetime,branch,fid,shadow_price,flow_mw,constraint_name
2016-01-19 08:00:00,830,L:5373:5777:138,0.94,262.5,BRYANT - CASTO 138 KV L
2016-01-19 08:00:00,1982,L:5917:6922:138,2.17,193.9,EARLIMART - JEFFERSON TAP 138 KV
2016-01-19 08:00:00,2420,L:6014:7931:138,26.75,241.1,LA CONNER - FIVE FALLS 138 KV L
2016-01-19 08:00:00,3379,L:6457:7119:138,6.38,237.3,BRIDGEPORT - GRISWALD 138 KV
2016-01-19 08:00:00,3666,L:6605:6625:138,147.42,164.7,DEL BAC - ELGIN 138 KV
2016-01-19 08:00:00,5179,L:7286:8269:138,10.43,250.5,LOGANS FERRY - SS3143 138 KV
2016-01-19 08:00:00,7113,L:8268:18394:345,6.56,1287.3,DETROIT - RIDGELEY 345 KV
2016-01-19 08:00:00,7856,L:8572:8582:138,5.59,238.9,TYHEE - CTR 138 KV
2016-01-19 08:00:00,9374,L:9276:9669:345,13.53,1432.2,STATION G - CLOVER 345 KV
2016-01-19 08:00:00,10421,L:9770:10265:138,3.82,235.8,GEYSERS TAP 2 - WALTHALL 138 KV
2016-01-19 08:00:00,11409,X:10277:345:138,3.5,206.3,POSSUM POINT 345 kV/138 kV Autotransformer
2016-01-19 08:00:00,11508,L:10295:10305:138,12.36,285.3,HILLTOP 230115KV - SURRY 138 KV #1
2016-01-19 08:00:00,13849,L:18267:18686:345,16.4,1131.0,FOURTH PLAIN SUBSTATION - AMOS 345 KV
2016-01-19 08:00:00,14590,X:18707:345:230,10.21,387.7,SPORN SUBSTATION 345-230 kV Autotransformer
2016-01-19 08:00:00,15729,L:19202:19214:100,38.0,148.3,ROCHESTER HYDRO - SONORA 100 KV
2016-01-19 08:00:00,16394,X:19540:100:1,148.6,191.3,KILLEN 100-1 kV Transformer
2016-01-19 08:00:00,16861,L:19681:20177:230,14.4,489.2,DEDEDO - CHICOPEE HYDROELETRIC STATION 230 KV L
2016-01-19 08:00:00,17477,L:19951:19952:100,86.15,136.1,FIRSTENERGY EDGEWATER - BARNES JCT 100 KV L
2016-01-19 08:00:00,17593,L:20005:20300:230,2.36,505.0,KEMMERER - FIRSTENERGY BAY SHORE 230 KV
2016-02-13 19:00:00,795,L:5364:5775:138,0.65,216.7,PRAIRIE - MOTOROLA 138 KV
2016-02-13 19:00:00,830,L:5373:5777:138,1.37,262.4,BRYANT - CASTO 138 KV L
2016-02-13 19:00:00,1982,L:5917:6922:138,8.68,193.9,EARLIMART - JEFFERSON TAP 138 KV
2016-02-13 19:00:00,2420,L:6014:7931:138,74.52,241.1,LA CONNER - FIVE FALLS 138 KV L
2016-02-13 19:00:00,3666,L:6605:6625:138,138.26,164.7,DEL BAC - ELGIN 138 KV
2016-02-13 19:00:00,5179,L:7286:8269:138,8.67,250.5,LOGANS FERRY - SS3143 138 KV
2016-02-13 19:00:00,7856,L:8572:8582:138,4.13,238.9,TYHEE - CTR 138 KV
2016-02-13 19:00:00,8764,L:9030:17923:138,9.69,218.7,DAM NO. 4 HYDRO STATION - TIMBER SWAMP 138 KV L
2016-02-13 19:00:00,9374,L:9276:9669:345,13.54,1432.2,STATION G - CLOVER 345 KV
2016-02-13 19:00:00,10367,L:9747:10285:138,0.7,233.6,JENNINGS LODGE - AGANA 138 KV
2016-02-13 19:00:00,10421,L:9770:10265:138,1.29,235.8,GEYSERS TAP 2 - WALTHALL 138 KV
2016-02-13 19:00:00,11409,X:10277:345:138,2.73,206.3,POSSUM POINT 345 kV/138 kV Autotransformer
2016-02-13 19:00:00,12967,L:17734:17736:138,910.83,224.8,BUTTS - ALLINGS CROSSING 138 KV L
2016-02-13 19:00:00,13849,L:18267:18686:345,14.89,1131.0,FOURTH PLAIN SUBSTATION - AMOS 345 KV
2016-02-13 19:00:00,17477,L:19951:19952:100,24.99,136.1,FIRSTENERGY EDGEWATER - BARNES JCT 100 KV L
2016-02-13 19:00:00,17593,L:20005:20300:230,2.44,505.0,KEMMERER - FIRSTENERGY BAY SHORE 230 KV
2016-03-03 19:00:00,5,L:2601:2722:161,266.05,220.3,GARY WORKS - MOLINO 161 KV
2016-03-03 19:00:00,74,X:2797:138:1,265.72,101.4,BLAKESLEE JCT 138/1 kV Transformer Bank
2016-03-03 19:00:00,851,L:5383:5445:138,4.24,211.3,DIAMOND BAR - BAYONNE MUA- LEITNER-POMA WIND TURBINE 138 KV
2016-03-03 19:00:00,973,L:5448:5910:138,2.15,270.1,NORTHSIDE - NJT MEADOWLANDS RAIL SUBSTAION 138 KV Circuit 2
2016-03-03 19:00:00,2050,X:5927:161:138,2000.0,142.2,24TH & GARDNDALE 161/138 kV Transformer
2016-03-03 19:00:00,2420,L:6014:7931:138,75.65,241.1,LA CONNER - FIVE FALLS 138 KV L
2016-03-03 19:00:00,5179,L:7286:8269:138,5.45,250.5,LOGANS FERRY - SS3143 138 KV
2016-03-03 19:00:00,7856,L:8572:8582:138,7.87,238.9,TYHEE - CTR 138 KV
2016-03-03 19:00:00,7967,L:8643:9104:138,13.89,245.9,CONOWINGO - HOLLAND 138 KV Line
2016-03-03 19:00:00,9374,L:9276:9669:345,7.15,1432.2,STATION G - CLOVER 345 KV
2016-03-03 19:00:00,10367,L:9747:10285:138,5.02,233.6,JENNINGS LODGE - AGANA 138 KV
2016-03-03 19:00:00,10421,L:9770:10265:138,10.16,235.8,GEYSERS TAP 2 - WALTHALL 138 KV
2016-03-03 19:00:00,11409,X:10277:345:138,9.1,206.4,POSSUM POINT 345 kV/138 kV Autotransformer
2016-03-03 19:00:00,11662,X:10447:138:69,239.97,102.3,CAYUCOS 138 kV/69 kV TX Unit 1
2016-03-03 19:00:00,12970,L:17735:17737:138,762.88,260.5,N RANDOLPH - PAUL SWEET 138 KV
2016-03-03 19:00:00,13849,L:18267:18686:345,9.73,1131.0,FOURTH PLAIN SUBSTATION - AMOS 345 KV
2016-03-03 19:00:00,16394,X:19540:100:1,27.96,191.3,KILLEN 100-1 kV Transformer
2016-03-03 19:00:00,21115,L:23484:23494:100,6.17,109.7,SOUTHPOINT - CAPSULE 100 KV
2016-04-06 08:00:00,5,L:2601:2722:161,382.62,220.3,GARY WORKS - MOLINO 161 KV
2016-04-06 08:00:00,74,X:2797:138:1,327.9,101.3,BLAKESLEE JCT 138/1 kV Transformer Bank
2016-04-06 08:00:00,851,L:5383:5445:138,0.74,211.3,DIAMOND BAR - BAYONNE MUA- LEITNER-POMA WIND TURBINE 138 KV
2016-04-06 08:00:00,2420,L:6014:7931:138,51.65,241.1,LA CONNER - FIVE FALLS 138 KV L
2016-04-06 08:00:00,5179,L:7286:8269:138,5.09,250.5,LOGANS FERRY - SS3143 138 KV
2016-04-06 08:00:00,7856,L:8572:8582:138,11.35,238.9,TYHEE - CTR 138 KV
2016-04-06 08:00:00,10421,L:9770:10265:138,16.66,235.8,GEYSERS TAP 2 - WALTHALL 138 KV
2016-04-06 08:00:00,11409,X:10277:345:138,11.36,206.3,POSSUM POINT 345 kV/138 kV Autotransformer
2016-04-06 08:00:00,11662,X:10447:138:69,2000.0,104.9,CAYUCOS 138 kV/69 kV TX Unit 1
2016-04-06 08:00:00,11663,X:10447:138:69,2000.0,104.9,CAYUCOS 138 kV/69 kV Autotransformer
2016-04-06 08:00:00,12970,L:17735:17737:138,1055.32,260.5,N RANDOLPH - PAUL SWEET 138 KV
2016-04-06 08:00:00,13849,L:18267:18686:345,7.32,1131.0,FOURTH PLAIN SUBSTATION - AMOS 345 KV
2016-04-06 08:00:00,14502,L:18691:18697:345,10.99,1391.5,GREENLAND GAP - STEVENSVILLE 345 KV
2016-04-06 08:00:00,15851,L:19265:19267:100,2000.0,156.6,SOUTHPAC - BRIDGEHAMPTON 100 KV
2016-04-06 08:00:00,20038,L:23041:23284:100,1869.85,135.2,HAWTHORNE OCB ELECTRIC - N YUMA 100 KV
2016-05-31 18:00:00,830,L:5373:5777:138,6.79,262.5,BRYANT - CASTO 138 KV L
2016-05-31 18:00:00,3379,L:6457:7119:138,19.68,237.3,BRIDGEPORT - GRISWALD 138 KV
2016-05-31 18:00:00,3666,L:6605:6625:138,111.07,164.7,DEL BAC - ELGIN 138 KV
2016-05-31 18:00:00,5179,L:7286:8269:138,7.37,250.5,LOGANS FERRY - SS3143 138 KV
2016-05-31 18:00:00,7967,L:8643:9104:138,33.82,245.9,CONOWINGO - HOLLAND 138 KV Line
2016-05-31 18:00:00,8752,L:9019:9021:138,122.35,260.6,JOLLYVILLE - E HAGERSTOWN 138 KV
2016-05-31 18:00:00,9374,L:9276:9669:345,15.89,1432.2,STATION G - CLOVER 345 KV
2016-05-31 18:00:00,10005,L:9631:9643:345,0.57,1425.9,FLUVANNA P.S - LOUISA GENERATION FACILITY 345 KV
2016-05-31 18:00:00,11409,X:10277:345:138,1.25,206.3,POSSUM POINT 345 kV/138 kV Autotransformer
2016-05-31 18:00:00,12970,L:17735:17737:138,617.55,260.5,N RANDOLPH - PAUL SWEET 138 KV
2016-05-31 18:00:00,13849,L:18267:18686:345,13.63,1131.0,FOURTH PLAIN SUBSTATION - AMOS 345 KV
2016-05-31 18:00:00,14502,L:18691:18697:345,15.56,1391.5,GREENLAND GAP - STEVENSVILLE 345 KV
2016-05-31 18:00:00,16394,X:19540:100:1,70.14,191.3,KILLEN 100-1 kV Transformer
2016-05-31 18:00:00,16861,L:19681:20177:230,1.38,489.2,DEDEDO - CHICOPEE HYDROELETRIC STATION 230 KV L
2016-05-31 18:00:00,18851,L:22022:22024:230,7.12,434.8,CONCORD - MT. HARRIS 230 KV
2016-06-20 17:00:00,2420,L:6014:7931:138,101.58,241.1,LA CONNER - FIVE FALLS 138 KV L
2016-06-20 17:00:00,3379,L:6457:7119:138,37.22,237.3,BRIDGEPORT - GRISWALD 138 KV
2016-06-20 17:00:00,3666,L:6605:6625:138,156.91,164.7,DEL BAC - ELGIN 138 KV
2016-06-20 17:00:00,4459,L:7099:7140:138,32.89,229.3,EDDYSTONE - BUCKS CRK 138 KV
2016-06-20 17:00:00,5179,L:7286:8269:138,7.54,250.5,LOGANS FERRY - SS3143 138 KV
2016-06-20 17:00:00,7856,L:8572:8582:138,1.68,238.9,TYHEE - CTR 138 KV
2016-06-20 17:00:00,8764,L:9030:17923:138,11.25,218.7,DAM NO. 4 HYDRO STATION - TIMBER SWAMP 138 KV L
2016-06-20 17:00:00,9374,L:9276:9669:345,16.35,1432.2,STATION G - CLOVER 345 KV
2016-06-20 17:00:00,11409,X:10277:345:138,2.56,206.3,POSSUM POINT 345 kV/138 kV Autotransformer
2016-06-20 17:00:00,13849,L:18267:18686:345,18.0,1131.0,FOURTH PLAIN SUBSTATION - AMOS 345 KV
2016-06-20 17:00:00,14590,X:18707:345:230,1.21,387.7,SPORN SUBSTATION 345-230 kV Autotransformer
2016-06-20 17:00:00,16394,X:19540:100:1,122.64,191.3,KILLEN 100-1 kV Transformer
2016-06-20 17:00:00,16861,L:19681:20177:230,24.69,489.2,DEDEDO - CHICOPEE HYDROELETRIC STATION 230 KV L
2016-06-20 17:00:00,17593,L:20005:20300:230,2.45,505.0,KEMMERER - FIRSTENERGY BAY SHORE 230 KV
2016-06-20 17:00:00,18856,L:22024:22035:230,25.95,508.3,MCMICHEN - MT. HARRIS 230 KV
2016-06-20 17:00:00,20670,L:23314:23481:100,160.35,137.3,CRIST ROAD - BIPORT 100 KV
2016-07-25 16:00:00,802,L:5367:5865:138,0.57,264.5,PAPER - TECUMSEH RD 138 KV
2016-07-25 16:00:00,2420,L:6014:7931:138,123.01,241.1,LA CONNER - FIVE FALLS 138 KV L
2016-07-25 16:00:00,3379,L:6457:7119:138,214.79,237.3,BRIDGEPORT - GRISWALD 138 KV
2016-07-25 16:00:00,3394,L:6463:7119:138,94.84,254.4,LIBERTY ELECTRIC POWER PLANT - GRISWALD 138 KV
2016-07-25 16:00:00,3925,L:6758:6782:138,152.69,255.6,PLYMOUTH MEETING - BARBADOES 138 KV
2016-07-25 16:00:00,4459,L:7099:7140:138,227.4,229.3,EDDYSTONE - BUCKS CRK 138 KV
2016-07-25 16:00:00,5179,L:7286:8269:138,9.63,250.5,LOGANS FERRY - SS3143 138 KV
2016-07-25 16:00:00,7113,L:8268:18394:345,2.27,1287.3,DETROIT - RIDGELEY 345 KV
2016-07-25 16:00:00,7967,L:8643:9104:138,157.2,245.9,CONOWINGO - HOLLAND 138 KV Line
2016-07-25 16:00:00,8752,L:9019:9021:138,91.43,260.6,JOLLYVILLE - E HAGERSTOWN 138 KV
2016-07-25 16:00:00,9374,L:9276:9669:345,25.08,1432.2,STATION G - CLOVER 345 KV
2016-07-25 16:00:00,10293,L:9724:9725:138,18.87,274.9,NEXEN TAP - MILLER REDWOOD 138 KV
2016-07-25 16:00:00,13849,L:18267:18686:345,15.37,1131.0,FOURTH PLAIN SUBSTATION - AMOS 345 KV
2016-07-25 16:00:00,14590,X:18707:345:230,10.67,387.7,SPORN SUBSTATION 345-230 kV Autotransformer
2016-07-25 16:00:00,15729,L:19202:19214:100,35.22,148.3,ROCHESTER HYDRO - SONORA 100 KV
2016-07-25 16:00:00,16394,X:19540:100:1,148.84,191.3,KILLEN 100-1 kV Transformer
2016-07-25 16:00:00,16861,L:19681:20177:230,14.42,489.2,DEDEDO - CHICOPEE HYDROELETRIC STATION 230 KV L
2016-07-25 16:00:00,17477,L:19951:19952:100,124.16,136.1,FIRSTENERGY EDGEWATER - BARNES JCT 100 KV L
2016-07-25 16:00:00,17593,L:20005:20300:230,3.2,505.0,KEMMERER - FIRSTENERGY BAY SHORE 230 KV
2016-07-25 16:00:00,18851,L:22022:22024:230,10.66,434.8,CONCORD - MT. HARRIS 230 KV
2016-08-12 16:00:00,1981,L:5917:6911:138,58.06,244.2,EARLIMART SUBSTATION - NEW HOGAN 138 KV
2016-08-12 16:00:00,2420,L:6014:7931:138,190.41,241.1,LA CONNER - FIVE FALLS 138 KV L
2016-08-12 16:00:00,3347,L:6445:6460:138,24.56,233.2,HIGHLANDS - BEVERLY 138 KV
2016-08-12 16:00:00,3379,L:6457:7119:138,165.36,237.3,BRIDGEPORT - GRISWALD 138 KV
2016-08-12 16:00:00,3394,L:6463:7119:138,38.68,254.4,LIBERTY ELECTRIC POWER PLANT - GRISWALD 138 KV
2016-08-12 16:00:00,4459,L:7099:7140:138,192.76,229.3,EDDYSTONE - BUCKS CRK 138 KV
2016-08-12 16:00:00,5162,L:7276:8228:138,4.56,265.3,YUKON - SEVIERVILLE 138 KV
2016-08-12 16:00:00,5179,L:7286:8269:138,10.37,250.5,LOGANS FERRY - SS3143 138 KV
2016-08-12 16:00:00,7157,X:8275:500:345,1.31,461.3,NORFORK 500 kV/345 kV XFMR
2016-08-12 16:00:00,7967,L:8643:9104:138,108.3,245.9,CONOWINGO - HOLLAND 138 KV Line
2016-08-12 16:00:00,9374,L:9276:9669:345,23.07,1432.2,STATION G - CLOVER 345 KV
2016-08-12 16:00:00,10005,L:9631:9643:345,2.5,1425.9,FLUVANNA P.S - LOUISA GENERATION FACILITY 345 KV
2016-08-12 16:00:00,10386,L:9757:9759:138,10.83,253.1,YADKIN - WHEELABRATOR PORTSMOUTH 138 KV
2016-08-12 16:00:00,13849,L:18267:18686:345,11.01,1131.0,FOURTH PLAIN SUBSTATION - AMOS 345 KV
2016-08-12 16:00:00,14502,L:18691:18697:345,12.99,1391.5,GREENLAND GAP - STEVENSVILLE 345 KV
2016-08-12 16:00:00,14590,X:18707:345:230,11.33,387.7,SPORN SUBSTATION 345-230 kV Autotransformer
2016-08-12 16:00:00,15729,L:19202:19214:100,23.78,148.3,ROCHESTER HYDRO - SONORA 100 KV
2016-08-12 16:00:00,16394,X:19540:100:1,146.66,191.3,KILLEN 100-1 kV Transformer
2016-08-12 16:00:00,16861,L:19681:20177:230,15.28,489.2,DEDEDO - CHICOPEE HYDROELETRIC STATION 230 KV L
2016-08-12 16:00:00,17477,L:19951:19952:100,254.76,136.1,FIRSTENERGY EDGEWATER - BARNES JCT 100 KV L
2016-08-12 16:00:00,17593,L:20005:20300:230,7.36,505.0,KEMMERER - FIRSTENERGY BAY SHORE 230 KV
2016-08-12 16:00:00,18485,L:21631:21682:100,421.11,160.9,RANCHO MISSION VIEJO - FERMI 100 KV Line 1
2016-09-08 17:00:00,2420,L:6014:7931:138,10.37,241.1,LA CONNER - FIVE FALLS 138 KV L
2016-09-08 17:00:00,3347,L:6445:6460:138,15.87,233.2,HIGHLANDS - BEVERLY 138 KV
2016-09-08 17:00:00,3379,L:6457:7119:138,92.94,237.3,BRIDGEPORT - GRISWALD 138 KV
2016-09-08 17:00:00,3666,L:6605:6625:138,214.03,164.7,DEL BAC - ELGIN 138 KV
2016-09-08 17:00:00,4459,L:7099:7140:138,79.53,229.3,EDDYSTONE - BUCKS CRK 138 KV
2016-09-08 17:00:00,5179,L:7286:8269:138,10.55,250.5,LOGANS FERRY - SS3143 138 KV
2016-09-08 17:00:00,7113,L:8268:18394:345,4.78,1287.3,DETROIT - RIDGELEY 345 KV
2016-09-08 17:00:00,8752,L:9019:9021:138,88.23,260.6,JOLLYVILLE - E HAGERSTOWN 138 KV
2016-09-08 17:00:00,8864,L:9069:18127:345,3.34,1270.4,WESTROCK SOUTHEAST LLC - CASON LNE 345 KV line
2016-09-08 17:00:00,9374,L:9276:9669:345,20.53,1432.2,STATION G - CLOVER 345 KV
2016-09-08 17:00:00,10049,L:9643:9653:138,4.58,275.7,JIM BRANCH - LOUISA GENERATION FACILITY 138 KV
2016-09-08 17:00:00,10087,L:9650:11146:345,2.89,1409.5,PERSON - MECKLENBURG POWER STATION 345 KV
2016-09-08 17:00:00,10293,L:9724:9725:138,12.87,274.9,NEXEN TAP - MILLER REDWOOD 138 KV
2016-09-08 17:00:00,13849,L:18267:18686:345,14.74,1131.0,FOURTH PLAIN SUBSTATION - AMOS 345 KV
2016-09-08 17:00:00,14590,X:18707:345:230,10.52,387.7,SPORN SUBSTATION 345-230 kV Autotransformer
2016-09-08 17:00:00,14909,L:18839:18862:100,23.53,133.9,LOMA VISTA - CEDAR HILL 100 KV
2016-09-08 17:00:00,16394,X:19540:100:1,127.11,191.3,KILLEN 100-1 kV Transformer
2016-09-08 17:00:00,16861,L:19681:20177:230,17.18,489.2,DEDEDO - CHICOPEE HYDROELETRIC STATION 230 KV L
2016-09-08 17:00:00,17477,L:19951:19952:100,227.63,136.1,FIRSTENERGY EDGEWATER - BARNES JCT 100 KV L
2016-09-08 17:00:00,17593,L:20005:20300:230,10.33,505.0,KEMMERER - FIRSTENERGY BAY SHORE 230 KV
2016-09-08 17:00:00,17727,L:20072:20124:100,2000.0,156.3,BELLE GLADE - CASTALIA 100 KV
2016-09-08 17:00:00,18851,L:22022:22024:230,15.42,434.8,CONCORD - MT. HARRIS 230 KV
2016-10-19 17:00:00,5,L:2601:2722:161,295.05,220.3,GARY WORKS - MOLINO 161 KV
2016-10-19 17:00:00,74,X:2797:138:1,272.25,101.4,BLAKESLEE JCT 138/1 kV Transformer Bank
2016-10-19 17:00:00,2420,L:6014:7931:138,91.39,241.1,LA CONNER - FIVE FALLS 138 KV L
2016-10-19 17:00:00,5179,L:7286:8269:138,2.91,250.5,LOGANS FERRY - SS3143 138 KV
2016-10-19 17:00:00,7856,L:8572:8582:138,3.71,238.9,TYHEE - CTR 138 KV
2016-10-19 17:00:00,9168,L:9168:9440:138,81.05,227.7,HERMANAS DAVILA 1705 - GUADALUPE GENERATING 138 KV L
2016-10-19 17:00:00,9374,L:9276:9669:345,5.11,1432.2,STATION G - CLOVER 345 KV
2016-10-19 17:00:00,10367,L:9747:10285:138,4.76,233.5,JENNINGS LODGE - AGANA 138 KV
2016-10-19 17:00:00,10421,L:9770:10265:138,12.86,235.8,GEYSERS TAP 2 - WALTHALL 138 KV
2016-10-19 17:00:00,11409,X:10277:345:138,6.94,206.4,POSSUM POINT 345 kV/138 kV Autotransformer
2016-10-19 17:00:00,11662,X:10447:138:69,173.18,102.3,CAYUCOS 138 kV/69 kV TX Unit 1
2016-10-19 17:00:00,12905,L:17663:17736:138,1271.21,251.6,ALLINGS CROSSING - ERIN 138 KV
2016-10-19 17:00:00,12970,L:17735:17737:138,2000.0,260.7,N RANDOLPH - PAUL SWEET 138 KV
2016-10-19 17:00:00,13849,L:18267:18686:345,2.8,1131.0,FOURTH PLAIN SUBSTATION - AMOS 345 KV
2016-10-19 17:00:00,14502,L:18691:18697:345,7.09,1391.5,GREENLAND GAP - STEVENSVILLE 345 KV
2016-10-19 17:00:00,14708,X:18750:138:1,44.71,152.3,W BELLAIRE 138 kV/1 kV Transformer
2016-11-21 19:00:00,5,L:2601:2722:161,306.58,220.3,GARY WORKS - MOLINO 161 KV
2016-11-21 19:00:00,74,X:2797:138:1,267.66,101.4,BLAKESLEE JCT 138/1 kV Transformer Bank
2016-11-21 19:00:00,2420,L:6014:7931:138,86.91,241.1,LA CONNER - FIVE FALLS 138 KV L
2016-11-21 19:00:00,5179,L:7286:8269:138,5.41,250.5,LOGANS FERRY - SS3143 138 KV
2016-11-21 19:00:00,7856,L:8572:8582:138,8.63,238.9,TYHEE - CTR 138 KV
2016-11-21 19:00:00,7967,L:8643:9104:138,4.49,245.9,CONOWINGO - HOLLAND 138 KV Line
2016-11-21 19:00:00,10087,L:9650:11146:345,5.94,1409.5,PERSON - MECKLENBURG POWER STATION 345 KV
2016-11-21 19:00:00,10367,L:9747:10285:138,3.79,233.6,JENNINGS LODGE - AGANA 138 KV
2016-11-21 19:00:00,10421,L:9770:10265:138,7.31,235.8,GEYSERS TAP 2 - WALTHALL 138 KV
2016-11-21 19:00:00,11409,X:10277:345:138,8.09,206.3,POSSUM POINT 345 kV/138 kV Autotransformer
2016-11-21 19:00:00,11662,X:10447:138:69,12.08,102.3,CAYUCOS 138 kV/69 kV TX Unit 1
2016-11-21 19:00:00,12970,L:17735:17737:138,920.82,260.5,N RANDOLPH - PAUL SWEET 138 KV
2016-11-21 19:00:00,13849,L:18267:18686:345,9.7,1131.0,FOURTH PLAIN SUBSTATION - AMOS 345 KV
2016-11-21 19:00:00,16394,X:19540:100:1,22.63,191.3,KILLEN 100-1 kV Transformer
2016-12-15 19:00:00,3379,L:6457:7119:138,36.79,237.3,BRIDGEPORT - GRISWALD 138 KV
2016-12-15 19:00:00,3666,L:6605:6625:138,147.1,164.7,DEL BAC - ELGIN 138 KV
2016-12-15 19:00:00,4459,L:7099:7140:138,30.84,229.3,EDDYSTONE - BUCKS CRK 138 KV
2016-12-15 19:00:00,5179,L:7286:8269:138,10.3,250.5,LOGANS FERRY - SS3143 138 KV
2016-12-15 19:00:00,7856,L:8572:8582:138,6.29,238.9,TYHEE - CTR 138 KV
2016-12-15 19:00:00,7967,L:8643:9104:138,25.98,245.9,CONOWINGO - HOLLAND 138 KV Line
2016-12-15 19:00:00,8764,L:9030:17923:138,78.83,218.7,DAM NO. 4 HYDRO STATION - TIMBER SWAMP 138 KV L
2016-12-15 19:00:00,9374,L:9276:9669:345,16.29,1432.2,STATION G - CLOVER 345 KV
2016-12-15 19:00:00,11409,X:10277:345:138,3.45,206.3,POSSUM POINT 345 kV/138 kV Autotransformer
2016-12-15 19:00:00,13849,L:18267:18686:345,17.06,1131.0,FOURTH PLAIN SUBSTATION - AMOS 345 KV
2016-12-15 19:00:00,14590,X:18707:345:230,9.44,387.7,SPORN SUBSTATION 345-230 kV Autotransformer
2016-12-15 19:00:00,15729,L:19202:19214:100,33.82,148.3,ROCHESTER HYDRO - SONORA 100 KV
2016-12-15 19:00:00,16394,X:19540:100:1,151.28,191.3,KILLEN 100-1 kV Transformer
2016-12-15 19:00:00,16861,L:19681:20177:230,13.51,489.2,DEDEDO - CHICOPEE HYDROELETRIC STATION 230 KV L
2016-12-15 19:00:00,17477,L:19951:19952:100,134.56,136.1,FIRSTENERGY EDGEWATER - BARNES JCT 100 KV L
2016-12-15 19:00:00,17593,L:20005:20300:230,3.23,505.0,KEMMERER - FIRSTENERGY BAY SHORE 230 KV
2016-12-15 19:00:00,18851,L:22022:22024:230,2.4,434.8,CONCORD - MT. HARRIS 230 KV
2016-12-15 19:00:00,20376,L:23171:23263:230,3.62,619.9,ENDAKO CUST SUBSTATION - LOS OSITOS 230 KV Line
2012-01-03 19:00:00,74,X:2797:138:1,19.61,102.3,BLAKESLEE JCT 138/1 kV Transformer Bank
2012-01-03 19:00:00,794,L:5364:5404:138,8.78,189.4,MOTOROLA - W ORANGE 138 KV
2012-01-03 19:00:00,1982,L:5917:6922:138,1.54,196.7,EARLIMART - JEFFERSON TAP 138 KV
2012-01-03 19:00:00,2971,L:6260:6299:138,6.87,190.1,SODA SPRINGS POWER PLANT - HICROSS 138 KV
2012-01-03 19:00:00,4893,X:7171:500:345,18.8,1043.8,WALLENPAUPACK 500-345 kV Transformer
2012-01-03 19:00:00,8229,L:8741:8760:138,60.66,254.4,YOST BRIDGE - N STRASBURG SUBSTATION 138 KV
2012-01-03 19:00:00,10421,L:9770:10265:138,1.37,235.8,GEYSERS TAP 2 - WALTHALL 138 KV
2012-02-13 08:00:00,5,L:2601:2722:161,326.41,220.3,GARY WORKS - MOLINO 161 KV
2012-02-13 08:00:00,74,X:2797:138:1,282.41,102.3,BLAKESLEE JCT 138/1 kV Transformer Bank
2012-02-13 08:00:00,2420,L:6014:7931:138,15.39,307.3,LA CONNER - FIVE FALLS 138 KV L
2012-02-13 08:00:00,7633,L:8468:9058:138,7.45,189.0,WESTPORT - WHEELABRATOR BALTIMORE REFUSE 138 KV Line
2012-02-13 08:00:00,10367,L:9747:10285:138,5.17,233.5,JENNINGS LODGE - AGANA 138 KV
2012-02-13 08:00:00,10421,L:9770:10265:138,13.86,235.8,GEYSERS TAP 2 - WALTHALL 138 KV
2012-02-13 08:00:00,11662,X:10447:138:69,75.15,113.0,CAYUCOS 138 kV/69 kV TX Unit 1
2012-03-05 20:00:00,5,L:2601:2722:161,392.65,220.3,GARY WORKS - MOLINO 161 KV
2012-03-05 20:00:00,74,X:2797:138:1,332.2,102.3,BLAKESLEE JCT 138/1 kV Transformer Bank
2012-03-05 20:00:00,851,L:5383:5445:138,0.72,211.3,DIAMOND BAR - BAYONNE MUA- LEITNER-POMA WIND TURBINE 138 KV
2012-03-05 20:00:00,2420,L:6014:7931:138,27.86,307.3,LA CONNER - FIVE FALLS 138 KV L
2012-03-05 20:00:00,7633,L:8468:9058:138,9.69,189.0,WESTPORT - WHEELABRATOR BALTIMORE REFUSE 138 KV Line
2012-03-05 20:00:00,10367,L:9747:10285:138,6.73,233.5,JENNINGS LODGE - AGANA 138 KV
2012-03-05 20:00:00,10421,L:9770:10265:138,16.68,235.8,GEYSERS TAP 2 - WALTHALL 138 KV
2012-04-16 21:00:00,5,L:2601:2722:161,404.33,220.3,GARY WORKS - MOLINO 161 KV
2012-04-16 21:00:00,74,X:2797:138:1,342.67,102.3,BLAKESLEE JCT 138/1 kV Transformer Bank
2012-04-16 21:00:00,1982,L:5917:6922:138,6.44,196.7,EARLIMART - JEFFERSON TAP 138 KV
2012-04-16 21:00:00,2420,L:6014:7931:138,77.2,307.3,LA CONNER - FIVE FALLS 138 KV L
2012-04-16 21:00:00,7633,L:8468:9058:138,8.89,189.0,WESTPORT - WHEELABRATOR BALTIMORE REFUSE 138 KV Line
2012-04-16 21:00:00,10367,L:9747:10285:138,7.07,233.5,JENNINGS LODGE - AGANA 138 KV
2012-04-16 21:00:00,10421,L:9770:10265:138,17.88,235.8,GEYSERS TAP 2 - WALTHALL 138 KV
2012-04-16 21:00:00,12976,L:17737:17739:138,244.01,256.5,NORTH RANDOLPH - CAMPO FRESCO 2 138 KV
2012-04-16 21:00:00,18851,L:22022:22024:230,1.94,520.5,CONCORD - MT. HARRIS 230 KV
2012-04-16 21:00:00,21495,L:24592:24600:230,41.97,559.8,MAALAEA - FARRAGUT 230 KV line
2012-05-29 17:00:00,1982,L:5917:6922:138,22.47,196.7,EARLIMART - JEFFERSON TAP 138 KV
2012-05-29 17:00:00,2420,L:6014:7931:138,117.11,307.3,LA CONNER - FIVE FALLS 138 KV L
2012-05-29 17:00:00,4893,X:7171:500:345,29.19,1043.8,WALLENPAUPACK 500-345 kV Transformer
2012-05-29 17:00:00,8865,L:9069:18394:345,6.2,1320.5,WESTROCK SOUTHEAST LLC - RIDGELEY 345 KV
2012-05-29 17:00:00,13848,L:18267:18338:345,4.27,1068.9,FOURTH PLAIN - MILROY 345 KV
2012-05-29 17:00:00,15801,L:19234:19265:100,2000.0,143.4,SOUTHPAC - SUNRISE POWER 100 KV Line
2012-05-29 17:00:00,18851,L:22022:22024:230,7.49,520.5,CONCORD - MT. HARRIS 230 KV
2012-06-21 17:00:00,1762,L:5833:5846:138,110.82,279.5,TOKIO - JOSE 138 KV
2012-06-21 17:00:00,2420,L:6014:7931:138,61.32,307.3,LA CONNER - FIVE FALLS 138 KV L
2012-06-21 17:00:00,2512,L:6047:6055:138,64.09,279.7,N LAKE - PLAQUEMINE COGENERATION PLANT 138 KV
2012-06-21 17:00:00,3379,L:6457:7119:138,43.03,293.5,BRIDGEPORT - GRISWALD 138 KV
2012-06-21 17:00:00,8338,L:8810:8813:138,5.94,252.1,RIVERPLACE - HIGH RIDGE 138 KV
2012-06-21 17:00:00,8865,L:9069:18394:345,0.68,1320.5,WESTROCK SOUTHEAST LLC - RIDGELEY 345 KV
2012-06-21 17:00:00,17585,L:19998:20005:230,1.83,632.9,KEMMERER - DANIEL SIDING 230 KV
2012-06-21 17:00:00,18851,L:22022:22024:230,2.54,520.5,CONCORD - MT. HARRIS 230 KV
2012-07-18 15:00:00,2420,L:6014:7931:138,128.66,307.3,LA CONNER - FIVE FALLS 138 KV L
2012-07-18 15:00:00,3379,L:6457:7119:138,46.01,293.5,BRIDGEPORT - GRISWALD 138 KV
2012-07-18 15:00:00,4893,X:7171:500:345,37.04,1043.8,WALLENPAUPACK 500-345 kV Transformer
2012-07-18 15:00:00,8865,L:9069:18394:345,0.8,1320.5,WESTROCK SOUTHEAST LLC - RIDGELEY 345 KV
2012-07-18 15:00:00,12072,L:16915:16916:138,27.7,307.2,OPP - CICO 138 KV Ckt 2
2012-07-18 15:00:00,17585,L:19998:20005:230,1.94,632.9,KEMMERER - DANIEL SIDING 230 KV
2012-07-18 15:00:00,18851,L:22022:22024:230,11.3,520.5,CONCORD - MT. HARRIS 230 KV
2012-08-03 16:00:00,1982,L:5917:6922:138,18.64,196.7,EARLIMART - JEFFERSON TAP 138 KV
2012-08-03 16:00:00,2420,L:6014:7931:138,79.26,307.3,LA CONNER - FIVE FALLS 138 KV L
2012-08-03 16:00:00,3379,L:6457:7119:138,4.88,293.5,BRIDGEPORT - GRISWALD 138 KV
2012-08-03 16:00:00,4893,X:7171:500:345,33.14,1043.8,WALLENPAUPACK 500-345 kV Transformer
2012-08-03 16:00:00,14783,L:18790:19215:100,1.48,144.8,FAYETTEVILLE S - SAN BRUNO SUBSTATION 100 KV
2012-08-03 16:00:00,17585,L:19998:20005:230,1.07,632.9,KEMMERER - DANIEL SIDING 230 KV
2012-08-03 16:00:00,18851,L:22022:22024:230,13.51,520.5,CONCORD - MT. HARRIS 230 KV
2012-09-07 17:00:00,830,L:5373:5777:138,2.29,262.4,BRYANT - CASTO 138 KV L
2012-09-07 17:00:00,1982,L:5917:6922:138,23.6,196.7,EARLIMART - JEFFERSON TAP 138 KV
2012-09-07 17:00:00,2420,L:6014:7931:138,86.54,307.3,LA CONNER - FIVE FALLS 138 KV L
2012-09-07 17:00:00,4893,X:7171:500:345,20.48,1043.8,WALLENPAUPACK 500-345 kV Transformer
2012-09-07 17:00:00,7856,L:8572:8582:138,1.66,289.8,TYHEE - CTR 138 KV
2012-09-07 17:00:00,8865,L:9069:18394:345,4.86,1320.5,WESTROCK SOUTHEAST LLC - RIDGELEY 345 KV
2012-09-07 17:00:00,13848,L:18267:18338:345,3.24,1068.9,FOURTH PLAIN - MILROY 345 KV
2012-10-03 20:00:00,5,L:2601:2722:161,425.45,220.3,GARY WORKS - MOLINO 161 KV
2012-10-03 20:00:00,74,X:2797:138:1,362.59,102.3,BLAKESLEE JCT 138/1 kV Transformer Bank
2012-10-03 20:00:00,2420,L:6014:7931:138,59.19,307.3,LA CONNER - FIVE FALLS 138 KV L
2012-10-03 20:00:00,7633,L:8468:9058:138,8.31,189.0,WESTPORT - WHEELABRATOR BALTIMORE REFUSE 138 KV Line
2012-10-03 20:00:00,8865,L:9069:18394:345,10.07,1320.5,WESTROCK SOUTHEAST LLC - RIDGELEY 345 KV
2012-10-03 20:00:00,10367,L:9747:10285:138,6.62,233.5,JENNINGS LODGE - AGANA 138 KV
2012-10-03 20:00:00,10421,L:9770:10265:138,16.34,235.8,GEYSERS TAP 2 - WALTHALL 138 KV
2012-10-03 20:00:00,12976,L:17737:17739:138,269.52,256.5,NORTH RANDOLPH - CAMPO FRESCO 2 138 KV
2012-10-03 20:00:00,13780,L:18226:18236:138,24.17,214.1,MILLHOPPER - TURQUOISE 138 KV
2012-11-27 18:00:00,5,L:2601:2722:161,324.27,220.3,GARY WORKS - MOLINO 161 KV
2012-11-27 18:00:00,74,X:2797:138:1,290.63,102.3,BLAKESLEE JCT 138/1 kV Transformer Bank
2012-11-27 18:00:00,2420,L:6014:7931:138,61.26,307.3,LA CONNER - FIVE FALLS 138 KV L
2012-11-27 18:00:00,7633,L:8468:9058:138,6.18,189.0,WESTPORT - WHEELABRATOR BALTIMORE REFUSE 138 KV Line
2012-11-27 18:00:00,10367,L:9747:10285:138,5.52,233.6,JENNINGS LODGE - AGANA 138 KV
2012-11-27 18:00:00,10421,L:9770:10265:138,13.96,235.8,GEYSERS TAP 2 - WALTHALL 138 KV
2012-11-27 18:00:00,12976,L:17737:17739:138,127.98,256.5,NORTH RANDOLPH - CAMPO FRESCO 2 138 KV
2012-12-26 18:00:00,5,L:2601:2722:161,321.69,220.3,GARY WORKS - MOLINO 161 KV
2012-12-26 18:00:00,74,X:2797:138:1,274.8,102.3,BLAKESLEE JCT 138/1 kV Transformer Bank
2012-12-26 18:00:00,2420,L:6014:7931:138,28.46,307.3,LA CONNER - FIVE FALLS 138 KV L
2012-12-26 18:00:00,7633,L:8468:9058:138,4.06,189.0,WESTPORT - WHEELABRATOR BALTIMORE REFUSE 138 KV Line
2012-12-26 18:00:00,8237,L:8744:8747:138,17.76,180.0,BADGER CREEK SUBSTATION - CHIPETA LAKE 138 KV
2012-12-26 18:00:00,8865,L:9069:18394:345,10.11,1320.5,WESTROCK SOUTHEAST LLC - RIDGELEY 345 KV
2012-12-26 18:00:00,10367,L:9747:10285:138,5.91,233.6,JENNINGS LODGE - AGANA 138 KV
2012-12-26 18:00:00,10546,L:9831:9835:138,17.2,261.7,GILBOA - ORMOD 138 KV
2012-12-26 18:00:00,14590,X:18707:345:230,5.1,581.1,SPORN SUBSTATION 345-230 kV Autotransformer
2013-01-22 19:00:00,74,X:2797:138:1,1.48,105.2,BLAKESLEE JCT 138/1 kV Transformer Bank
2013-01-22 19:00:00,794,L:5364:5404:138,6.67,189.4,MOTOROLA - W ORANGE 138 KV
2013-01-22 19:00:00,4893,X:7171:500:345,19.83,1128.0,WALLENPAUPACK 500-345 kV Transformer
2013-01-22 19:00:00,7856,L:8572:8582:138,5.87,289.8,TYHEE - CTR 138 KV
2013-01-22 19:00:00,8219,L:8736:9066:138,12.54,297.8,THURMONT - CALEDONIA SWITCHING YARD 138 KV
2013-01-22 19:00:00,11409,X:10277:345:138,3.9,315.5,POSSUM POINT 345 kV/138 kV Autotransformer
2013-02-01 19:00:00,5,L:2601:2722:161,239.76,220.3,GARY WORKS - MOLINO 161 KV
2013-02-01 19:00:00,74,X:2797:138:1,205.28,105.2,BLAKESLEE JCT 138/1 kV Transformer Bank
2013-02-01 19:00:00,7633,L:8468:9058:138,7.15,189.0,WESTPORT - WHEELABRATOR BALTIMORE REFUSE 138 KV Line
2013-02-01 19:00:00,10367,L:9747:10285:138,2.3,233.6,JENNINGS LODGE - AGANA 138 KV
2013-03-06 19:00:00,74,X:2797:138:1,48.3,105.2,BLAKESLEE JCT 138/1 kV Transformer Bank
2013-03-06 19:00:00,794,L:5364:5404:138,6.83,189.4,MOTOROLA - W ORANGE 138 KV
2013-03-06 19:00:00,830,L:5373:5777:138,12.79,262.4,BRYANT - CASTO 138 KV L
2013-03-06 19:00:00,2442,L:6022:6023:138,45.51,212.8,CAPE CANAVERAL - HUNTERSTOWN POWER PLANT 138 KV
2013-03-06 19:00:00,3667,L:6605:6632:138,48.58,269.7,DEL BAC - BRADLEY LAKE 138 KV line
2013-03-06 19:00:00,7633,L:8468:9058:138,4.9,189.0,WESTPORT - WHEELABRATOR BALTIMORE REFUSE 138 KV Line
2013-03-06 19:00:00,9096,L:9141:9149:138,23.24,257.2,TIMBERWOLF SUBSTATION - EAST LONGMEADOW 138 KV
2013-03-06 19:00:00,10367,L:9747:10285:138,3.5,233.5,JENNINGS LODGE - AGANA 138 KV
2013-03-06 19:00:00,10421,L:9770:10265:138,6.29,266.0,GEYSERS TAP 2 - WALTHALL 138 KV
2013-04-04 08:00:00,5,L:2601:2722:161,527.05,220.3,GARY WORKS - MOLINO 161 KV
2013-04-04 08:00:00,74,X:2797:138:1,407.92,105.2,BLAKESLEE JCT 138/1 kV Transformer Bank
2013-04-04 08:00:00,769,L:5354:5366:138,2.63,205.5,JET - BELLEVILLE 138 KV
2013-04-04 08:00:00,7633,L:8468:9058:138,12.27,189.0,WESTPORT - WHEELABRATOR BALTIMORE REFUSE 138 KV Line
2013-04-04 08:00:00,10367,L:9747:10285:138,7.27,233.5,JENNINGS LODGE - AGANA 138 KV
2013-04-04 08:00:00,10403,L:9762:9764:138,86.4,186.0,BAYAMON SUBSTATION - KANSAS 138 KV L
2013-05-31 17:00:00,830,L:5373:5777:138,1.04,262.5,BRYANT - CASTO 138 KV L
2013-05-31 17:00:00,2418,L:6013:6014:138,65.61,358.3,PULPGEN - FIVE FALLS 138 KV L
2013-05-31 17:00:00,4893,X:7171:500:345,22.02,1128.0,WALLENPAUPACK 500-345 kV Transformer
2013-05-31 17:00:00,7856,L:8572:8582:138,2.84,289.8,TYHEE - CTR 138 KV
2013-05-31 17:00:00,11409,X:10277:345:138,1.69,315.5,POSSUM POINT 345 kV/138 kV Autotransformer
2013-06-25 16:00:00,4893,X:7171:500:345,41.16,1128.0,WALLENPAUPACK 500-345 kV Transformer
2013-06-25 16:00:00,7856,L:8572:8582:138,1.76,289.8,TYHEE - CTR 138 KV
2013-06-25 16:00:00,8241,L:8747:8863:138,65.12,166.1,BORREGO - BADGER CREEK SUBSTATION 138 KV
2013-06-25 16:00:00,18851,L:22022:22024:230,3.34,617.6,CONCORD - MT. HARRIS 230 KV
2013-07-19 16:00:00,2418,L:6013:6014:138,58.32,358.3,PULPGEN - FIVE FALLS 138 KV L
2013-07-19 16:00:00,3379,L:6457:7119:138,35.64,351.6,BRIDGEPORT - GRISWALD 138 KV
2013-07-19 16:00:00,4893,X:7171:500:345,36.77,1128.0,WALLENPAUPACK 500-345 kV Transformer
2013-07-19 16:00:00,14258,L:18544:18550:138,47.55,209.2,HINTON AP - BETSY LAYNE 138 KV
2013-07-19 16:00:00,18851,L:22022:22024:230,10.61,617.6,CONCORD - MT. HARRIS 230 KV
2013-07-19 16:00:00,19934,L:23006:23505:100,166.27,156.2,CAMANCHE DAM - UNIVERSITY PARK N 100 KV Ckt 2
2013-08-27 18:00:00,2418,L:6013:6014:138,5.29,358.3,PULPGEN - FIVE FALLS 138 KV L
2013-08-27 18:00:00,4893,X:7171:500:345,32.85,1128.0,WALLENPAUPACK 500-345 kV Transformer
2013-08-27 18:00:00,7856,L:8572:8582:138,4.87,289.8,TYHEE - CTR 138 KV
2013-08-27 18:00:00,8865,L:9069:18394:345,15.65,1454.4,WESTROCK SOUTHEAST LLC - RIDGELEY 345 KV
2013-08-27 18:00:00,9096,L:9141:9149:138,5.93,257.2,TIMBERWOLF SUBSTATION - EAST LONGMEADOW 138 KV
2013-08-27 18:00:00,11409,X:10277:345:138,2.03,315.5,POSSUM POINT 345 kV/138 kV Autotransformer
2013-08-27 18:00:00,18851,L:22022:22024:230,21.59,617.6,CONCORD - MT. HARRIS 230 KV
2013-09-11 15:00:00,779,L:5358:5374:138,6.4,260.4,CEDAR GROVE - YAUCO PLAZA 138 KV
2013-09-11 15:00:00,2418,L:6013:6014:138,20.13,358.3,PULPGEN - FIVE FALLS 138 KV L
2013-09-11 15:00:00,4893,X:7171:500:345,30.83,1128.0,WALLENPAUPACK 500-345 kV Transformer
2013-09-11 15:00:00,7856,L:8572:8582:138,1.68,289.8,TYHEE - CTR 138 KV
2013-09-11 15:00:00,8865,L:9069:18394:345,11.15,1454.4,WESTROCK SOUTHEAST LLC - RIDGELEY 345 KV
2013-09-11 15:00:00,18851,L:22022:22024:230,8.98,617.6,CONCORD - MT. HARRIS 230 KV
2013-10-04 17:00:00,794,L:5364:5404:138,36.52,189.4,MOTOROLA - W ORANGE 138 KV
2013-10-04 17:00:00,2418,L:6013:6014:138,80.12,358.3,PULPGEN - FIVE FALLS 138 KV L
2013-10-04 17:00:00,2909,L:6231:6817:138,30.85,210.5,GOLD RIV - SWITCH SUBSTATION 138 KV
2013-10-04 17:00:00,7633,L:8468:9058:138,3.27,189.0,WESTPORT - WHEELABRATOR BALTIMORE REFUSE 138 KV Line
2013-10-04 17:00:00,10403,L:9762:9764:138,38.09,186.0,BAYAMON SUBSTATION - KANSAS 138 KV L
2013-10-04 17:00:00,12976,L:17737:17739:138,173.57,265.4,NORTH RANDOLPH - CAMPO FRESCO 2 138 KV
2013-11-25 19:00:00,5,L:2601:2722:161,324.8,220.3,GARY WORKS - MOLINO 161 KV
2013-11-25 19:00:00,74,X:2797:138:1,276.21,105.2,BLAKESLEE JCT 138/1 kV Transformer Bank
2013-11-25 19:00:00,7633,L:8468:9058:138,9.27,189.0,WESTPORT - WHEELABRATOR BALTIMORE REFUSE 138 KV Line
2013-11-25 19:00:00,10367,L:9747:10285:138,4.49,233.6,JENNINGS LODGE - AGANA 138 KV
2013-12-12 19:00:00,5,L:2601:2722:161,92.43,220.3,GARY WORKS - MOLINO 161 KV
2013-12-12 19:00:00,74,X:2797:138:1,110.7,105.2,BLAKESLEE JCT 138/1 kV Transformer Bank
2013-12-12 19:00:00,794,L:5364:5404:138,5.71,189.4,MOTOROLA - W ORANGE 138 KV
2013-12-12 19:00:00,4893,X:7171:500:345,1.06,1128.0,WALLENPAUPACK 500-345 kV Transformer
2013-12-12 19:00:00,7633,L:8468:9058:138,4.39,189.0,WESTPORT - WHEELABRATOR BALTIMORE REFUSE 138 KV Line
2013-12-12 19:00:00,8219,L:8736:9066:138,34.54,297.8,THURMONT - CALEDONIA SWITCHING YARD 138 KV
2013-12-12 19:00:00,10367,L:9747:10285:138,0.67,233.6,JENNINGS LODGE - AGANA 138 KV
2014-01-07 19:00:00,4893,X:7171:500:345,32.47,1249.6,WALLENPAUPACK 500-345 kV Transformer
2014-01-07 19:00:00,7856,L:8572:8582:138,0.66,295.2,TYHEE - CTR 138 KV
2014-01-07 19:00:00,8241,L:8747:8863:138,30.7,170.8,BORREGO - BADGER CREEK SUBSTATION 138 KV
2014-01-07 19:00:00,12911,L:17673:17676:138,8.65,178.6,LOCUSST - INTERNATIONAL PAPER VICKSBURG MILL 138 KV
2014-02-12 08:00:00,830,L:5373:5777:138,2.66,262.4,BRYANT - CASTO 138 KV L
2014-02-12 08:00:00,4893,X:7171:500:345,22.94,1249.6,WALLENPAUPACK 500-345 kV Transformer
2014-02-12 08:00:00,7633,L:8468:9058:138,2.05,189.0,WESTPORT - WHEELABRATOR BALTIMORE REFUSE 138 KV Line
2014-02-12 08:00:00,8241,L:8747:8863:138,31.97,170.8,BORREGO - BADGER CREEK SUBSTATION 138 KV
2014-02-12 08:00:00,11409,X:10277:345:138,2.04,315.5,POSSUM POINT 345 kV/138 kV Autotransformer
2014-03-03 20:00:00,794,L:5364:5404:138,1.63,189.4,MOTOROLA - W ORANGE 138 KV
2014-03-03 20:00:00,830,L:5373:5777:138,4.39,262.5,BRYANT - CASTO 138 KV L
2014-03-03 20:00:00,4893,X:7171:500:345,21.09,1249.6,WALLENPAUPACK 500-345 kV Transformer
2014-03-03 20:00:00,8241,L:8747:8863:138,35.05,170.8,BORREGO - BADGER CREEK SUBSTATION 138 KV
2014-03-03 20:00:00,11164,L:10147:10148:138,12.0,186.6,CALAVERAS 345 - OTTEN 138 KV
2014-03-03 20:00:00,11409,X:10277:345:138,1.91,315.5,POSSUM POINT 345 kV/138 kV Autotransformer
2014-03-03 20:00:00,16223,L:19470:19472:100,57.49,149.4,VASCO - CAJALCO 100 KV
2014-03-03 20:00:00,18851,L:22022:22024:230,0.62,727.6,CONCORD - MT. HARRIS 230 KV
2014-04-07 20:00:00,5,L:2601:2722:161,511.02,220.3,GARY WORKS - MOLINO 161 KV
2014-04-07 20:00:00,74,X:2797:138:1,417.96,105.6,BLAKESLEE JCT 138/1 kV Transformer Bank
2014-04-07 20:00:00,769,L:5354:5366:138,2.15,205.5,JET - BELLEVILLE 138 KV
2014-04-07 20:00:00,7633,L:8468:9058:138,12.48,189.0,WESTPORT - WHEELABRATOR BALTIMORE REFUSE 138 KV Line
2014-04-07 20:00:00,9096,L:9141:9149:138,31.52,257.2,TIMBERWOLF SUBSTATION - EAST LONGMEADOW 138 KV
2014-04-07 20:00:00,10367,L:9747:10285:138,5.99,233.5,JENNINGS LODGE - AGANA 138 KV
2014-04-07 20:00:00,12880,L:17627:17770:138,26.45,185.0,E DUNKIRK - W ADAMSVILLE 138 KV
2014-04-07 20:00:00,12976,L:17737:17739:138,332.15,266.0,NORTH RANDOLPH - CAMPO FRESCO 2 138 KV
2014-04-07 20:00:00,21448,L:24065:24612:230,24.66,990.9,CADIZ - AMO 230 KV
2014-05-27 17:00:00,74,X:2797:138:1,2.96,105.6,BLAKESLEE JCT 138/1 kV Transformer Bank
2014-05-27 17:00:00,794,L:5364:5404:138,18.32,189.4,MOTOROLA - W ORANGE 138 KV
2014-05-27 17:00:00,830,L:5373:5777:138,6.74,262.5,BRYANT - CASTO 138 KV L
2014-05-27 17:00:00,2418,L:6013:6014:138,28.04,449.2,PULPGEN - FIVE FALLS 138 KV L
2014-05-27 17:00:00,2971,L:6260:6299:138,18.15,190.1,SODA SPRINGS POWER PLANT - HICROSS 138 KV
2014-05-27 17:00:00,4893,X:7171:500:345,15.53,1249.6,WALLENPAUPACK 500-345 kV Transformer
2014-05-27 17:00:00,9096,L:9141:9149:138,63.49,257.2,TIMBERWOLF SUBSTATION - EAST LONGMEADOW 138 KV
2014-05-27 17:00:00,10449,L:9780:9781:138,1.45,186.6,TANNERS LAKE - HARROWGATE 138 KV Line
2014-05-27 17:00:00,11409,X:10277:345:138,5.38,315.5,POSSUM POINT 345 kV/138 kV Autotransformer
2014-05-27 17:00:00,12880,L:17627:17770:138,27.47,185.0,E DUNKIRK - W ADAMSVILLE 138 KV
2014-05-27 17:00:00,12976,L:17737:17739:138,256.5,266.0,NORTH RANDOLPH - CAMPO FRESCO 2 138 KV
2014-05-27 17:00:00,15736,L:19206:19208:100,15.37,153.2,DPC ARGYLE SUBSTATION - ODESSA 100 KV #2
2014-05-27 17:00:00,18851,L:22022:22024:230,14.11,727.6,CONCORD - MT. HARRIS 230 KV
2014-06-18 18:00:00,2416,L:6012:7068:138,62.59,232.2,W RECEIVING - CASKY 138 KV L
2014-06-18 18:00:00,4893,X:7171:500:345,34.9,1249.6,WALLENPAUPACK 500-345 kV Transformer
2014-06-18 18:00:00,8864,L:9069:18127:345,6.52,1570.2,WESTROCK SOUTHEAST LLC - CASON LNE 345 KV line
2014-06-18 18:00:00,9096,L:9141:9149:138,16.23,257.2,TIMBERWOLF SUBSTATION - EAST LONGMEADOW 138 KV
2014-06-18 18:00:00,12880,L:17627:17770:138,37.76,185.0,E DUNKIRK - W ADAMSVILLE 138 KV
2014-06-18 18:00:00,18851,L:22022:22024:230,3.01,727.6,CONCORD - MT. HARRIS 230 KV
2014-07-02 16:00:00,2088,L:5933:8340:138,2.45,257.8,WILLMAR - DELL CITY 138 KV Line
2014-07-02 16:00:00,2416,L:6012:7068:138,46.28,232.2,W RECEIVING - CASKY 138 KV L
2014-07-02 16:00:00,2418,L:6013:6014:138,42.18,449.2,PULPGEN - FIVE FALLS 138 KV L
2014-07-02 16:00:00,4893,X:7171:500:345,43.36,1249.6,WALLENPAUPACK 500-345 kV Transformer
2014-07-02 16:00:00,7113,L:8268:18394:345,8.43,1601.4,DETROIT - RIDGELEY 345 KV
2014-07-02 16:00:00,8241,L:8747:8863:138,35.94,170.8,BORREGO - BADGER CREEK SUBSTATION 138 KV
2014-07-02 16:00:00,12880,L:17627:17770:138,48.93,185.0,E DUNKIRK - W ADAMSVILLE 138 KV
2014-08-27 18:00:00,830,L:5373:5777:138,6.3,262.4,BRYANT - CASTO 138 KV L
2014-08-27 18:00:00,2418,L:6013:6014:138,22.07,449.2,PULPGEN - FIVE FALLS 138 KV L
2014-08-27 18:00:00,4893,X:7171:500:345,27.92,1249.6,WALLENPAUPACK 500-345 kV Transformer
2014-08-27 18:00:00,7856,L:8572:8582:138,1.63,295.2,TYHEE - CTR 138 KV
2014-08-27 18:00:00,8241,L:8747:8863:138,10.0,170.8,BORREGO - BADGER CREEK SUBSTATION 138 KV
2014-08-27 18:00:00,8864,L:9069:18127:345,10.9,1570.2,WESTROCK SOUTHEAST LLC - CASON LNE 345 KV line
2014-08-27 18:00:00,9096,L:9141:9149:138,7.5,257.2,TIMBERWOLF SUBSTATION - EAST LONGMEADOW 138 KV
2014-08-27 18:00:00,18851,L:22022:22024:230,5.58,727.6,CONCORD - MT. HARRIS 230 KV
2014-09-02 17:00:00,4893,X:7171:500:345,39.84,1249.6,WALLENPAUPACK 500-345 kV Transformer
2014-09-02 17:00:00,8241,L:8747:8863:138,97.43,170.8,BORREGO - BADGER CREEK SUBSTATION 138 KV
2014-09-02 17:00:00,8328,L:8807:8832:138,12.94,210.9,BRIGHTON - ACKLEY 138 KV L
2014-09-02 17:00:00,12880,L:17627:17770:138,48.51,185.0,E DUNKIRK - W ADAMSVILLE 138 KV
2014-09-02 17:00:00,18851,L:22022:22024:230,7.95,727.6,CONCORD - MT. HARRIS 230 KV
2014-10-15 20:00:00,5,L:2601:2722:161,502.65,220.3,GARY WORKS - MOLINO 161 KV
2014-10-15 20:00:00,74,X:2797:138:1,412.14,105.6,BLAKESLEE JCT 138/1 kV Transformer Bank
2014-10-15 20:00:00,769,L:5354:5366:138,0.79,205.5,JET - BELLEVILLE 138 KV
2014-10-15 20:00:00,7633,L:8468:9058:138,11.87,189.0,WESTPORT - WHEELABRATOR BALTIMORE REFUSE 138 KV Line
2014-10-15 20:00:00,9096,L:9141:9149:138,55.57,257.2,TIMBERWOLF SUBSTATION - EAST LONGMEADOW 138 KV
2014-10-15 20:00:00,10367,L:9747:10285:138,3.99,233.5,JENNINGS LODGE - AGANA 138 KV
2014-10-15 20:00:00,12880,L:17627:17770:138,49.99,185.0,E DUNKIRK - W ADAMSVILLE 138 KV
2014-10-15 20:00:00,12976,L:17737:17739:138,500.99,266.0,NORTH RANDOLPH - CAMPO FRESCO 2 138 KV
2014-10-15 20:00:00,15758,L:19215:19221:100,41.59,143.4,FAYETTEVILLE S - GIBSONIA SUBSTATION 100 KV
2014-11-18 19:00:00,74,X:2797:138:1,5.43,105.6,BLAKESLEE JCT 138/1 kV Transformer Bank
2014-11-18 19:00:00,794,L:5364:5404:138,15.64,189.4,MOTOROLA - W ORANGE 138 KV
2014-11-18 19:00:00,830,L:5373:5777:138,5.95,262.4,BRYANT - CASTO 138 KV L
2014-11-18 19:00:00,4893,X:7171:500:345,11.53,1249.6,WALLENPAUPACK 500-345 kV Transformer
2014-11-18 19:00:00,7296,L:8317:8328:138,10.78,195.6,KEENEY - MET CENTER 138 KV
2014-11-18 19:00:00,7633,L:8468:9058:138,4.61,189.0,WESTPORT - WHEELABRATOR BALTIMORE REFUSE 138 KV Line
2014-11-18 19:00:00,9096,L:9141:9149:138,35.95,257.2,TIMBERWOLF SUBSTATION - EAST LONGMEADOW 138 KV
2014-11-18 19:00:00,18851,L:22022:22024:230,3.61,727.6,CONCORD - MT. HARRIS 230 KV
2014-12-08 18:00:00,74,X:2797:138:1,3.7,105.6,BLAKESLEE JCT 138/1 kV Transformer Bank
2014-12-08 18:00:00,794,L:5364:5404:138,16.92,189.4,MOTOROLA - W ORANGE 138 KV
2014-12-08 18:00:00,830,L:5373:5777:138,5.76,262.5,BRYANT - CASTO 138 KV L
2014-12-08 18:00:00,2971,L:6260:6299:138,14.81,190.1,SODA SPRINGS POWER PLANT - HICROSS 138 KV
2014-12-08 18:00:00,4893,X:7171:500:345,13.76,1249.6,WALLENPAUPACK 500-345 kV Transformer
2014-12-08 18:00:00,7871,L:8582:8586:138,1.48,293.2,CTR - EAST TOWSON 138 KV
2014-12-08 18:00:00,9096,L:9141:9149:138,54.48,257.2,TIMBERWOLF SUBSTATION - EAST LONGMEADOW 138 KV
2014-12-08 18:00:00,11409,X:10277:345:138,5.24,315.5,POSSUM POINT 345 kV/138 kV Autotransformer
2015-01-07 19:00:00,1628,L:5764:5966:138,9.34,234.7,BREMERTON - W CROSSVILLE 138 KV
2015-01-07 19:00:00,1787,L:5844:6968:345,13.92,1266.0,NESBIT SUBSTATION - SCHOHARIE 345 KV
2015-01-07 19:00:00,7856,L:8572:8582:138,3.69,295.2,TYHEE - CTR 138 KV
2015-01-07 19:00:00,11409,X:10277:345:138,1.83,315.5,POSSUM POINT 345 kV/138 kV Autotransformer
2015-01-07 19:00:00,12613,L:17327:17676:138,11.01,194.7,INTERNATIONAL PAPER VICKSBURG MILL - DEWEY 138 KV
2015-02-20 08:00:00,830,L:5373:5777:138,16.14,262.4,BRYANT - CASTO 138 KV L
2015-02-20 08:00:00,1787,L:5844:6968:345,11.38,1266.0,NESBIT SUBSTATION - SCHOHARIE 345 KV
2015-02-20 08:00:00,7856,L:8572:8582:138,1.82,295.2,TYHEE - CTR 138 KV
2015-02-20 08:00:00,12613,L:17327:17676:138,31.01,194.7,INTERNATIONAL PAPER VICKSBURG MILL - DEWEY 138 KV
2015-02-20 08:00:00,17403,X:19917:100:1,85.05,293.6,W BATESVILLE 100/1 kV TX
2015-03-05 19:00:00,794,L:5364:5404:138,11.55,189.4,MOTOROLA - W ORANGE 138 KV
2015-03-05 19:00:00,830,L:5373:5777:138,12.72,262.4,BRYANT - CASTO 138 KV L
2015-03-05 19:00:00,1787,L:5844:6968:345,13.4,1266.0,NESBIT SUBSTATION - SCHOHARIE 345 KV
2015-03-05 19:00:00,2971,L:6260:6299:138,10.42,190.1,SODA SPRINGS POWER PLANT - HICROSS 138 KV
2015-03-05 19:00:00,7633,L:8468:9058:138,5.78,189.0,WESTPORT - WHEELABRATOR BALTIMORE REFUSE 138 KV Line
2015-03-05 19:00:00,9096,L:9141:9149:138,27.6,317.4,TIMBERWOLF SUBSTATION - EAST LONGMEADOW 138 KV
2015-03-05 19:00:00,11409,X:10277:345:138,4.9,315.5,POSSUM POINT 345 kV/138 kV Autotransformer
2015-04-01 08:00:00,5,L:2601:2722:161,380.84,220.3,GARY WORKS - MOLINO 161 KV
2015-04-01 08:00:00,74,X:2797:138:1,344.14,114.2,BLAKESLEE JCT 138/1 kV Transformer Bank
2015-04-01 08:00:00,851,L:5383:5445:138,3.93,211.3,DIAMOND BAR - BAYONNE MUA- LEITNER-POMA WIND TURBINE 138 KV
2015-04-01 08:00:00,7854,L:8571:8577:138,17.18,264.2,LILAC - COLDSPRING 138 KV
2015-04-01 08:00:00,9062,L:9126:9175:138,29.19,166.9,CROZET - CHURCH 138 KV
2015-04-01 08:00:00,10367,L:9747:10285:138,6.3,233.5,JENNINGS LODGE - AGANA 138 KV
2015-04-01 08:00:00,10403,L:9762:9764:138,36.8,186.0,BAYAMON SUBSTATION - KANSAS 138 KV L
2015-05-28 17:00:00,794,L:5364:5404:138,6.68,189.4,MOTOROLA - W ORANGE 138 KV
2015-05-28 17:00:00,825,L:5372:5374:138,17.13,306.4,LAUREL AVE - YAUCO PLAZA 138 KV Cir. 1
2015-05-28 17:00:00,1787,L:5844:6968:345,17.33,1266.0,NESBIT SUBSTATION - SCHOHARIE 345 KV
2015-05-28 17:00:00,2971,L:6260:6299:138,6.34,190.1,SODA SPRINGS POWER PLANT - HICROSS 138 KV
2015-05-28 17:00:00,9209,L:9196:9654:138,109.69,310.0,LAS MONJAS 1416 - BATH COUNTY 138 KV Line 2
2015-05-28 17:00:00,11409,X:10277:345:138,3.89,315.5,POSSUM POINT 345 kV/138 kV Autotransformer
2015-05-28 17:00:00,18851,L:22022:22024:230,1.0,727.6,CONCORD - MT. HARRIS 230 KV
2015-06-23 17:00:00,830,L:5373:5777:138,1.71,262.5,BRYANT - CASTO 138 KV L
2015-06-23 17:00:00,1787,L:5844:6968:345,36.9,1266.0,NESBIT SUBSTATION - SCHOHARIE 345 KV
2015-06-23 17:00:00,7856,L:8572:8582:138,1.25,295.2,TYHEE - CTR 138 KV
2015-06-23 17:00:00,9096,L:9141:9149:138,44.3,317.4,TIMBERWOLF SUBSTATION - EAST LONGMEADOW 138 KV
2015-06-23 17:00:00,12613,L:17327:17676:138,24.55,194.7,INTERNATIONAL PAPER VICKSBURG MILL - DEWEY 138 KV
2015-06-23 17:00:00,18851,L:22022:22024:230,1.17,727.6,CONCORD - MT. HARRIS 230 KV
2015-07-20 17:00:00,1787,L:5844:6968:345,43.05,1266.0,NESBIT SUBSTATION - SCHOHARIE 345 KV
2015-07-20 17:00:00,9096,L:9141:9149:138,23.85,317.4,TIMBERWOLF SUBSTATION - EAST LONGMEADOW 138 KV
2015-07-20 17:00:00,12613,L:17327:17676:138,39.79,194.7,INTERNATIONAL PAPER VICKSBURG MILL - DEWEY 138 KV
2015-08-17 17:00:00,1787,L:5844:6968:345,33.66,1266.0,NESBIT SUBSTATION - SCHOHARIE 345 KV
2015-08-17 17:00:00,9096,L:9141:9149:138,11.46,317.4,TIMBERWOLF SUBSTATION - EAST LONGMEADOW 138 KV
2015-08-17 17:00:00,12613,L:17327:17676:138,36.78,194.7,INTERNATIONAL PAPER VICKSBURG MILL - DEWEY 138 KV
2015-08-17 17:00:00,18851,L:22022:22024:230,2.4,727.6,CONCORD - MT. HARRIS 230 KV
2015-09-08 17:00:00,1762,L:5833:5846:138,122.0,421.7,TOKIO - JOSE 138 KV
2015-09-08 17:00:00,9096,L:9141:9149:138,23.39,317.4,TIMBERWOLF SUBSTATION - EAST LONGMEADOW 138 KV
2015-09-08 17:00:00,12613,L:17327:17676:138,41.13,194.7,INTERNATIONAL PAPER VICKSBURG MILL - DEWEY 138 KV
2015-09-08 17:00:00,14586,X:18706:230:138,14.73,148.4,DOLLARHIDE 230-138 kV TX
2015-10-19 08:00:00,5,L:2601:2722:161,609.24,220.3,GARY WORKS - MOLINO 161 KV
2015-10-19 08:00:00,74,X:2797:138:1,419.4,114.2,BLAKESLEE JCT 138/1 kV Transformer Bank
2015-10-19 08:00:00,769,L:5354:5366:138,14.5,205.5,JET - BELLEVILLE 138 KV
2015-10-19 08:00:00,7633,L:8468:9058:138,14.1,189.0,WESTPORT - WHEELABRATOR BALTIMORE REFUSE 138 KV Line
2015-10-19 08:00:00,10367,L:9747:10285:138,7.37,233.5,JENNINGS LODGE - AGANA 138 KV
2015-10-19 08:00:00,10403,L:9762:9764:138,256.77,186.0,BAYAMON SUBSTATION - KANSAS 138 KV L
2015-11-23 19:00:00,74,X:2797:138:1,8.74,114.2,BLAKESLEE JCT 138/1 kV Transformer Bank
2015-11-23 19:00:00,794,L:5364:5404:138,18.7,189.4,MOTOROLA - W ORANGE 138 KV
2015-11-23 19:00:00,830,L:5373:5777:138,8.74,262.5,BRYANT - CASTO 138 KV L
2015-11-23 19:00:00,1787,L:5844:6968:345,18.19,1266.0,NESBIT SUBSTATION - SCHOHARIE 345 KV
2015-11-23 19:00:00,7633,L:8468:9058:138,6.23,189.0,WESTPORT - WHEELABRATOR BALTIMORE REFUSE 138 KV Line
2015-11-23 19:00:00,9096,L:9141:9149:138,25.53,317.4,TIMBERWOLF SUBSTATION - EAST LONGMEADOW 138 KV
2015-11-23 19:00:00,10367,L:9747:10285:138,3.57,233.5,JENNINGS LODGE - AGANA 138 KV
2015-11-23 19:00:00,10421,L:9770:10265:138,6.5,266.0,GEYSERS TAP 2 - WALTHALL 138 KV
2015-12-08 19:00:00,5,L:2601:2722:161,374.83,220.3,GARY WORKS - MOLINO 161 KV
2015-12-08 19:00:00,74,X:2797:138:1,323.75,114.2,BLAKESLEE JCT 138/1 kV Transformer Bank
2015-12-08 19:00:00,7633,L:8468:9058:138,11.09,189.0,WESTPORT - WHEELABRATOR BALTIMORE REFUSE 138 KV Line
2015-12-08 19:00:00,9096,L:9141:9149:138,3.44,317.4,TIMBERWOLF SUBSTATION - EAST LONGMEADOW 138 KV
2015-12-08 19:00:00,9804,L:9508:9509:138,5.18,185.5,KINGS - PORTERVILLE 138 KV
2015-12-08 19:00:00,10367,L:9747:10285:138,6.26,233.5,JENNINGS LODGE - AGANA 138 KV
2016-01-19 08:00:00,5,L:2601:2722:161,62.46,220.3,GARY WORKS - MOLINO 161 KV
2016-01-19 08:00:00,794,L:5364:5404:138,6.97,189.4,MOTOROLA - W ORANGE 138 KV
2016-01-19 08:00:00,830,L:5373:5777:138,2.7,262.4,BRYANT - CASTO 138 KV L
2016-01-19 08:00:00,7633,L:8468:9058:138,3.8,189.0,WESTPORT - WHEELABRATOR BALTIMORE REFUSE 138 KV Line
2016-01-19 08:00:00,11409,X:10277:345:138,2.66,315.5,POSSUM POINT 345 kV/138 kV Autotransformer
2016-01-19 08:00:00,16695,L:19602:20114:100,122.24,153.2,WHIRLPOOL CORPORATION - OTTAWA WIND FARM - DEERFIELD 100 KV
2016-02-13 19:00:00,5,L:2601:2722:161,2.97,220.3,GARY WORKS - MOLINO 161 KV
2016-02-13 19:00:00,794,L:5364:5404:138,14.89,189.4,MOTOROLA - W ORANGE 138 KV
2016-02-13 19:00:00,830,L:5373:5777:138,15.92,262.4,BRYANT - CASTO 138 KV L
2016-02-13 19:00:00,2971,L:6260:6299:138,9.0,190.1,SODA SPRINGS POWER PLANT - HICROSS 138 KV
2016-02-13 19:00:00,7633,L:8468:9058:138,5.38,189.0,WESTPORT - WHEELABRATOR BALTIMORE REFUSE 138 KV Line
2016-02-13 19:00:00,11409,X:10277:345:138,4.22,315.5,POSSUM POINT 345 kV/138 kV Autotransformer
2016-02-13 19:00:00,18708,L:21799:21808:100,19.72,145.4,JANES CREEK - HARPER SUBSTATION 100 KV L
2016-03-03 19:00:00,5,L:2601:2722:161,325.81,220.3,GARY WORKS - MOLINO 161 KV
2016-03-03 19:00:00,74,X:2797:138:1,239.52,121.8,BLAKESLEE JCT 138/1 kV Transformer Bank
2016-03-03 19:00:00,7633,L:8468:9058:138,8.95,189.0,WESTPORT - WHEELABRATOR BALTIMORE REFUSE 138 KV Line
2016-03-03 19:00:00,10367,L:9747:10285:138,4.16,233.5,JENNINGS LODGE - AGANA 138 KV
2016-04-06 08:00:00,5,L:2601:2722:161,347.0,220.3,GARY WORKS - MOLINO 161 KV
2016-04-06 08:00:00,74,X:2797:138:1,297.87,121.8,BLAKESLEE JCT 138/1 kV Transformer Bank
2016-04-06 08:00:00,7633,L:8468:9058:138,9.47,189.0,WESTPORT - WHEELABRATOR BALTIMORE REFUSE 138 KV Line
2016-04-06 08:00:00,10367,L:9747:10285:138,4.01,233.5,JENNINGS LODGE - AGANA 138 KV
2016-04-06 08:00:00,10403,L:9762:9764:138,184.77,186.0,BAYAMON SUBSTATION - KANSAS 138 KV L
2016-04-06 08:00:00,11621,L:10358:11099:138,2000.0,243.2,TOLLGATE SUBSTATION - TRWBRIDGE 138 KV L
2016-04-06 08:00:00,11826,X:11099:138:69,2000.0,114.7,TROWBRIDGE 138/69 kV Auto #1
2016-04-06 08:00:00,11827,X:11099:138:69,2000.0,114.7,TROWBRIDGE SUBSTATION 138-69 kV Autotransformer #2
2016-04-06 08:00:00,19776,L:22958:22963:100,2000.0,174.1,TOWER AUTOMOTIVE - HEGEWISCH 100 KV
2016-05-31 18:00:00,794,L:5364:5404:138,16.57,189.4,MOTOROLA - W ORANGE 138 KV
2016-05-31 18:00:00,830,L:5373:5777:138,15.35,262.4,BRYANT - CASTO 138 KV L
2016-05-31 18:00:00,2971,L:6260:6299:138,24.25,190.1,SODA SPRINGS POWER PLANT - HICROSS 138 KV
2016-05-31 18:00:00,4218,L:6968:7171:345,2.49,1324.5,NESBIT - WALLENPAUPACK 345 KV
2016-05-31 18:00:00,7633,L:8468:9058:138,4.22,189.0,WESTPORT - WHEELABRATOR BALTIMORE REFUSE 138 KV Line
2016-05-31 18:00:00,9062,L:9126:9175:138,24.62,166.9,CROZET - CHURCH 138 KV
2016-05-31 18:00:00,11409,X:10277:345:138,4.82,315.5,POSSUM POINT 345 kV/138 kV Autotransformer
2016-06-20 17:00:00,794,L:5364:5404:138,9.0,189.4,MOTOROLA - W ORANGE 138 KV
2016-06-20 17:00:00,830,L:5373:5777:138,12.02,262.5,BRYANT - CASTO 138 KV L
2016-06-20 17:00:00,2971,L:6260:6299:138,1.36,190.1,SODA SPRINGS POWER PLANT - HICROSS 138 KV
2016-06-20 17:00:00,11409,X:10277:345:138,2.75,315.5,POSSUM POINT 345 kV/138 kV Autotransformer
2016-06-20 17:00:00,12910,L:17673:17675:138,2.4,240.8,LOCUSST SUBSTATION - GREENACRES 138 KV
2016-06-20 17:00:00,18851,L:22022:22024:230,2.65,863.9,CONCORD - MT. HARRIS 230 KV
2016-07-25 16:00:00,830,L:5373:5777:138,6.06,262.4,BRYANT - CASTO 138 KV L
2016-07-25 16:00:00,2420,L:6014:7931:138,6.5,621.0,LA CONNER - FIVE FALLS 138 KV L
2016-07-25 16:00:00,4218,L:6968:7171:345,16.89,1324.5,NESBIT - WALLENPAUPACK 345 KV
2016-07-25 16:00:00,12770,L:17569:17570:138,15.84,372.6,DEVILS DEN SUBSTATION - WEST PAINTSVILLE 138 KV
2016-07-25 16:00:00,13674,L:18165:18174:138,5.93,226.5,SURF SUBSTATION - RATCLIFFE 138 KV
2016-07-25 16:00:00,14879,L:18827:19676:230,2.22,358.5,KNOX - AQUALINDA 230 KV
2016-08-12 16:00:00,4218,L:6968:7171:345,35.49,1324.5,NESBIT - WALLENPAUPACK 345 KV
2016-08-12 16:00:00,9863,L:9549:18471:138,12.59,306.5,TUOLUMNE - CIBOLO 138 KV
2016-08-12 16:00:00,12770,L:17569:17570:138,6.52,372.6,DEVILS DEN SUBSTATION - WEST PAINTSVILLE 138 KV
2016-08-12 16:00:00,12910,L:17673:17675:138,26.71,240.8,LOCUSST SUBSTATION - GREENACRES 138 KV
2016-09-08 17:00:00,830,L:5373:5777:138,12.17,262.4,BRYANT - CASTO 138 KV L
2016-09-08 17:00:00,4218,L:6968:7171:345,19.03,1324.5,NESBIT - WALLENPAUPACK 345 KV
2016-09-08 17:00:00,7856,L:8572:8582:138,1.48,323.3,TYHEE - CTR 138 KV
2016-09-08 17:00:00,8372,L:8824:8832:138,0.55,233.6,ACKLEY - PLUESS 138 KV
2016-09-08 17:00:00,11409,X:10277:345:138,0.54,315.5,POSSUM POINT 345 kV/138 kV Autotransformer
2016-09-08 17:00:00,12770,L:17569:17570:138,6.07,372.6,DEVILS DEN SUBSTATION - WEST PAINTSVILLE 138 KV
2016-09-08 17:00:00,12910,L:17673:17675:138,25.82,240.8,LOCUSST SUBSTATION - GREENACRES 138 KV
2016-09-08 17:00:00,18286,L:20994:20997:100,12.94,160.1,WAUNA - LONE PINE 3 SUBSTATION 100 KV Line 1
2016-10-19 17:00:00,5,L:2601:2722:161,327.39,220.3,GARY WORKS - MOLINO 161 KV
2016-10-19 17:00:00,74,X:2797:138:1,258.45,121.8,BLAKESLEE JCT 138/1 kV Transformer Bank
2016-10-19 17:00:00,7633,L:8468:9058:138,9.07,189.0,WESTPORT - WHEELABRATOR BALTIMORE REFUSE 138 KV Line
2016-10-19 17:00:00,10367,L:9747:10285:138,5.55,233.5,JENNINGS LODGE - AGANA 138 KV
2016-11-21 19:00:00,5,L:2601:2722:161,313.33,220.3,GARY WORKS - MOLINO 161 KV
2016-11-21 19:00:00,74,X:2797:138:1,233.58,121.8,BLAKESLEE JCT 138/1 kV Transformer Bank
2016-11-21 19:00:00,7633,L:8468:9058:138,7.04,189.0,WESTPORT - WHEELABRATOR BALTIMORE REFUSE 138 KV Line
2016-11-21 19:00:00,10367,L:9747:10285:138,4.14,233.5,JENNINGS LODGE - AGANA 138 KV
2016-12-15 19:00:00,794,L:5364:5404:138,7.62,189.4,MOTOROLA - W ORANGE 138 KV
2016-12-15 19:00:00,830,L:5373:5777:138,11.24,262.4,BRYANT - CASTO 138 KV L
2016-12-15 19:00:00,7633,L:8468:9058:138,2.12,189.0,WESTPORT - WHEELABRATOR BALTIMORE REFUSE 138 KV Line
2016-12-15 19:00:00,11409,X:10277:345:138,1.82,315.5,POSSUM POINT 345 kV/138 kV Autotransformer
2016-12-15 19:00:00,12770,L:17569:17570:138,6.64,372.6,DEVILS DEN SUBSTATION - WEST PAINTSVILLE 138 KV
2017-01-09 19:00:00,816,L:5370:5371:138,20.98,248.8,WHIPPANY SUBSTATION - GOLDFIELD 138 KV Line
2017-01-09 19:00:00,1631,L:5766:5956:138,9.29,235.7,ROUND VLY - SWITZERLAND 138 KV
2017-01-09 19:00:00,2971,L:6260:6299:138,2.79,190.1,SODA SPRINGS POWER PLANT - HICROSS 138 KV
2017-01-09 19:00:00,7633,L:8468:9058:138,3.13,189.0,WESTPORT - WHEELABRATOR BALTIMORE REFUSE 138 KV Line
2017-01-09 19:00:00,11409,X:10277:345:138,1.78,315.5,POSSUM POINT 345 kV/138 kV Autotransformer
2017-01-09 19:00:00,17833,L:20125:20131:100,163.03,157.7,SAN RAFAEL - DAYTON'S BLUFF 100 KV L
2017-02-09 19:00:00,794,L:5364:5404:138,25.32,189.4,MOTOROLA - W ORANGE 138 KV
2017-02-09 19:00:00,1631,L:5766:5956:138,4.96,235.7,ROUND VLY - SWITZERLAND 138 KV
2017-02-09 19:00:00,7633,L:8468:9058:138,5.54,189.0,WESTPORT - WHEELABRATOR BALTIMORE REFUSE 138 KV Line
2017-02-09 19:00:00,11409,X:10277:345:138,4.4,315.5,POSSUM POINT 345 kV/138 kV Autotransformer
2017-02-09 19:00:00,11826,X:11099:138:69,2000.0,99.0,TROWBRIDGE 138/69 kV Auto #1
2017-03-15 20:00:00,794,L:5364:5404:138,21.81,189.4,MOTOROLA - W ORANGE 138 KV
2017-03-15 20:00:00,976,L:5450:5956:138,5.31,226.1,GRAYLING GENERATING STATION - SWITZERLAND 138 KV
2017-03-15 20:00:00,2971,L:6260:6299:138,15.13,190.1,SODA SPRINGS POWER PLANT - HICROSS 138 KV
2017-03-15 20:00:00,7633,L:8468:9058:138,6.25,189.0,WESTPORT - WHEELABRATOR BALTIMORE REFUSE 138 KV Line
2017-03-15 20:00:00,10367,L:9747:10285:138,0.7,233.6,JENNINGS LODGE - AGANA 138 KV
2017-03-15 20:00:00,11409,X:10277:345:138,5.13,315.5,POSSUM POINT 345 kV/138 kV Autotransformer
2017-03-15 20:00:00,16034,L:19348:19350:100,22.02,143.0,BLUE RACER - MUSKOGEE 100 KV
2017-04-28 18:00:00,5,L:2601:2722:161,343.71,244.1,GARY WORKS - MOLINO 161 KV
2017-04-28 18:00:00,74,X:2797:138:1,300.96,121.8,BLAKESLEE JCT 138/1 kV Transformer Bank
2017-04-28 18:00:00,7633,L:8468:9058:138,11.58,189.0,WESTPORT - WHEELABRATOR BALTIMORE REFUSE 138 KV Line
2017-04-28 18:00:00,10367,L:9747:10285:138,6.48,233.5,JENNINGS LODGE - AGANA 138 KV
2017-04-28 18:00:00,10403,L:9762:9764:138,36.68,186.0,BAYAMON SUBSTATION - KANSAS 138 KV L
2017-05-19 17:00:00,794,L:5364:5404:138,24.83,189.4,MOTOROLA - W ORANGE 138 KV
2017-05-19 17:00:00,1631,L:5766:5956:138,2.16,235.7,ROUND VLY - SWITZERLAND 138 KV
2017-05-19 17:00:00,2971,L:6260:6299:138,8.26,190.1,SODA SPRINGS POWER PLANT - HICROSS 138 KV
2017-05-19 17:00:00,7633,L:8468:9058:138,3.78,189.0,WESTPORT - WHEELABRATOR BALTIMORE REFUSE 138 KV Line
2017-05-19 17:00:00,11409,X:10277:345:138,1.93,315.5,POSSUM POINT 345 kV/138 kV Autotransformer
2017-05-19 17:00:00,13906,L:18309:18310:138,53.83,209.8,AVE 52 - SUB 18310 138 KV
2017-05-19 17:00:00,17109,L:19780:20091:230,5.17,549.8,IMPERIAL - CHAMBERLIN 230 KV
2017-06-13 18:00:00,1776,L:5840:6707:138,125.42,228.8,MILL CTEEK - SALMON CRK 1 138 KV
2017-06-13 18:00:00,8351,L:8816:8824:138,6.32,406.9,PARK AVE - PLUESS 138 KV
2017-06-13 18:00:00,11275,L:10223:10228:138,51.41,310.9,THALIA - SEMINOLE ELECTRIC COOPERATIVE 138 KV Circuit 1
2017-06-13 18:00:00,12873,L:17623:17752:138,0.86,231.8,LESLIE SUBSTATION - SCOTT ST 138 KV
2017-06-13 18:00:00,12880,L:17627:17770:138,13.8,308.5,E DUNKIRK - W ADAMSVILLE 138 KV
2017-06-13 18:00:00,14586,X:18706:230:138,30.12,201.0,DOLLARHIDE 230-138 kV TX
2017-06-13 18:00:00,17243,L:19843:19932:100,30.79,120.8,SHINROCK - N SHORE BEACH 100 KV
2017-07-20 17:00:00,1630,L:5766:5777:138,12.94,288.9,BRYANT - ROUND VLY 138 KV
2017-07-20 17:00:00,13892,X:18299:345:138,4.81,362.0,N PT 345 kV/138 kV Auto
2017-07-20 17:00:00,14126,L:18444:18445:138,40.72,230.8,CHERAW CASH ROAD - ECOELECTRICA 138 KV L
2017-08-22 17:00:00,1630,L:5766:5777:138,16.88,288.9,BRYANT - ROUND VLY 138 KV
2017-08-22 17:00:00,6890,L:8217:8218:138,4.3,289.6,CHOLAME - ARMAWALK SUBSTATION 138 KV
2017-08-22 17:00:00,12865,L:17616:18607:138,13.32,224.1,CURRENT CRK - 40TH ST 138 KV
2017-08-22 17:00:00,12873,L:17623:17752:138,8.53,231.8,LESLIE SUBSTATION - SCOTT ST 138 KV
2017-08-22 17:00:00,14586,X:18706:230:138,48.43,201.0,DOLLARHIDE 230-138 kV TX
2017-09-25 17:00:00,794,L:5364:5404:138,17.49,189.4,MOTOROLA - W ORANGE 138 KV
2017-09-25 17:00:00,1631,L:5766:5956:138,5.64,235.7,ROUND VLY - SWITZERLAND 138 KV
2017-09-25 17:00:00,8343,L:8812:8825:138,10.99,156.9,ALPLA CARIBE SUBSTATION - HOWARD 138 KV Line
2017-09-25 17:00:00,11273,L:10222:10223:138,11.99,234.5,FAYETTE PLANT 2 - THALIA 138 KV Line
2017-09-25 17:00:00,11409,X:10277:345:138,0.96,315.5,POSSUM POINT 345 kV/138 kV Autotransformer
2017-10-10 17:00:00,40,L:2650:5199:138,9.3,226.7,KIRBY - JAMACHA TAP 138 KV
2017-10-10 17:00:00,794,L:5364:5404:138,32.7,189.4,MOTOROLA - W ORANGE 138 KV
2017-10-10 17:00:00,976,L:5450:5956:138,2.27,226.1,GRAYLING GENERATING STATION - SWITZERLAND 138 KV
2017-10-10 17:00:00,2971,L:6260:6299:138,19.83,190.1,SODA SPRINGS POWER PLANT - HICROSS 138 KV
2017-10-10 17:00:00,7633,L:8468:9058:138,6.97,189.0,WESTPORT - WHEELABRATOR BALTIMORE REFUSE 138 KV Line
2017-10-10 17:00:00,10367,L:9747:10285:138,1.3,233.6,JENNINGS LODGE - AGANA 138 KV
2017-10-10 17:00:00,11409,X:10277:345:138,5.93,315.5,POSSUM POINT 345 kV/138 kV Autotransformer
2017-10-10 17:00:00,12824,L:17592:17593:138,8.16,348.5,BULAN - HAZARD 138 KV Circuit 1
2017-11-10 19:00:00,5,L:2601:2722:161,164.05,244.1,GARY WORKS - MOLINO 161 KV
2017-11-10 19:00:00,74,X:2797:138:1,173.6,121.8,BLAKESLEE JCT 138/1 kV Transformer Bank
2017-11-10 19:00:00,7633,L:8468:9058:138,8.51,189.0,WESTPORT - WHEELABRATOR BALTIMORE REFUSE 138 KV Line
2017-11-10 19:00:00,10367,L:9747:10285:138,3.42,233.6,JENNINGS LODGE - AGANA 138 KV
2017-12-28 19:00:00,794,L:5364:5404:138,20.21,189.4,MOTOROLA - W ORANGE 138 KV
2017-12-28 19:00:00,7633,L:8468:9058:138,3.09,189.0,WESTPORT - WHEELABRATOR BALTIMORE REFUSE 138 KV Line
2017-12-28 19:00:00,11409,X:10277:345:138,1.72,315.5,POSSUM POINT 345 kV/138 kV Autotransformer
2018-01-05 19:00:00,830,L:5373:5777:138,4.65,376.4,BRYANT - CASTO 138 KV L
2018-01-05 19:00:00,7856,L:8572:8582:138,0.82,346.0,TYHEE - CTR 138 KV
2018-01-05 19:00:00,9593,L:9383:9385:138,37.51,295.3,MCMINNVILLE - KELIM SUBSTATION 138 KV Line
2018-01-05 19:00:00,12898,L:17657:17659:138,8.45,207.8,WILLOWBROOK - NEW HVEN HARBOR 138 KV
2018-01-05 19:00:00,18852,L:22022:22032:230,16.56,658.6,CONCORD - UNIVERSITY 230 KV #1
2018-02-02 19:00:00,74,X:2797:138:1,19.51,122.0,BLAKESLEE JCT 138/1 kV Transformer Bank
2018-02-02 19:00:00,976,L:5450:5956:138,8.2,275.5,GRAYLING GENERATING STATION - SWITZERLAND 138 KV
2018-02-02 19:00:00,2971,L:6260:6299:138,6.83,190.1,SODA SPRINGS POWER PLANT - HICROSS 138 KV
2018-02-02 19:00:00,11409,X:10277:345:138,4.53,315.5,POSSUM POINT 345 kV/138 kV Autotransformer
2018-02-02 19:00:00,16963,L:19733:19753:100,13.55,149.9,EAGLE EYE - BRIGATANO 100 KV
2018-03-20 20:00:00,40,L:2650:5199:138,38.62,226.7,KIRBY - JAMACHA TAP 138 KV
2018-03-20 20:00:00,74,X:2797:138:1,69.24,122.0,BLAKESLEE JCT 138/1 kV Transformer Bank
2018-03-20 20:00:00,7856,L:8572:8582:138,6.09,346.0,TYHEE - CTR 138 KV
2018-03-20 20:00:00,10367,L:9747:10285:138,4.18,233.5,JENNINGS LODGE - AGANA 138 KV
2018-03-20 20:00:00,11409,X:10277:345:138,8.95,315.5,POSSUM POINT 345 kV/138 kV Autotransformer
2018-04-09 08:00:00,5,L:2601:2722:161,66.72,296.9,GARY WORKS - MOLINO 161 KV
2018-04-09 08:00:00,74,X:2797:138:1,156.48,122.0,BLAKESLEE JCT 138/1 kV Transformer Bank
2018-04-09 08:00:00,371,L:5162:5199:138,5.31,206.2,HILLCREST SOLAR - JAMACHA TAP 138 KV
2018-04-09 08:00:00,7856,L:8572:8582:138,8.01,346.0,TYHEE - CTR 138 KV
2018-04-09 08:00:00,10367,L:9747:10285:138,5.3,233.5,JENNINGS LODGE - AGANA 138 KV
2018-04-09 08:00:00,10403,L:9762:9764:138,37.72,186.0,BAYAMON SUBSTATION - KANSAS 138 KV L
2018-05-29 18:00:00,40,L:2650:5199:138,8.23,226.7,KIRBY - JAMACHA TAP 138 KV
2018-05-29 18:00:00,74,X:2797:138:1,28.0,122.0,BLAKESLEE JCT 138/1 kV Transformer Bank
2018-05-29 18:00:00,976,L:5450:5956:138,2.08,275.5,GRAYLING GENERATING STATION - SWITZERLAND 138 KV
2018-05-29 18:00:00,11409,X:10277:345:138,3.87,315.5,POSSUM POINT 345 kV/138 kV Autotransformer
2018-06-18 17:00:00,976,L:5450:5956:138,0.87,275.5,GRAYLING GENERATING STATION - SWITZERLAND 138 KV
2018-06-18 17:00:00,12828,L:17593:17770:138,18.61,246.0,HAZARD - WEST ADAMSVILLE 138 KV line
2018-06-18 17:00:00,18629,L:21764:21784:100,30.86,117.5,MOREAU - ROSE HILL 100 KV
2018-07-02 18:00:00,830,L:5373:5777:138,13.21,376.4,BRYANT - CASTO 138 KV L
2018-07-02 18:00:00,6890,L:8217:8218:138,34.16,289.6,CHOLAME - ARMAWALK SUBSTATION 138 KV
2018-07-02 18:00:00,12873,L:17623:17752:138,23.66,231.8,LESLIE SUBSTATION - SCOTT ST 138 KV
2018-08-01 18:00:00,976,L:5450:5956:138,7.65,275.5,GRAYLING GENERATING STATION - SWITZERLAND 138 KV
2018-08-01 18:00:00,6863,X:8204:500:345,21.05,554.5,BELLINGHAM COGENERATION FACILITY 500-345 kV Autotransformer
2018-08-01 18:00:00,11409,X:10277:345:138,1.02,315.5,POSSUM POINT 345 kV/138 kV Autotransformer
2018-08-01 18:00:00,12873,L:17623:17752:138,21.85,231.8,LESLIE SUBSTATION - SCOTT ST 138 KV
2018-08-01 18:00:00,13932,L:18327:18328:138,6.52,306.2,NAVY-1 - BARATARIA 138 KV L
2016-01-19 08:00:00,976,L:5450:5956:138,7.58,275.5,GRAYLING GENERATING STATION - SWITZERLAND 138 KV
2016-01-19 08:00:00,11409,X:10277:345:138,2.62,315.5,POSSUM POINT 345 kV/138 kV Autotransformer
2016-01-19 08:00:00,18708,L:21799:21808:100,44.35,145.4,JANES CREEK - HARPER SUBSTATION 100 KV L
2016-02-13 19:00:00,976,L:5450:5956:138,7.55,275.5,GRAYLING GENERATING STATION - SWITZERLAND 138 KV
2016-02-13 19:00:00,11409,X:10277:345:138,3.09,315.5,POSSUM POINT 345 kV/138 kV Autotransformer
2016-02-13 19:00:00,18708,L:21799:21808:100,59.64,145.4,JANES CREEK - HARPER SUBSTATION 100 KV L
2016-03-03 19:00:00,74,X:2797:138:1,43.52,122.0,BLAKESLEE JCT 138/1 kV Transformer Bank
2016-03-03 19:00:00,976,L:5450:5956:138,11.97,275.5,GRAYLING GENERATING STATION - SWITZERLAND 138 KV
2016-03-03 19:00:00,7563,L:8436:8866:138,5.24,193.9,BIG STONE S - POMERADO 138 KV L
2016-04-06 08:00:00,40,L:2650:5199:138,34.67,226.7,KIRBY - JAMACHA TAP 138 KV
2016-04-06 08:00:00,74,X:2797:138:1,76.67,122.0,BLAKESLEE JCT 138/1 kV Transformer Bank
2016-04-06 08:00:00,10403,L:9762:9764:138,38.11,186.0,BAYAMON SUBSTATION - KANSAS 138 KV L
2016-04-06 08:00:00,16684,L:19595:19623:100,66.18,135.6,CENTERVILLE SW - FROSTKRAFT 100 KV L
2016-05-31 18:00:00,976,L:5450:5956:138,11.78,275.5,GRAYLING GENERATING STATION - SWITZERLAND 138 KV
2016-05-31 18:00:00,2971,L:6260:6299:138,12.8,190.1,SODA SPRINGS POWER PLANT - HICROSS 138 KV
2016-05-31 18:00:00,11409,X:10277:345:138,4.97,315.5,POSSUM POINT 345 kV/138 kV Autotransformer
2016-06-20 17:00:00,976,L:5450:5956:138,8.0,275.5,GRAYLING GENERATING STATION - SWITZERLAND 138 KV
2016-06-20 17:00:00,9186,L:9180:9438:138,15.26,234.3,MCKAMY - GROTTOES 138 KV
2016-06-20 17:00:00,9199,L:9188:9190:138,7.81,242.6,ELLIS HYDRO - VERONA 138 KV
2016-06-20 17:00:00,11409,X:10277:345:138,1.45,315.5,POSSUM POINT 345 kV/138 kV Autotransformer
2016-07-25 16:00:00,17077,L:19771:20279:100,30.01,129.6,CLEVELAND THERMAL - ANETH 100 KV
2016-08-12 16:00:00,8216,L:8734:8749:138,5.95,247.7,JONESBORO SPA - WISSOTA SUBSTATION 138 KV
2016-08-12 16:00:00,12870,L:17620:17621:138,10.83,282.3,MANIS RD - NICKAJACK DAM 138 KV
2016-08-12 16:00:00,14670,L:18737:18843:100,218.95,148.5,MODEL CITY ENEGY FACILITY - WAGLEY ROBERTSON 100 KV line
2016-09-08 17:00:00,976,L:5450:5956:138,1.0,275.5,GRAYLING GENERATING STATION - SWITZERLAND 138 KV
2016-09-08 17:00:00,12870,L:17620:17621:138,0.55,282.3,MANIS RD - NICKAJACK DAM 138 KV
2016-09-08 17:00:00,18288,L:20994:22597:100,6.44,156.4,WAUNA - DELTONA 100 KV
2016-10-19 17:00:00,40,L:2650:5199:138,40.2,226.7,KIRBY - JAMACHA TAP 138 KV
2016-10-19 17:00:00,74,X:2797:138:1,65.71,122.0,BLAKESLEE JCT 138/1 kV Transformer Bank
2016-10-19 17:00:00,10403,L:9762:9764:138,38.08,186.0,BAYAMON SUBSTATION - KANSAS 138 KV L
2016-11-21 19:00:00,74,X:2797:138:1,88.46,122.0,BLAKESLEE JCT 138/1 kV Transformer Bank
2016-12-15 19:00:00,976,L:5450:5956:138,6.37,275.5,GRAYLING GENERATING STATION - SWITZERLAND 138 KV
2016-12-15 19:00:00,11409,X:10277:345:138,1.05,315.5,POSSUM POINT 345 kV/138 kV Autotransformer
2016-12-15 19:00:00,15719,L:19199:19204:100,3.81,218.7,CALIFORNIA AVE SUBSTATION - WALNUT CITY 100 KV #2
2016-12-15 19:00:00,18852,L:22022:22032:230,1.38,667.7,CONCORD - UNIVERSITY 230 KV #1
2016-01-19 08:00:00,976,L:5450:5956:138,6.2,301.0,GRAYLING GENERATING STATION - SWITZERLAND 138 KV
2016-01-19 08:00:00,11409,X:10277:345:138,2.81,315.5,POSSUM POINT 345 kV/138 kV Autotransformer
2016-01-19 08:00:00,18708,L:21799:21808:100,56.03,150.2,JANES CREEK - HARPER SUBSTATION 100 KV L
2016-02-13 19:00:00,976,L:5450:5956:138,6.46,301.0,GRAYLING GENERATING STATION - SWITZERLAND 138 KV
2016-02-13 19:00:00,11409,X:10277:345:138,3.01,315.5,POSSUM POINT 345 kV/138 kV Autotransformer
2016-02-13 19:00:00,18708,L:21799:21808:100,64.68,150.2,JANES CREEK - HARPER SUBSTATION 100 KV L
2016-03-03 19:00:00,74,X:2797:138:1,103.7,122.0,BLAKESLEE JCT 138/1 kV Transformer Bank
2016-04-06 08:00:00,40,L:2650:5199:138,18.14,226.7,KIRBY - JAMACHA TAP 138 KV
2016-04-06 08:00:00,74,X:2797:138:1,106.91,122.0,BLAKESLEE JCT 138/1 kV Transformer Bank
2016-04-06 08:00:00,18708,L:21799:21808:100,18.04,150.2,JANES CREEK - HARPER SUBSTATION 100 KV L
2016-05-31 18:00:00,976,L:5450:5956:138,9.73,301.0,GRAYLING GENERATING STATION - SWITZERLAND 138 KV
2016-05-31 18:00:00,2971,L:6260:6299:138,5.46,190.1,SODA SPRINGS POWER PLANT - HICROSS 138 KV
2016-05-31 18:00:00,11409,X:10277:345:138,2.55,315.5,POSSUM POINT 345 kV/138 kV Autotransformer
2016-05-31 18:00:00,14055,X:18394:345:138,16.11,862.6,RIDGELEY 345-138 kV TX
2016-08-12 16:00:00,2820,L:6194:6739:138,8.47,155.5,EASTERN-MARCONI - CHANNEL ISLAND 138 KV Line
2016-08-12 16:00:00,18708,L:21799:21808:100,50.81,150.2,JANES CREEK - HARPER SUBSTATION 100 KV L
2016-09-08 17:00:00,17836,L:20127:20128:100,86.0,144.6,TELKWA - RATHDRUM 100 KV
2016-10-19 17:00:00,40,L:2650:5199:138,38.22,226.7,KIRBY - JAMACHA TAP 138 KV
2016-10-19 17:00:00,74,X:2797:138:1,89.93,122.0,BLAKESLEE JCT 138/1 kV Transformer Bank
2016-10-19 17:00:00,2971,L:6260:6299:138,36.69,190.1,SODA SPRINGS POWER PLANT - HICROSS 138 KV
2016-10-19 17:00:00,7856,L:8572:8582:138,4.95,407.3,TYHEE - CTR 138 KV
2016-11-21 19:00:00,74,X:2797:138:1,83.83,122.0,BLAKESLEE JCT 138/1 kV Transformer Bank
2016-12-15 19:00:00,976,L:5450:5956:138,2.34,301.0,GRAYLING GENERATING STATION - SWITZERLAND 138 KV
2016-12-15 19:00:00,7605,L:8456:8817:138,0.85,224.4,RUBICON - HUNTERS PT 138 KV
2016-12-15 19:00:00,7856,L:8572:8582:138,1.94,407.3,TYHEE - CTR 138 KV
2016-12-15 19:00:00,11409,X:10277:345:138,0.5,315.5,POSSUM POINT 345 kV/138 kV Autotransformer
2016-12-15 19:00:00,18708,L:21799:21808:100,30.06,150.2,JANES CREEK - HARPER SUBSTATION 100 KV L
2016-01-19 08:00:00,40,L:2650:5199:138,8.54,230.9,KIRBY - JAMACHA TAP 138 KV
2016-01-19 08:00:00,11409,X:10277:345:138,2.33,315.5,POSSUM POINT 345 kV/138 kV Autotransformer
2016-01-19 08:00:00,16695,L:19602:20114:100,46.01,182.3,WHIRLPOOL CORPORATION - OTTAWA WIND FARM - DEERFIELD 100 KV
2016-01-19 08:00:00,20705,L:23333:23338:100,33.76,145.6,INVENERGY NELSON EXPANSION LLC - VINELAND 100 KV L
2016-02-13 19:00:00,40,L:2650:5199:138,7.67,230.9,KIRBY - JAMACHA TAP 138 KV
2016-02-13 19:00:00,74,X:2797:138:1,7.29,128.4,BLAKESLEE JCT 138/1 kV Transformer Bank
2016-02-13 19:00:00,11409,X:10277:345:138,2.49,315.5,POSSUM POINT 345 kV/138 kV Autotransformer
2016-02-13 19:00:00,18708,L:21799:21808:100,51.73,184.6,JANES CREEK - HARPER SUBSTATION 100 KV L
2016-03-03 19:00:00,29,L:2634:2940:161,190.21,203.2,BERGEN - HVDC B2B STATION HUDSON 161 KV
2016-03-03 19:00:00,74,X:2797:138:1,104.09,128.4,BLAKESLEE JCT 138/1 kV Transformer Bank
2016-03-03 19:00:00,7856,L:8572:8582:138,1.93,407.3,TYHEE - CTR 138 KV
2016-03-03 19:00:00,11409,X:10277:345:138,7.63,315.5,POSSUM POINT 345 kV/138 kV Autotransformer
2016-04-06 08:00:00,40,L:2650:5199:138,37.93,230.9,KIRBY - JAMACHA TAP 138 KV
2016-04-06 08:00:00,74,X:2797:138:1,64.31,128.4,BLAKESLEE JCT 138/1 kV Transformer Bank
2016-05-31 18:00:00,40,L:2650:5199:138,21.36,230.9,KIRBY - JAMACHA TAP 138 KV
2016-05-31 18:00:00,74,X:2797:138:1,14.93,128.4,BLAKESLEE JCT 138/1 kV Transformer Bank
2016-05-31 18:00:00,2971,L:6260:6299:138,4.85,190.1,SODA SPRINGS POWER PLANT - HICROSS 138 KV
2016-05-31 18:00:00,11409,X:10277:345:138,4.11,315.5,POSSUM POINT 345 kV/138 kV Autotransformer
2016-06-20 17:00:00,40,L:2650:5199:138,1.35,230.9,KIRBY - JAMACHA TAP 138 KV
2016-06-20 17:00:00,11409,X:10277:345:138,1.06,315.5,POSSUM POINT 345 kV/138 kV Autotransformer
2016-08-12 16:00:00,17490,L:19957:19958:100,68.59,148.1,W MEDINA - RYAN 100 KV
2016-10-19 17:00:00,40,L:2650:5199:138,13.51,230.9,KIRBY - JAMACHA TAP 138 KV
2016-10-19 17:00:00,74,X:2797:138:1,75.47,128.4,BLAKESLEE JCT 138/1 kV Transformer Bank
2016-10-19 17:00:00,2971,L:6260:6299:138,17.79,190.1,SODA SPRINGS POWER PLANT - HICROSS 138 KV
2016-10-19 17:00:00,7605,L:8456:8817:138,6.6,224.4,RUBICON - HUNTERS PT 138 KV
2016-10-19 17:00:00,11409,X:10277:345:138,9.28,315.5,POSSUM POINT 345 kV/138 kV Autotransformer
2016-11-21 19:00:00,40,L:2650:5199:138,30.39,230.9,KIRBY - JAMACHA TAP 138 KV
2016-11-21 19:00:00,74,X:2797:138:1,56.9,128.4,BLAKESLEE JCT 138/1 kV Transformer Bank
2016-11-21 19:00:00,7856,L:8572:8582:138,8.1,407.3,TYHEE - CTR 138 KV
2016-11-21 19:00:00,11409,X:10277:345:138,6.7,315.5,POSSUM POINT 345 kV/138 kV Autotransformer
2016-01-19 08:00:00,40,L:2650:5199:138,4.66,230.9,KIRBY - JAMACHA TAP 138 KV
2016-01-19 08:00:00,11409,X:10277:345:138,1.63,315.5,POSSUM POINT 345 kV/138 kV Autotransformer
2016-01-19 08:00:00,18717,L:21807:21812:100,44.41,118.8,CARMEL HILL - WOODBURN 100 KV Line
2016-02-13 19:00:00,40,L:2650:5199:138,2.63,230.9,KIRBY - JAMACHA TAP 138 KV
2016-02-13 19:00:00,11409,X:10277:345:138,1.25,315.5,POSSUM POINT 345 kV/138 kV Autotransformer
2016-02-13 19:00:00,18860,L:22025:22028:100,40.99,231.8,SHAWBORO - HUNTINGDON DISTRICT 100 KV
2016-03-03 19:00:00,40,L:2650:5199:138,24.08,230.9,KIRBY - JAMACHA TAP 138 KV
2016-03-03 19:00:00,74,X:2797:138:1,40.4,140.9,BLAKESLEE JCT 138/1 kV Transformer Bank
2016-03-03 19:00:00,11409,X:10277:345:138,6.36,315.5,POSSUM POINT 345 kV/138 kV Autotransformer
2016-04-06 08:00:00,40,L:2650:5199:138,36.74,230.9,KIRBY - JAMACHA TAP 138 KV
2016-04-06 08:00:00,74,X:2797:138:1,56.43,140.9,BLAKESLEE JCT 138/1 kV Transformer Bank
2016-04-06 08:00:00,7856,L:8572:8582:138,4.87,412.1,TYHEE - CTR 138 KV
2016-04-06 08:00:00,11409,X:10277:345:138,8.45,315.5,POSSUM POINT 345 kV/138 kV Autotransformer
2016-05-31 18:00:00,40,L:2650:5199:138,23.33,230.9,KIRBY - JAMACHA TAP 138 KV
2016-05-31 18:00:00,11409,X:10277:345:138,2.9,315.5,POSSUM POINT 345 kV/138 kV Autotransformer
2016-06-20 17:00:00,7856,L:8572:8582:138,1.31,412.1,TYHEE - CTR 138 KV
2016-08-12 16:00:00,13268,L:17947:17959:138,8.75,265.1,NAPAVINE - MURPHY 138 KV line
2016-08-12 16:00:00,14485,L:18688:18699:345,9.27,1099.0,FIRSTENERGY FT MARTIN POWER STATION - HASSAYAMPA TAP 345 KV line
2016-08-12 16:00:00,18860,L:22025:22028:100,2.23,231.8,SHAWBORO - HUNTINGDON DISTRICT 100 KV
2016-09-08 17:00:00,17707,L:20061:20281:100,1.55,144.8,KEYSTONE HTS ELECTRICAL - LAKE CATHERINE 100 KV
2016-10-19 17:00:00,5,L:2601:2722:161,63.95,299.7,GARY WORKS - MOLINO 161 KV
2016-10-19 17:00:00,86,X:2921:138:1,71.64,100.1,S. MACON 138 kV/1 kV Auto
2016-10-19 17:00:00,7856,L:8572:8582:138,8.99,412.1,TYHEE - CTR 138 KV
2016-10-19 17:00:00,11409,X:10277:345:138,7.1,315.5,POSSUM POINT 345 kV/138 kV Autotransformer
2016-11-21 19:00:00,5,L:2601:2722:161,31.62,299.7,GARY WORKS - MOLINO 161 KV
2016-11-21 19:00:00,40,L:2650:5199:138,35.75,230.9,KIRBY - JAMACHA TAP 138 KV
2016-11-21 19:00:00,7856,L:8572:8582:138,0.66,412.1,TYHEE - CTR 138 KV
2016-11-21 19:00:00,11409,X:10277:345:138,6.07,315.5,POSSUM POINT 345 kV/138 kV Autotransformer
2016-01-19 08:00:00,40,L:2650:5199:138,2.95,230.9,KIRBY - JAMACHA TAP 138 KV
2016-01-19 08:00:00,11409,X:10277:345:138,1.31,315.5,POSSUM POINT 345 kV/138 kV Autotransformer
2016-01-19 08:00:00,18717,L:21807:21812:100,60.35,124.4,CARMEL HILL - WOODBURN 100 KV Line
2016-02-13 19:00:00,40,L:2650:5199:138,17.59,230.9,KIRBY - JAMACHA TAP 138 KV
2016-02-13 19:00:00,11409,X:10277:345:138,1.27,315.5,POSSUM POINT 345 kV/138 kV Autotransformer
2016-02-13 19:00:00,15865,L:19270:19271:100,8.57,138.8,PLASTER - CHEROKEE COUNTY COGEN 100 KV
2016-02-13 19:00:00,18865,L:22027:22028:100,6.46,303.9,HUNTINGDON DISTRICT - LEHMA 100 KV
2016-03-03 19:00:00,40,L:2650:5199:138,31.36,230.9,KIRBY - JAMACHA TAP 138 KV
2016-03-03 19:00:00,11409,X:10277:345:138,6.09,315.5,POSSUM POINT 345 kV/138 kV Autotransformer
2016-04-06 08:00:00,40,L:2650:5199:138,50.21,230.9,KIRBY - JAMACHA TAP 138 KV
2016-04-06 08:00:00,7856,L:8572:8582:138,3.56,446.0,TYHEE - CTR 138 KV
2016-04-06 08:00:00,11409,X:10277:345:138,7.97,315.5,POSSUM POINT 345 kV/138 kV Autotransformer
2016-05-31 18:00:00,40,L:2650:5199:138,19.78,230.9,KIRBY - JAMACHA TAP 138 KV
2016-05-31 18:00:00,2971,L:6260:6299:138,8.93,190.1,SODA SPRINGS POWER PLANT - HICROSS 138 KV
2016-05-31 18:00:00,11409,X:10277:345:138,3.23,315.5,POSSUM POINT 345 kV/138 kV Autotransformer
2016-06-20 17:00:00,40,L:2650:5199:138,14.7,230.9,KIRBY - JAMACHA TAP 138 KV
2016-06-20 17:00:00,7856,L:8572:8582:138,1.41,446.0,TYHEE - CTR 138 KV
2016-06-20 17:00:00,11409,X:10277:345:138,1.85,315.5,POSSUM POINT 345 kV/138 kV Autotransformer
2016-07-25 16:00:00,17153,L:19804:19963:100,87.87,181.1,BELLOWS FALLS - GODPASTURE 100 KV L
2016-08-12 16:00:00,7518,L:8417:8513:138,16.1,234.5,WESTHAVEN - VIADUCT AVENUE 138 KV L
2016-08-12 16:00:00,17490,L:19957:19958:100,58.49,165.7,W MEDINA - RYAN 100 KV
2016-09-08 17:00:00,786,L:5361:5792:138,19.84,231.7,JEFFERIES STATION - DARBY 138 KV line
2016-09-08 17:00:00,17455,L:19941:19943:100,154.14,196.7,GILSTRAP - CALERA T.S 100 KV Line 2
2016-10-19 17:00:00,40,L:2650:5199:138,47.95,230.9,KIRBY - JAMACHA TAP 138 KV
2016-10-19 17:00:00,7856,L:8572:8582:138,2.82,446.0,TYHEE - CTR 138 KV
2016-10-19 17:00:00,11409,X:10277:345:138,5.94,315.5,POSSUM POINT 345 kV/138 kV Autotransformer
2016-11-21 19:00:00,40,L:2650:5199:138,28.78,230.9,KIRBY - JAMACHA TAP 138 KV
2016-11-21 19:00:00,2971,L:6260:6299:138,15.45,190.1,SODA SPRINGS POWER PLANT - HICROSS 138 KV
2016-11-21 19:00:00,7856,L:8572:8582:138,0.7,446.0,TYHEE - CTR 138 KV
2016-11-21 19:00:00,11409,X:10277:345:138,6.08,315.5,POSSUM POINT 345 kV/138 kV Autotransformer
2016-01-19 08:00:00,40,L:2650:5199:138,6.58,230.9,KIRBY - JAMACHA TAP 138 KV
2016-01-19 08:00:00,7604,L:8456:8511:138,6.42,235.1,RUBICON - GRANT HILL 138 KV
2016-01-19 08:00:00,11409,X:10277:345:138,1.92,419.4,POSSUM POINT 345 kV/138 kV Autotransformer
2016-01-19 08:00:00,18717,L:21807:21812:100,121.28,124.4,CARMEL HILL - WOODBURN 100 KV Line
2016-02-13 19:00:00,11409,X:10277:345:138,0.52,419.4,POSSUM POINT 345 kV/138 kV Autotransformer
2016-02-13 19:00:00,18717,L:21807:21812:100,81.89,124.4,CARMEL HILL - WOODBURN 100 KV Line
2016-03-03 19:00:00,40,L:2650:5199:138,30.15,230.9,KIRBY - JAMACHA TAP 138 KV
2016-04-06 08:00:00,40,L:2650:5199:138,49.3,230.9,KIRBY - JAMACHA TAP 138 KV
2016-04-06 08:00:00,7856,L:8572:8582:138,0.98,483.1,TYHEE - CTR 138 KV
2016-05-31 18:00:00,40,L:2650:5199:138,24.54,230.9,KIRBY - JAMACHA TAP 138 KV
2016-05-31 18:00:00,2971,L:6260:6299:138,6.96,190.1,SODA SPRINGS POWER PLANT - HICROSS 138 KV
2016-05-31 18:00:00,11409,X:10277:345:138,2.9,419.4,POSSUM POINT 345 kV/138 kV Autotransformer
2016-05-31 18:00:00,18717,L:21807:21812:100,10.25,124.4,CARMEL HILL - WOODBURN 100 KV Line
2016-06-20 17:00:00,40,L:2650:5199:138,11.88,230.9,KIRBY - JAMACHA TAP 138 KV
2016-08-12 16:00:00,2438,L:6020:8620:138,15.72,278.6,USSC - ROTARY PARK 138 KV
2016-08-12 16:00:00,17801,L:20098:20105:100,4.0,137.2,SUB 20105 - MT. VERNON 100 KV
2016-08-12 16:00:00,18717,L:21807:21812:100,112.68,124.4,CARMEL HILL - WOODBURN 100 KV Line
2016-10-19 17:00:00,40,L:2650:5199:138,38.31,230.9,KIRBY - JAMACHA TAP 138 KV
2016-10-19 17:00:00,7922,L:8614:8632:138,15.24,280.2,WHITEHURST - OLIVER DAM 138 KV L
2016-10-19 17:00:00,18717,L:21807:21812:100,20.7,124.4,CARMEL HILL - WOODBURN 100 KV Line
2016-11-21 19:00:00,40,L:2650:5199:138,30.4,230.9,KIRBY - JAMACHA TAP 138 KV
2016-01-19 08:00:00,1645,L:5771:5793:138,6.79,255.5,WOLF CREEK GENERATOR - W CALDWELL 138 KV
2016-01-19 08:00:00,11409,X:10277:345:138,2.43,419.4,POSSUM POINT 345 kV/138 kV Autotransformer
2016-01-19 08:00:00,14809,L:18799:19591:100,239.54,158.0,HAMILTON PEAKING - HARMON 100 KV L
2016-01-19 08:00:00,18583,L:21749:21751:100,26.69,96.4,WESTGATE - VISCHER FERRY 100 KV L
2016-01-19 08:00:00,21464,X:24080:230:100,239.25,134.9,PAUL D. JOHNSON 230-100 kV Autotransformer
2016-02-13 19:00:00,11409,X:10277:345:138,0.67,419.4,POSSUM POINT 345 kV/138 kV Autotransformer
2016-02-13 19:00:00,14903,L:18837:19385:100,16.22,104.6,TOMBALL - ROCK ISLAND 100 KV line
2016-02-13 19:00:00,15170,L:18945:18946:100,4.27,132.7,REC BRADFORD - LONGVIEW 100 KV
2016-02-13 19:00:00,15865,L:19270:19271:100,26.04,159.2,PLASTER - CHEROKEE COUNTY COGEN 100 KV
2016-02-13 19:00:00,18692,L:21788:21792:100,67.93,111.4,TONASKET - MULDOON MILL 100 KV
2016-03-03 19:00:00,2971,L:6260:6299:138,15.35,190.1,SODA SPRINGS POWER PLANT - HICROSS 138 KV
2016-04-06 08:00:00,370,L:5162:5168:138,31.04,229.4,HILLCREST SOLAR - NEW MILFORD 138 KV L
2016-05-31 18:00:00,11409,X:10277:345:138,3.05,419.4,POSSUM POINT 345 kV/138 kV Autotransformer
2016-05-31 18:00:00,17488,L:19955:19957:100,13.3,138.8,MINTOSH - WEST MEDINA 100 KV
2016-06-20 17:00:00,11409,X:10277:345:138,1.8,419.4,POSSUM POINT 345 kV/138 kV Autotransformer
2016-06-20 17:00:00,19739,L:22946:23473:100,167.37,174.5,RIVERSIDE GA - RBBINS COMMUNITY POWER LLC 100 KV Circuit 2
2016-07-25 16:00:00,15198,L:18955:18959:100,39.17,154.3,UNION RIDGE - WAUNETA 100 KV
2016-08-12 16:00:00,17490,L:19957:19958:100,125.47,183.9,W MEDINA - RYAN 100 KV
2016-10-19 17:00:00,370,L:5162:5168:138,25.89,229.4,HILLCREST SOLAR - NEW MILFORD 138 KV L
2016-10-19 17:00:00,7856,L:8572:8582:138,3.41,483.1,TYHEE - CTR 138 KV
2016-11-21 19:00:00,2971,L:6260:6299:138,15.06,190.1,SODA SPRINGS POWER PLANT - HICROSS 138 KV
2016-12-15 19:00:00,16033,L:19348:19349:100,86.24,193.8,BLUE RACER - ARCO WESTERN ENERGY 100 KV
