ref,footprint,x_mm,y_mm,rotation_deg,side
R70,0201-R,70.075,80.925,180,bottom
U4,QFN64-9X9,77.750,83.805,0,bottom
R77,0201-R,77.825,85.925,0,top
C18,0201-C,60.075,59.675,180,bottom
R53,0201-R,87.575,64.925,0,top
R8,0201-R,86.575,86.675,0,bottom
R98,0201-R,63.325,76.425,0,top
R12,0201-R,65.825,59.175,0,bottom
R65,0201-R,92.325,92.175,180,top
C28,0201-C,78.325,77.925,0,bottom
R60,0201-R,86.075,88.925,0,top
C43,0201-C,74.825,93.425,0,bottom
R91,0201-R,68.325,77.425,180,top
R27,0201-R,84.825,84.675,180,bottom
R84,0201-R,58.325,65.925,0,top
R85,0201-R,54.325,59.175,0,bottom
Q4,SOT23-5,57.172,65.100,180,bottom
U16,WQFN20,62.200,84.550,180,bottom
R37,0201-R,55.325,65.925,180,top
R63,0201-R,92.575,56.675,180,bottom
R72,0201-R,66.575,74.925,180,top
R26,0201-R,78.325,76.425,180,bottom
LED2,CHIPLED,92.700,53.700,0,bottom
LED11,SOT23-3,55.200,56.550,180,bottom
U8,TDFN8_2X3MC_MCH,56.799,72.484,0,bottom
C25,0201-C,62.325,73.175,0,top
C22,0201-C,65.825,57.675,0,bottom
R67,0201-R,71.325,67.175,0,top
C47,0201-C,75.825,94.925,0,bottom
U14,WQFN20,72.700,57.800,180,bottom
R124,0201-R,67.325,64.175,0,top
R25,0201-R,86.825,84.175,180,bottom
R55,0201-R,88.825,59.425,0,top
Q5,SOT23-5,57.172,60.600,0,bottom
J3,DX07S024XJ1R1100,58.850,79.600,270,top
R107,0201-R,52.575,75.175,0,bottom
LED9,CHIPLED,78.200,91.450,0,bottom
Q8,SOT23-5,68.672,58.100,180,bottom
R42,0201-R,52.325,59.675,0,bottom
LED4,CHIPLED,88.200,54.200,180,bottom
R47,0201-R,76.575,78.175,180,top
R68,0201-R,68.075,80.425,180,bottom
C51,0603-C,75.050,96.800,0,bottom
R6,0201-R,76.825,79.675,0,top
C26,0201-C,73.825,94.925,0,bottom
C20,0603-C,81.050,90.300,0,bottom
U3,LQFP-100_14x14,68.220,69.530,0,bottom
R116,0201-R,71.075,70.925,0,top
L8,CHOKE-3.2X2.5,73.525,75.700,0,top
R46,0201-R,81.075,68.925,180,bottom
R1,0201-R,82.075,62.675,0,top
R43,0201-R,61.825,51.425,180,bottom
C7,0201-C,81.575,82.175,0,top
C24,0201-C,68.575,83.675,0,bottom
R106,0201-R,57.825,67.925,0,top
C27,0201-C,89.075,85.925,0,bottom
R81,0201-R,67.075,62.675,0,top
R45,0201-R,87.825,82.675,0,bottom
R64,0201-R,88.575,55.175,0,top
C32,0201-C,80.325,77.925,0,bottom
C53,0603-C,69.550,96.800,0,bottom
R105,0201-R,68.075,61.175,180,top
C1,0603-C,60.800,95.050,0,bottom
J1,DCJACK_PJ063AH,62.000,91.500,270,top
R30,0201-R,79.325,67.425,180,bottom
C33,0201-C,79.575,82.175,180,top
R103,0201-R,52.075,57.175,180,bottom
R16,0201-R,67.325,72.675,0,top
C50,0603-C,78.800,92.550,0,top
R122,0201-R,52.075,76.675,0,bottom
R44,0201-R,88.075,88.925,0,top
R80,0201-R,52.075,78.175,180,bottom
R101,0201-R,55.825,67.425,0,top
R7,0201-R,89.575,88.925,180,bottom
R121,0201-R,71.325,64.425,0,top
U10,SOT23-5,88.422,60.350,180,bottom
BH2,M2_BOLT,83.100,93.900,0,top
R102,0201-R,52.075,79.675,180,bottom
R92,0201-R,69.325,72.675,0,top
R52,0201-R,87.575,57.175,180,bottom
R15,0201-R,69.325,74.175,0,top
C3,0603-C,91.800,64.550,0,bottom
U15,WQFN20,66.950,87.050,180,bottom
R90,0201-R,65.575,81.175,0,bottom
L4,0806,60.500,80.196,180,bottom
R48,0201-R,84.075,62.675,0,top
R94,0201-R,78.325,63.175,0,bottom
R33,0201-R,53.325,65.925,0,top
R69,0201-R,59.075,86.425,0,bottom
R108,0201-R,54.575,68.925,0,top
Y2,XTAL-3.2X2.5,74.800,90.850,0,bottom
C46,0201-C,72.325,97.175,0,bottom
LED6,CHIPLED,87.200,67.450,180,bottom
LED1,CREE-RGB-CLMVC,55.270,82.130,0,bottom
LED3,CHIPLED,90.450,55.200,180,bottom
J4,2X04,82.830,72.710,0,top
Q7,SOT23-5,62.922,58.100,0,bottom
LED8,CHIPLED,92.450,86.200,180,bottom
R89,0201-R,53.825,67.425,0,top
BH1,M2_BOLT,88.100,93.900,0,top
R71,0201-R,81.075,65.675,180,bottom
C40,0201-C,77.575,82.175,0,top
C6,0201-C,89.075,64.425,0,bottom
R40,0201-R,64.325,72.675,180,top
R10,0201-R,84.575,97.175,0,bottom
C37,0201-C,74.575,78.175,0,top
R76,0201-R,81.575,97.175,0,bottom
BH4,M2_BOLT,90.850,73.150,0,top
J6,USB-C-FEMALE-VERT-GCT,81.808,66.550,0,top
R20,0201-R,68.575,75.675,180,top
C48,0201-C,61.575,96.925,0,bottom
R73,0201-R,66.325,76.425,180,top
C44,0201-C,86.575,97.175,0,bottom
U5,TDFN8_2X3MC_MCH,77.549,58.984,0,bottom
C41,0201-C,81.575,85.925,0,top
R79,0201-R,52.075,55.675,180,bottom
R13,0201-R,71.325,72.925,0,top
C9,0201-C,88.575,90.675,180,bottom
D1,DO-214AA(SMB),70.040,93.220,180,top
Q9,SOT23-5,68.672,53.600,180,bottom
R66,0201-R,73.825,79.675,180,top
R5,0201-R,86.325,64.175,0,bottom
R93,0201-R,64.575,74.175,0,top
LED5,CHIPLED,93.450,95.200,0,bottom
R78,0201-R,52.575,81.175,180,bottom
R38,0201-R,57.325,71.675,180,top
LED13,SOT23-3,53.200,62.300,180,bottom
LED7,CHIPLED,94.450,71.200,180,bottom
C14,0201-C,78.325,61.675,0,bottom
U11,SOT23-5,84.672,57.600,0,bottom
R100,0201-R,61.575,74.675,0,top
R17,0201-R,63.325,79.425,0,bottom
R61,0201-R,90.825,90.675,0,top
R118,0201-R,80.325,61.175,0,bottom
C30,0201-C,62.325,79.675,0,top
C38,0201-C,59.575,97.175,0,bottom
R36,0201-R,54.575,70.675,180,top
R119,0201-R,80.825,59.175,0,bottom
R32,0201-R,93.075,84.675,0,top
LED15,SOT23-3,52.200,66.050,180,bottom
LED10,SOT23-3,64.950,91.450,0,bottom
R34,0201-R,52.075,54.175,0,bottom
C19,0603-C,79.550,84.050,0,top
R24,0201-R,76.825,83.675,180,top
C23,0201-C,58.075,95.175,0,bottom
J2,0472192001,51.225,51.316,180,top
R51,0201-R,86.075,62.675,0,top
U12,SOT23-5,92.422,90.600,180,bottom
LED17,SOT23-3,64.700,54.050,180,bottom
C49,0201-C,57.575,96.675,0,bottom
C15,0603-C,59.050,52.800,180,bottom
R82,0201-R,62.075,81.175,0,top
R99,0201-R,71.575,51.675,180,bottom
R19,0201-R,62.325,77.925,0,top
BH3,M2_BOLT,90.850,68.150,0,top
C45,0201-C,56.075,94.425,0,bottom
R96,0201-R,60.325,72.675,0,top
Q2,SOT23-5,58.672,89.350,0,bottom
R123,0201-R,73.575,51.675,180,bottom
R58,0201-R,87.825,57.675,0,top
LED14,SOT23-3,55.200,52.800,180,bottom
R62,0201-R,90.575,52.175,0,bottom
R56,0201-R,85.075,61.175,0,top
R54,0201-R,83.825,66.175,0,bottom
R9,0201-R,84.575,97.175,0,top
R104,0201-R,65.825,51.425,180,bottom
R114,0201-R,62.325,82.675,0,top
C13,0603-C,79.550,80.300,0,top
L2,L-1008,85.200,89.800,0,bottom
R39,0201-R,52.575,82.675,180,bottom
L3,0603-L,52.300,69.267,0,bottom
R2,0201-R,68.075,85.175,180,top
R75,0201-R,87.825,76.425,0,bottom
C12,0603-C,58.800,92.800,0,bottom
Q1,PP-1212-8,64.987,95.850,0,bottom
R83,0201-R,61.575,84.175,180,top
C36,0201-C,86.575,81.175,180,bottom
R59,0201-R,84.075,88.925,0,top
R120,0201-R,80.825,57.675,0,bottom
L7,CHOKE-3.2X2.5,74.775,68.700,0,top
R57,0201-R,83.075,61.175,0,top
C17,0201-C,63.825,51.425,0,bottom
R49,0201-R,75.575,81.175,180,top
C29,0201-C,91.325,83.175,0,bottom
C34,0201-C,82.075,88.925,0,top
U6,TDFN8_2X3MC_MCH,77.549,56.234,0,bottom
R97,0201-R,59.075,84.675,0,bottom
R111,0201-R,69.075,59.425,0,top
R3,0201-R,94.325,68.175,0,bottom
R115,0201-R,65.575,85.175,0,top
C11,0201-C,93.825,83.175,0,bottom
R110,0201-R,68.575,57.925,180,top
C10,0201-C,88.575,97.175,0,bottom
R112,0201-R,67.825,56.425,0,top
R31,0201-R,91.325,77.675,0,bottom
U9,SOT23-5,92.172,59.600,180,bottom
SW1,EVQ-Q2,64.750,68.500,0,top
R21,0201-R,58.325,73.425,0,top
R35,0201-R,80.825,56.175,180,bottom
C2,0201-C,74.825,82.675,0,top
R29,0201-R,89.325,78.425,180,bottom
C42,0201-C,93.075,76.925,0,top
R88,0201-R,52.075,52.675,0,bottom
J8,USB-C-FEMALE-VERT-GCT,87.308,78.800,0,top
C5,0201-C,93.075,78.425,0,top
R113,0201-R,80.325,54.175,0,bottom
R86,0201-R,56.325,73.175,0,top
C21,0603-C,57.300,69.800,180,top
R23,0201-R,55.825,89.175,0,bottom
L5,CHOKE-3.2X2.5,74.775,65.200,0,top
LED16,SOT23-3,77.200,53.050,180,bottom
R14,0201-R,69.325,64.425,0,top
Q3,SOT23-5,59.172,56.100,0,bottom
C52,0603-C,62.300,88.550,0,bottom
R4,0201-R,91.325,62.675,180,bottom
C8,0603-C,79.300,77.800,0,top
L1,L-1008,83.950,61.550,180,bottom
R95,0201-R,70.075,85.175,0,top
C4,0201-C,93.325,62.675,180,bottom
R50,0201-R,88.075,63.425,0,top
R109,0201-R,80.325,62.675,0,bottom
R117,0201-R,69.325,62.925,0,top
C35,0201-C,93.325,76.675,180,bottom
LED12,SOT23-3,52.200,72.550,180,bottom
R28,0201-R,74.825,84.175,0,top
C16,0201-C,52.575,84.175,180,bottom
U2,SOT23-6,78.672,95.650,180,bottom
U1,SOT23-6,85.173,53.400,0,bottom
R22,0201-R,65.575,86.675,0,top
J5,USB-C-FEMALE-VERT-GCT,68.058,81.300,0,top
Y1,XTAL-3.2X2.5,56.550,69.300,180,bottom
R125,0201-R,80.325,52.675,180,bottom
U13,WQFN20,69.977,92.300,0,bottom
R74,0201-R,93.075,79.925,0,top
R87,0201-R,51.825,85.675,0,bottom
J7,USB-C-FEMALE-VERT-GCT,87.308,85.050,0,top
R18,0201-R,71.325,62.925,0,top
Q6,SOT23-5,54.922,78.100,0,bottom
C31,0201-C,54.075,94.425,0,bottom
U7,TDFN8_2X3MC_MCH,72.799,53.734,0,bottom
C39,0201-C,67.575,86.675,0,top
R41,0201-R,51.825,87.175,180,bottom
D2,SOD-123F,70.946,87.325,0,bottom
L6,CHOKE-3.2X2.5,75.025,72.200,0,top
