project_id,n_cand,n_label,n_label_in_cand
Q11-0004,800,5,4
Q11-0006,800,25,21
Q11-0034,800,24,23
Q11-0003,800,0,0
Q11-0011,800,4,2
Q11-0005,800,0,0
Q11-0026,800,20,6
Q11-0044,800,0,0
Q11-0072,800,2,2
Q11-0090,800,13,11
Q11-0013,800,23,23
Q11-0054,800,9,9
Q11-0055,800,5,5
Q12-0097,800,5,5
Q11-0062,800,6,0
Q12-0107,800,21,17
Q11-0069,800,25,25
Q12-0111,800,2,1
Q11-0061,800,3,2
Q11-0039,800,14,14
Q12-0106,800,16,12
Q11-0076,800,2,0
Q12-0142,800,1,1
Q12-0095,800,2,0
Q12-0157,800,9,9
Q12-0098,800,0,0
Q12-0131,467,8,4
Q12-0141,800,1,1
Q12-0167,800,20,18
Q13-0198,800,17,2
Q12-0110,800,25,17
Q12-0147,800,25,21
Q12-0164,800,25,25
Q12-0186,800,25,22
Q12-0099,800,5,4
Q13-0208,800,25,11
Q12-0120,800,0,0
Q12-0145,800,25,22
Q13-0222,800,2,1
Q12-0130,800,25,24
Q13-0224,800,0,0
Q12-0159,800,13,10
Q13-0205,800,5,5
Q12-0135,800,25,25
Q13-0207,800,0,0
Q13-0282,800,3,0
Q13-0193,800,4,3
Q12-0181,800,0,0
Q13-0214,800,6,5
Q13-0288,800,22,20
Q13-0221,800,1,1
Q13-0256,539,0,0
Q14-0320,800,4,0
Q13-0194,800,0,0
Q13-0212,800,2,2
Q13-0297,800,4,4
Q13-0215,800,11,8
Q13-0213,800,19,18
Q13-0249,800,20,19
Q13-0298,800,25,24
Q14-0329,800,0,0
Q13-0230,800,19,17
Q13-0280,668,0,0
Q13-0244,800,0,0
Q14-0328,800,0,0
Q13-0283,800,5,4
Q13-0248,800,5,5
Q13-0290,800,13,13
Q14-0363,459,25,13
Q13-0250,800,15,15
Q14-0301,800,3,3
Q14-0355,800,21,16
Q14-0303,800,25,25
Q14-0366,800,25,25
Q14-0377,800,5,0
Q13-0295,800,5,5
Q14-0354,800,2,2
Q14-0396,800,11,10
Q13-0300,800,8,7
Q14-0390,800,12,11
Q14-0346,800,9,9
Q14-0416,800,2,0
Q14-0353,800,7,6
Q14-0406,800,0,0
Q15-0447,800,0,0
Q14-0358,800,0,0
Q14-0342,800,0,0
Q14-0407,800,8,8
Q15-0462,800,24,18
Q14-0397,800,24,24
Q14-0337,800,25,24
Q14-0386,800,0,0
Q15-0474,800,0,0
Q14-0371,800,21,20
Q15-0488,800,19,18
Q14-0393,800,1,1
Q15-0448,800,20,20
Q15-0517,800,17,12
Q15-0466,323,5,4
Q15-0485,800,23,22
Q15-0431,800,6,1
Q15-0487,800,25,23
Q14-0401,800,3,3
Q14-0417,800,13,13
Q15-0453,800,8,7
Q15-0498,800,25,25
Q16-0562,800,25,25
Q14-0409,800,25,22
Q15-0481,800,4,4
Q15-0553,800,7,0
Q15-0463,800,0,0
Q15-0516,800,8,8
Q15-0434,800,13,3
Q15-0529,800,1,0
Q16-0585,800,0,0
Q15-0443,800,6,3
Q15-0467,800,0,0
Q15-0512,563,7,7
Q15-0558,800,25,21
Q15-0461,800,0,0
Q16-0623,800,1,1
Q15-0548,800,11,1
Q16-0651,800,34,28
Q15-0504,800,20,19
Q15-0534,800,3,3
Q16-0603,800,17,16
Q16-0657,800,1,1
Q15-0508,800,25,20
Q16-0564,800,4,4
Q16-0666,800,1,1
Q15-0521,800,3,3
Q16-0621,800,4,3
Q16-0683,800,1,1
Q15-0525,800,21,19
Q16-0612,800,0,0
Q16-0665,800,13,12
Q16-0706,800,0,0
Q15-0542,800,10,10
Q16-0641,800,0,0
Q16-0574,800,17,17
Q16-0635,800,7,7
Q17-0725,800,25,25
Q16-0592,800,0,0
Q16-0610,800,4,4
Q16-0667,800,18,17
Q15-0559,800,20,12
Q16-0673,800,3,0
Q17-0735,800,22,22
Q16-0659,800,1,1
Q16-0696,800,21,16
Q17-0754,800,9,9
Q16-0615,800,0,0
Q16-0642,800,3,3
Q16-0704,800,2,2
Q16-0611,800,0,0
Q17-0832,800,25,0
Q16-0646,800,6,6
Q17-0750,800,8,7
Q17-0814,800,21,21
Q16-0663,800,6,6
Q17-0757,800,3,3
Q17-0815,800,3,1
Q17-0866,800,7,5
Q16-0679,800,0,0
Q16-0703,800,0,0
Q17-0753,800,25,19
Q17-0777,800,25,24
Q17-0858,800,11,11
Q16-0670,800,7,6
Q17-0727,800,25,19
Q17-0850,800,12,12
Q16-0708,800,25,24
Q17-0751,800,11,10
Q17-0799,800,24,2
Q17-0844,800,6,5
Q16-0719,800,0,0
Q17-0745,800,8,8
Q17-0854,800,1,1
Q17-0816,800,0,0
Q17-0838,800,0,0
Q16-0720,800,1,0
Q17-0809,800,35,33
Q17-0845,800,2,2
Q18-0960,800,5,5
Q17-0740,800,1,1
Q17-0882,800,25,25
Q17-0810,800,0,0
Q17-0847,800,11,10
Q18-0930,800,0,0
Q17-0765,800,18,16
Q17-0789,800,17,16
Q17-0861,800,4,3
Q17-0896,800,17,17
Q18-0931,800,5,5
Q18-0977,800,12,12
Q17-0892,800,1,1
Q18-0934,800,4,4
Q18-0995,800,21,21
Q17-0804,800,9,9
Q17-0868,800,5,5
Q18-0981,800,1,1
Q17-0812,800,18,16
Q17-0836,800,5,5
Q17-0902,800,14,13
Q18-0971,800,0,0
Q17-0864,800,0,0
Q18-0936,800,4,4
Q18-0996,800,3,3
Q18-1070,800,20,19
Q18-0914,800,0,0
Q18-1074,800,3,3
Q18-0938,800,12,11
Q18-0972,800,11,10
Q18-1069,800,25,24
Q18-0915,800,0,0
Q18-0965,800,28,25
Q18-1012,800,8,8
Q18-1072,800,5,5
Q17-0891,800,18,18
Q18-0978,800,7,7
Q18-1059,800,0,0
Q18-1105,800,0,0
Q18-0912,800,0,0
Q18-1009,800,0,0
Q18-1053,800,2,2
Q19-1139,800,20,12
Q18-0937,800,2,0
Q18-0982,800,13,10
Q18-1043,800,22,22
Q18-1097,800,25,25
Q19-1200,800,22,20
Q18-0969,800,0,0
Q18-1017,800,0,0
Q18-1046,800,13,13
Q18-1112,800,25,23
Q19-1173,800,4,4
Q18-0956,800,7,6
Q18-1005,800,0,0
Q18-1061,800,6,5
Q19-1161,800,3,3
Q19-1201,800,1,1
Q19-1230,800,6,5
Q18-1064,800,5,5
Q19-1157,800,1,1
Q19-1238,800,11,11
Q18-1076,800,5,5
Q19-1180,800,0,0
Q19-1229,800,25,22
Q18-1089,800,0,0
Q18-1127,800,5,5
Q19-1164,800,25,25
Q19-1242,800,1,1
Q18-1018,800,12,11
Q18-1037,800,0,0
Q18-1078,800,0,0
Q19-1163,800,25,25
Q19-1199,800,24,23
Q18-1024,800,7,7
Q18-1116,800,1,1
Q19-1160,800,18,17
Q19-1219,800,2,2
Q19-1306,800,16,15
Q18-1109,800,0,0
Q19-1136,800,2,2
Q19-1177,800,10,9
Q19-1234,800,1,0
Q19-1282,800,2,2
Q18-1077,800,10,9
Q19-1144,800,10,9
Q19-1232,800,0,0
Q19-1276,800,0,0
Q19-1323,800,7,7
Q19-1335,800,8,8
Q19-1133,800,0,0
Q19-1207,800,0,0
Q19-1277,800,16,16
Q20-1381,800,9,9
Q18-1114,800,0,0
Q18-1129,800,4,4
Q19-1218,800,1,1
Q19-1251,800,0,0
Q19-1343,800,0,0
Q20-1428,800,25,22
Q19-1256,800,0,0
Q19-1300,800,0,0
Q19-1354,800,9,9
Q20-1423,800,6,6
Q19-1189,800,0,0
Q19-1283,800,1,1
Q20-1397,800,1,1
Q19-1166,800,0,0
Q19-1226,800,0,0
Q19-1278,800,0,0
Q19-1329,800,6,5
Q19-1365,800,4,4
Q20-1421,800,3,3
Q20-1480,800,6,6
Q19-1224,800,2,2
Q19-1310,800,6,6
Q19-1348,800,0,0
Q20-1401,800,4,4
Q20-1426,800,7,7
Q20-1443,800,6,6
Q19-1239,800,0,0
Q19-1352,800,4,4
Q20-1455,800,1,1
Q20-1493,800,3,3
Q19-1254,800,6,6
Q19-1291,800,1,1
Q19-1360,800,0,0
Q20-1391,800,0,0
Q20-1465,800,6,6
Q20-1534,800,5,5
Q19-1288,800,25,25
Q19-1358,800,5,5
Q20-1439,800,18,17
Q20-1511,800,0,0
Q20-1558,800,0,0
Q19-1294,800,0,0
Q20-1377,800,2,2
Q20-1417,800,8,8
Q20-1544,800,26,26
Q19-1308,800,2,2
Q20-1418,800,15,14
Q20-1527,800,0,0
Q20-1539,800,25,19
Q20-1584,800,2,2
Q20-1615,800,2,0
Q20-1415,800,17,17
Q20-1572,800,0,0
Q20-1616,800,0,0
Q19-1340,800,0,0
Q20-1380,800,3,3
Q20-1459,800,0,0
Q20-1570,800,3,3
Q20-1617,800,2,2
Q20-1383,800,0,0
Q20-1448,800,4,4
Q20-1546,800,5,3
Q21-1666,800,13,11
Q20-1393,800,2,2
Q20-1440,800,12,12
Q20-1490,800,3,3
Q20-1561,575,10,10
Q20-1608,800,0,0
Q21-1662,800,1,1
Q20-1419,800,1,1
Q20-1502,800,4,4
Q20-1557,800,24,24
Q21-1644,800,0,0
Q21-1671,800,25,25
Q21-1740,800,3,3
Q20-1467,800,0,0
Q20-1497,800,18,18
Q20-1549,800,5,4
Q21-1659,800,2,1
Q21-1694,800,8,8
Q21-1743,772,1,1
Q20-1494,800,1,1
Q20-1541,800,8,8
Q20-1592,800,1,1
Q21-1700,800,8,8
Q20-1471,800,7,5
Q20-1509,800,9,9
Q20-1581,800,11,11
Q20-1640,800,6,6
Q21-1751,800,5,5
Q21-1785,800,10,10
Q21-1836,800,6,6
Q20-1492,800,0,0
Q20-1565,800,13,13
Q21-1680,800,25,24
Q21-1761,800,5,2
Q20-1512,800,0,0
Q20-1586,800,8,8
Q21-1653,800,0,0
Q21-1718,800,0,0
Q21-1745,800,0,0
Q21-1806,800,10,10
Q20-1545,800,2,2
Q20-1630,800,1,1
Q21-1658,603,6,5
Q21-1820,443,23,20
Q21-1904,800,25,22
Q20-1542,800,25,24
Q20-1619,800,0,0
Q21-1684,800,0,0
Q21-1727,800,8,7
Q21-1741,800,0,0
Q21-1789,800,25,24
Q21-1842,800,3,3
Q21-1912,800,13,12
Q20-1638,800,0,0
Q21-1695,800,0,0
Q21-1833,800,13,12
Q21-1903,800,27,23
Q21-1922,800,6,6
Q21-1968,800,2,2
Q20-1622,800,5,5
Q21-1664,800,0,0
Q21-1749,800,4,4
Q21-1808,800,0,0
Q21-1847,800,0,0
Q21-1891,800,10,5
Q21-1967,800,5,5
Q21-1705,800,0,0
Q21-1837,800,5,5
Q21-1880,800,12,12
Q21-1953,800,5,5
Q21-1647,800,0,0
Q21-1710,800,9,9
Q21-1775,800,15,14
Q21-1857,800,2,2
Q21-1911,800,2,0
Q21-1649,800,12,12
Q21-1717,800,2,0
Q21-1809,800,1,1
Q21-1850,800,0,0
Q21-1896,800,6,6
Q21-1961,800,2,2
Q22-2031,800,0,0
Q22-2063,800,20,20
Q21-1747,800,0,0
Q21-1821,800,2,1
Q22-1988,800,16,16
Q22-2076,800,2,2
Q22-2108,800,3,2
Q21-1711,788,11,10
Q21-1803,800,0,0
Q21-1841,280,5,5
Q21-1888,800,8,8
Q21-1936,800,0,0
Q22-2017,800,0,0
Q22-2067,800,1,1
Q21-1750,800,0,0
Q21-1816,800,8,8
Q21-1887,800,0,0
Q21-1954,800,16,16
Q22-1996,800,7,5
Q22-2091,800,15,14
Q21-1783,800,1,1
Q21-1844,800,0,0
Q21-1878,800,0,0
Q21-1932,800,0,0
Q22-1971,800,20,20
Q22-2134,800,3,3
Q21-1799,800,3,3
Q21-1879,800,5,5
Q21-1949,800,0,0
Q22-2049,800,0,0
Q22-2084,800,1,1
Q22-2137,800,2,1
Q21-1832,800,9,9
Q21-1956,800,6,6
Q22-1985,800,0,0
Q22-2154,800,2,2
Q22-2199,800,0,0
Q21-1913,800,7,7
Q22-1999,355,14,13
Q22-2052,800,2,2
Q22-2117,800,4,4
Q22-2172,800,0,0
Q22-2234,800,9,7
Q22-1989,800,6,5
Q22-2023,800,0,0
Q22-2053,800,23,22
Q22-2128,800,0,0
Q22-2184,800,3,2
Q22-2260,800,4,4
Q22-2002,800,3,3
Q22-2123,800,0,0
Q22-2174,800,5,5
Q22-2231,800,3,3
Q22-2249,800,0,0
Q21-1939,800,0,0
Q22-2022,800,0,0
Q22-2118,800,4,3
Q23-2273,800,10,10
Q22-2050,800,1,1
Q22-2070,800,16,16
Q22-2147,800,0,0
Q22-2193,800,2,2
Q22-2232,800,1,1
Q23-2271,800,7,5
Q22-2029,800,7,6
Q22-2104,800,2,2
Q22-2145,800,1,1
Q22-2173,800,1,1
Q23-2286,800,0,0
Q22-2048,800,1,1
Q22-2098,772,3,3
Q23-2291,800,4,4
Q22-2085,800,0,0
Q22-2165,800,0,0
Q23-2299,800,0,0
Q23-2325,800,0,0
Q22-2142,800,1,1
Q22-2270,800,8,8
Q22-2105,800,2,2
Q22-2220,800,0,0
Q23-2276,800,0,0
Q22-2148,800,1,1
Q23-2281,800,0,0
Q22-2159,800,3,3
Q22-2207,800,14,14
Q22-2245,800,0,0
Q23-2313,800,0,0
Q22-2169,800,0,0
Q22-2246,800,0,0
Q23-2274,800,4,3
Q23-2318,800,8,7
Q23-2353,800,0,0
Q23-2285,800,0,0
Q22-2230,800,1,1
Q22-2264,800,0,0
Q23-2340,800,0,0
Q22-2267,800,0,0
Q23-2361,254,25,23
Q23-2294,800,10,10
Q23-2351,800,17,13
Q24-2385,800,23,22
Q23-2288,800,0,0
Q24-2416,800,0,0
Q23-2310,800,0,0
Q24-2419,800,0,0
Q24-2371,800,21,19
Q24-2380,800,3,3
Q23-2330,800,10,10
Q24-2405,800,6,4
Q23-2327,800,0,0
Q24-2412,800,1,1
Q24-2433,800,2,2
Q23-2341,800,0,0
Q23-2369,800,0,0
Q24-2404,800,2,1
Q23-2333,800,26,26
Q24-2402,800,6,6
Q23-2346,800,8,6
Q24-2393,800,0,0
Q24-2482,800,13,11
Q23-2359,800,1,1
Q24-2475,800,0,0
Q11-0001,800,16,12
Q11-0017,800,0,0
Q11-0019,800,10,10
Q11-0016,800,25,21
Q11-0033,800,0,0
Q11-0009,800,4,4
Q11-0035,800,8,8
Q11-0082,800,12,11
Q11-0073,800,10,5
Q12-0096,264,8,1
Q11-0015,800,9,8
Q11-0021,800,5,0
Q11-0064,800,1,1
Q11-0025,800,4,4
Q11-0074,800,19,18
Q11-0028,800,1,1
Q11-0088,800,7,6
Q12-0112,800,17,16
Q12-0094,800,0,0
Q11-0057,800,4,3
Q12-0118,800,5,3
Q12-0103,800,0,0
Q11-0048,800,2,2
Q12-0132,800,2,2
Q12-0161,800,9,8
Q12-0100,800,1,1
Q12-0182,800,25,25
Q12-0155,800,8,2
Q12-0170,800,11,11
Q11-0084,800,12,2
Q12-0119,800,21,0
Q12-0152,800,37,27
Q12-0174,800,13,9
Q12-0187,800,11,5
Q12-0128,800,3,3
Q13-0223,800,11,5
Q12-0129,800,25,18
Q12-0169,800,3,0
Q13-0243,800,25,0
Q12-0133,800,19,17
Q13-0254,800,19,19
Q12-0162,800,4,4
Q13-0209,800,27,25
Q12-0143,800,21,19
Q13-0261,800,1,1
Q12-0156,800,25,25
Q13-0251,800,10,8
Q12-0185,800,6,6
Q13-0216,800,1,1
Q13-0220,800,1,1
Q13-0236,800,5,1
Q13-0269,800,10,10
Q12-0179,800,10,8
Q13-0197,800,25,23
Q13-0228,800,25,25
Q14-0312,800,5,5
Q13-0218,800,22,20
Q13-0219,800,3,2
Q13-0267,800,0,0
Q14-0306,800,14,13
Q14-0334,800,10,10
Q13-0238,800,0,0
Q13-0293,800,0,0
Q13-0265,800,0,0
Q13-0233,800,3,2
Q13-0292,800,0,0
Q13-0270,800,0,0
Q14-0325,800,10,10
Q14-0369,800,1,1
Q13-0252,800,2,1
Q14-0305,800,25,23
Q14-0379,800,16,7
Q14-0314,800,28,26
Q14-0370,430,11,11
Q14-0384,800,10,9
Q13-0296,800,0,0
Q13-0291,800,0,0
Q14-0404,800,17,15
Q14-0331,800,0,0
Q14-0302,800,0,0
Q14-0347,800,0,0
Q14-0304,800,8,8
Q14-0367,800,25,24
Q15-0426,800,14,14
Q15-0452,800,3,3
Q15-0424,800,6,5
Q14-0364,800,0,0
Q14-0411,800,15,15
Q15-0475,800,25,23
Q14-0402,800,5,5
Q14-0343,800,25,25
Q14-0410,800,8,7
Q15-0484,800,6,4
Q14-0398,800,25,18
Q14-0365,800,5,5
Q15-0425,800,13,6
Q15-0477,800,21,19
Q14-0403,800,14,13
Q15-0540,800,15,15
Q15-0489,800,22,22
Q15-0435,800,25,25
Q15-0494,800,24,3
Q14-0412,711,1,1
Q15-0433,800,1,0
Q15-0458,800,0,0
Q15-0499,800,0,0
Q16-0570,800,10,10
Q14-0415,800,0,0
Q15-0511,800,25,25
Q15-0555,800,25,23
Q15-0493,800,13,6
Q15-0519,106,24,6
Q15-0460,800,25,25
Q16-0567,800,25,6
Q16-0609,800,16,15
Q15-0449,800,17,17
Q15-0492,800,32,29
Q15-0523,800,14,13
Q16-0563,800,12,4
Q15-0496,800,0,0
Q16-0631,800,11,11
Q16-0578,800,2,1
Q16-0653,800,18,18
Q15-0507,800,6,6
Q15-0544,800,16,16
Q16-0604,800,1,1
Q16-0660,800,0,0
Q15-0551,800,21,20
Q16-0598,800,0,0
Q16-0681,800,25,24
Q16-0600,800,44,41
Q16-0655,800,11,11
Q16-0698,800,8,6
Q15-0533,800,0,0
Q16-0627,800,9,9
Q16-0668,800,0,0
Q16-0707,800,10,7
Q15-0545,800,15,14
Q16-0671,800,14,14
Q16-0596,800,8,7
Q16-0687,800,2,1
Q17-0726,800,5,5
Q16-0597,800,1,0
Q16-0628,800,17,17
Q16-0688,800,5,5
Q16-0576,319,0,0
Q16-0674,800,5,5
Q16-0584,800,7,6
Q16-0664,800,2,0
Q16-0714,800,15,13
Q17-0761,800,8,8
Q16-0617,800,5,5
Q16-0648,800,11,11
Q16-0716,800,7,6
Q16-0678,800,11,11
Q16-0606,800,19,18
Q16-0647,800,24,22
Q17-0785,800,25,22
Q17-0837,800,25,6
Q16-0705,800,21,9
Q17-0767,800,6,0
Q17-0819,800,6,6
Q16-0637,800,2,2
Q16-0680,800,25,0
Q16-0709,800,15,15
Q17-0764,800,25,13
Q17-0800,800,20,19
Q17-0863,800,17,16
Q16-0699,800,3,3
Q17-0756,800,9,9
Q17-0887,800,21,7
Q17-0736,800,2,2
Q17-0766,800,22,21
Q17-0806,800,20,4
Q17-0860,800,12,10
Q17-0721,800,20,14
Q17-0786,800,17,10
Q17-0867,800,8,8
Q17-0817,800,0,0
Q17-0876,800,5,5
Q17-0732,800,0,0
Q17-0829,800,0,0
Q17-0862,800,0,0
Q17-0722,800,0,0
Q17-0755,800,0,0
Q17-0724,800,25,23
Q17-0821,800,0,0
Q17-0853,800,9,8
Q18-0994,800,25,23
Q17-0774,800,7,7
Q17-0791,800,0,0
Q17-0875,800,7,7
Q18-0920,800,0,0
Q18-0954,800,8,6
Q17-0783,800,16,13
Q17-0910,800,20,19
Q18-0970,800,0,0
Q18-1014,800,1,0
Q17-0807,800,6,6
Q17-0878,800,0,0
Q18-1011,800,3,0
Q17-0818,800,0,0
Q17-0855,800,25,24
Q18-0939,800,19,19
Q18-1000,800,6,6
Q17-0886,800,1,0
Q18-0962,800,9,9
Q18-1040,800,16,15
Q17-0846,800,15,15
Q18-1041,800,25,0
Q17-0871,800,1,1
Q18-0940,800,1,0
Q18-0983,800,5,5
Q18-1106,800,24,23
Q18-0925,800,2,2
Q18-0976,800,0,0
Q18-1016,800,1,1
Q18-1110,800,25,25
Q17-0901,800,25,23
Q18-0998,800,0,0
Q18-1071,800,1,0
Q18-1118,800,9,8
Q18-0918,800,5,5
Q18-1035,800,22,22
Q18-1058,800,11,0
Q17-0909,800,0,0
Q18-0944,800,2,2
Q18-1010,800,0,0
Q18-1068,800,24,24
Q18-1102,597,6,6
Q18-0945,800,1,1
Q18-0980,800,13,12
Q18-1027,800,5,5
Q18-1047,800,0,0
Q18-1119,800,5,5
Q19-1188,800,10,9
Q18-0958,800,4,4
Q18-1022,800,1,0
Q18-1080,800,7,6
Q19-1176,800,16,16
Q19-1202,800,11,11
Q18-0955,800,1,1
Q18-1094,800,0,0
Q19-1174,800,1,1
Q18-0985,800,0,0
Q18-1098,800,2,1
Q19-1203,800,45,44
Q19-1244,800,4,3
Q18-1091,800,8,7
Q19-1135,800,0,0
Q19-1171,800,8,8
Q19-1253,564,9,9
Q18-1023,800,17,17
Q18-1057,800,5,5
Q19-1131,800,28,28
Q19-1167,800,7,7
Q19-1255,800,4,4
Q18-1033,800,0,0
Q19-1140,800,25,25
Q19-1168,800,5,3
Q19-1223,800,22,16
Q19-1320,800,2,2
Q18-1123,800,3,3
Q19-1152,328,0,0
Q19-1181,800,0,0
Q19-1243,800,10,10
Q19-1293,800,13,13
Q18-1082,800,4,3
Q19-1148,800,25,23
Q19-1252,800,1,1
Q19-1302,800,10,9
Q19-1325,800,1,1
Q19-1344,800,24,22
Q19-1169,800,0,0
Q19-1247,800,3,3
Q19-1305,800,5,5
Q20-1382,800,2,2
Q18-1115,800,0,0
Q19-1172,800,0,0
Q19-1237,800,3,3
Q19-1309,800,2,2
Q19-1368,800,1,1
Q19-1210,800,0,0
Q19-1257,800,0,0
Q19-1322,800,5,5
Q20-1402,800,0,0
Q19-1154,800,1,1
Q19-1211,800,3,3
Q19-1318,800,0,0
Q20-1414,800,7,6
Q19-1214,800,0,0
Q19-1236,800,0,0
Q19-1279,800,21,19
Q19-1341,800,0,0
Q19-1370,800,2,2
Q20-1427,800,0,0
Q19-1208,800,21,21
Q19-1250,800,0,0
Q19-1311,800,3,3
Q20-1384,800,6,6
Q20-1409,800,11,11
Q20-1433,800,1,1
Q20-1454,800,0,0
Q19-1260,800,0,0
Q19-1359,800,0,0
Q20-1460,800,3,3
Q20-1500,800,34,31
Q19-1258,800,7,6
Q19-1319,800,12,12
Q19-1366,800,0,0
Q20-1399,800,0,0
Q20-1498,800,1,1
Q20-1553,800,0,0
Q19-1290,800,1,1
Q19-1369,800,0,0
Q20-1470,800,5,4
Q20-1514,800,0,0
Q20-1582,800,6,6
Q19-1331,800,0,0
Q20-1390,800,6,6
Q20-1445,800,0,0
Q20-1596,800,3,3
Q19-1333,800,0,0
Q20-1438,800,0,0
Q20-1528,800,12,12
Q20-1566,800,1,1
Q20-1594,800,2,2
Q20-1371,800,4,4
Q20-1430,800,0,0
Q20-1591,800,0,0
Q20-1624,800,3,3
Q19-1347,800,0,0
Q20-1385,800,1,1
Q20-1474,800,26,19
Q20-1578,800,8,8
Q20-1636,800,5,4
Q20-1389,800,0,0
Q20-1466,800,3,3
Q20-1602,800,0,0
Q21-1674,800,0,0
Q20-1394,800,1,1
Q20-1444,800,8,8
Q20-1518,800,0,0
Q20-1593,800,3,3
Q20-1639,800,25,25
Q21-1683,800,3,3
Q20-1452,800,1,1
Q20-1510,800,5,5
Q20-1559,800,0,0
Q21-1646,800,6,6
Q21-1685,800,25,24
Q20-1447,800,2,2
Q20-1469,800,0,0
Q20-1522,800,6,6
Q20-1575,800,11,11
Q21-1669,800,11,9
Q21-1708,800,0,0
Q21-1769,800,0,0
Q20-1517,800,0,0
Q20-1543,800,0,0
Q20-1629,800,42,42
Q21-1713,800,25,24
Q20-1482,800,3,3
Q20-1513,800,0,0
Q20-1585,800,14,14
Q21-1651,800,0,0
Q21-1752,800,3,1
Q21-1786,800,0,0
Q20-1475,800,0,0
Q20-1501,800,6,6
Q20-1573,800,0,0
Q21-1738,800,4,3
Q21-1804,800,0,0
Q20-1516,800,1,1
Q20-1604,800,17,16
Q21-1677,800,2,2
Q21-1720,260,19,19
Q21-1772,800,0,0
Q21-1828,800,0,0
Q20-1598,800,14,14
Q20-1633,800,0,0
Q21-1686,800,3,3
Q21-1853,800,6,5
Q21-1906,800,23,20
Q20-1563,800,0,0
Q20-1632,800,0,0
Q21-1697,800,0,0
Q21-1728,800,2,2
Q21-1756,800,1,1
Q21-1800,800,0,0
Q21-1861,800,4,0
Q21-1918,800,2,2
Q21-1661,800,3,3
Q21-1709,800,3,3
Q21-1838,800,7,6
Q21-1908,800,20,19
Q21-1941,800,16,14
Q22-1977,800,1,1
Q20-1627,800,9,9
Q21-1719,800,6,5
Q21-1790,800,4,4
Q21-1811,800,4,4
Q21-1875,800,1,1
Q21-1917,800,4,3
Q22-1978,800,23,4
Q21-1765,800,6,5
Q21-1849,800,0,0
Q21-1905,800,25,23
Q21-1965,800,2,2
Q21-1654,800,1,1
Q21-1715,800,15,15
Q21-1776,800,2,2
Q21-1866,800,25,23
Q21-1935,800,4,4
Q21-1660,800,1,1
Q21-1724,800,2,1
Q21-1810,800,2,2
Q21-1851,800,10,10
Q21-1910,800,2,2
Q21-1966,800,4,4
Q22-2045,800,1,1
Q22-2078,800,1,1
Q21-1774,800,2,2
Q21-1877,323,6,6
Q22-2020,800,15,14
Q22-2081,800,4,3
Q22-2109,800,15,15
Q21-1722,800,6,6
Q21-1817,800,2,2
Q21-1848,800,25,22
Q21-1914,800,0,0
Q22-1976,800,0,0
Q22-2025,800,3,3
Q22-2074,800,10,10
Q21-1755,800,5,5
Q21-1840,800,1,0
Q21-1901,800,0,0
Q21-1970,800,1,1
Q22-2071,800,6,6
Q22-2099,800,4,4
Q21-1788,800,0,0
Q21-1845,800,9,9
Q21-1894,800,1,1
Q21-1934,800,1,0
Q22-2004,800,0,0
Q22-2143,800,1,1
Q21-1822,800,0,0
Q21-1893,800,10,8
Q22-1993,800,11,10
Q22-2054,800,0,0
Q22-2106,800,1,1
Q22-2191,800,18,18
Q21-1886,800,0,0
Q21-1960,800,0,0
Q22-2000,800,1,1
Q22-2157,800,1,0
Q21-1856,800,5,5
Q21-1929,217,0,0
Q22-2001,800,0,0
Q22-2069,800,10,8
Q22-2122,800,1,1
Q22-2180,800,2,2
Q22-2263,800,8,5
Q22-1998,800,1,1
Q22-2037,800,4,3
Q22-2066,800,0,0
Q22-2151,800,21,21
Q22-2185,800,0,0
Q23-2278,800,18,16
Q22-2006,800,3,3
Q22-2126,800,0,0
Q22-2175,800,14,14
Q22-2236,800,1,1
Q22-2265,800,0,0
Q22-1997,800,2,0
Q22-2087,800,1,0
Q22-2160,800,3,3
Q22-1980,800,2,2
Q22-2057,800,0,0
Q22-2073,800,3,3
Q22-2182,800,0,0
Q22-2210,800,4,4
Q22-2237,800,15,14
Q22-1991,800,0,0
Q22-2033,800,25,25
Q22-2113,800,4,4
Q22-2146,800,0,0
Q22-2200,800,3,3
Q23-2295,800,1,0
Q22-2060,800,3,3
Q22-2103,800,3,3
Q23-2302,800,0,0
Q22-2111,589,0,0
Q22-2203,800,3,3
Q23-2316,800,0,0
Q22-2112,800,0,0
Q22-2198,800,1,1
Q23-2290,800,0,0
Q22-2140,800,6,6
Q22-2238,800,1,1
Q23-2304,800,0,0
Q22-2209,800,0,0
Q23-2336,800,0,0
Q22-2177,800,8,8
Q22-2225,800,8,8
Q22-2256,800,0,0
Q23-2331,800,14,14
Q22-2170,800,0,0
Q22-2250,800,0,0
Q23-2282,800,9,9
Q23-2335,800,0,0
Q22-2195,800,15,15
Q23-2332,800,0,0
Q22-2251,800,0,0
Q23-2320,800,0,0
Q24-2374,800,19,16
Q23-2305,800,25,25
Q23-2362,800,7,7
Q23-2300,800,1,0
Q23-2357,800,9,9
Q24-2398,800,3,1
Q23-2339,800,7,7
Q23-2283,800,2,2
Q23-2312,800,1,1
Q23-2314,800,0,0
Q24-2372,800,25,24
Q24-2392,800,2,2
Q24-2387,800,25,20
Q24-2443,800,22,1
Q23-2342,800,2,2
Q24-2425,800,23,11
Q24-2438,800,10,9
Q23-2344,800,0,0
Q24-2375,209,0,0
Q24-2444,800,7,7
Q23-2363,800,1,1
Q24-2420,800,2,0
Q23-2355,800,0,0
Q24-2440,800,6,1
Q24-2484,800,3,3
Q23-2367,800,1,0
Q24-2476,800,0,0
Q11-0014,800,10,6
Q11-0036,800,3,3
Q11-0024,800,3,3
Q11-0070,800,25,19
Q11-0037,800,15,15
Q11-0012,800,14,12
Q11-0038,800,25,24
Q11-0056,800,24,24
Q11-0077,800,25,14
Q11-0002,800,2,0
Q11-0031,800,0,0
Q11-0045,800,0,0
Q11-0071,800,4,4
Q11-0041,800,3,3
Q11-0083,800,3,3
Q11-0032,800,11,10
Q12-0091,800,0,0
Q12-0115,800,2,0
Q12-0116,800,6,4
Q11-0059,800,17,16
Q11-0040,800,0,0
Q12-0127,800,17,10
Q11-0050,800,0,0
Q12-0151,800,22,22
Q11-0051,800,24,23
Q11-0058,704,0,0
Q12-0102,800,0,0
Q12-0108,800,3,2
Q12-0171,800,2,0
Q12-0092,800,1,1
Q12-0139,800,25,0
Q12-0160,800,2,2
Q13-0191,800,25,15
Q12-0190,800,2,2
Q12-0150,800,25,20
Q12-0113,800,0,0
Q12-0137,800,10,10
Q13-0199,775,18,0
Q13-0253,800,8,8
Q12-0138,800,25,25
Q12-0136,800,21,21
Q12-0183,800,25,25
Q13-0235,800,21,14
Q12-0173,800,24,16
Q13-0274,800,24,22
Q12-0168,800,1,1
Q13-0271,800,6,4
Q13-0196,800,0,0
Q13-0217,800,0,0
Q12-0165,800,11,10
Q13-0237,800,25,25
Q13-0278,800,0,0
Q12-0180,800,12,12
Q13-0201,800,2,1
Q13-0234,800,15,11
Q13-0192,800,25,25
Q13-0229,800,25,23
Q13-0226,800,0,0
Q13-0268,800,25,24
Q14-0317,800,1,1
Q14-0345,800,4,4
Q13-0246,800,21,21
Q14-0336,800,2,2
Q13-0272,787,0,0
Q13-0245,800,1,1
Q14-0311,800,17,17
Q13-0279,800,1,1
Q14-0341,800,0,0
Q14-0380,800,7,3
Q13-0258,800,23,21
Q14-0307,761,6,5
Q14-0388,800,13,11
Q14-0316,800,0,0
Q14-0374,800,25,24
Q13-0262,800,25,24
Q14-0327,800,5,5
Q14-0357,800,0,0
Q15-0423,800,25,22
Q14-0373,800,6,6
Q14-0322,800,4,0
Q14-0350,800,0,0
Q14-0339,800,8,8
Q14-0385,800,8,8
Q15-0429,800,22,20
Q14-0324,800,8,8
Q15-0432,800,4,4
Q14-0383,800,0,0
Q15-0446,800,0,0
Q14-0360,800,1,1
Q15-0473,800,25,22
Q14-0348,800,22,22
Q15-0422,800,24,21
Q15-0502,800,42,30
Q14-0399,800,5,5
Q14-0372,800,6,5
Q15-0427,800,14,13
Q15-0490,800,37,34
Q15-0421,800,1,0
Q14-0400,800,4,3
Q15-0528,800,8,2
Q15-0476,800,8,7
Q15-0513,800,24,21
Q14-0413,800,25,23
Q15-0442,800,1,0
Q15-0470,800,3,0
Q15-0530,800,5,5
Q16-0571,800,5,1
Q14-0420,800,25,23
Q15-0536,800,0,0
Q16-0579,800,3,3
Q15-0501,800,8,8
Q15-0524,800,25,23
Q15-0468,800,9,6
Q16-0568,800,19,18
Q16-0614,800,13,11
Q15-0455,800,12,8
Q15-0500,800,1,1
Q15-0543,800,25,22
Q16-0565,800,25,25
Q15-0497,800,10,9
Q16-0638,800,18,18
Q16-0581,800,21,21
Q16-0661,800,25,23
Q15-0527,800,1,0
Q16-0575,800,7,6
Q16-0624,800,1,1
Q15-0486,800,4,1
Q15-0552,800,24,24
Q16-0649,800,14,14
Q15-0495,800,0,0
Q16-0605,800,10,10
Q16-0662,787,0,0
Q16-0702,800,36,31
Q16-0587,800,2,0
Q16-0629,800,0,0
Q16-0675,800,35,28
Q15-0526,800,2,2
Q16-0566,800,1,1
Q15-0546,800,6,5
Q16-0616,800,0,0
Q16-0689,800,0,0
Q17-0741,800,9,9
Q16-0599,800,1,0
Q16-0645,800,9,9
Q16-0693,800,15,4
Q16-0634,800,5,5
Q16-0697,800,19,18
Q16-0588,800,4,4
Q16-0686,800,6,6
Q16-0717,800,0,0
Q17-0781,800,25,19
Q16-0618,800,21,17
Q16-0656,800,3,3
Q17-0788,800,25,24
Q17-0772,800,5,5
Q16-0613,800,7,6
Q16-0711,800,2,2
Q17-0795,800,0,0
Q16-0630,800,4,3
Q17-0734,800,18,16
Q17-0797,800,25,20
Q17-0840,800,3,3
Q16-0652,800,2,2
Q16-0692,800,12,11
Q17-0728,800,8,7
Q17-0768,800,25,0
Q17-0823,800,2,2
Q17-0877,800,16,15
Q16-0700,800,18,10
Q17-0760,800,25,21
Q17-0894,800,25,16
Q17-0737,800,0,0
Q17-0775,800,7,7
Q17-0831,800,23,23
Q17-0873,800,23,2
Q17-0723,800,0,0
Q17-0820,336,12,5
Q17-0748,800,0,0
Q17-0824,800,5,5
Q17-0904,800,25,0
Q17-0733,800,3,3
Q17-0830,800,9,9
Q17-0880,800,6,5
Q17-0731,800,4,4
Q17-0857,800,0,0
Q17-0738,162,10,1
Q17-0822,800,0,0
Q17-0869,800,7,6
Q17-0759,800,2,2
Q17-0776,800,13,0
Q17-0825,800,25,24
Q17-0879,800,3,3
Q18-0921,800,0,0
Q18-0964,800,25,23
Q17-0787,800,16,15
Q18-0913,800,13,7
Q18-0974,800,16,15
Q17-0779,800,23,12
Q17-0813,800,15,15
Q18-0923,800,10,10
Q18-1021,800,17,17
Q17-0827,800,8,8
Q17-0897,800,0,0
Q18-0942,800,0,0
Q18-1049,800,25,0
Q17-0890,313,1,1
Q18-0986,800,25,25
Q18-1042,800,25,21
Q17-0885,800,0,0
Q18-1055,800,25,19
Q17-0898,800,9,7
Q18-0941,800,3,3
Q18-1002,800,6,6
Q17-0889,800,0,0
Q18-0943,800,0,0
Q18-0991,800,12,8
Q18-1019,800,14,8
Q18-1124,800,3,3
Q18-0933,800,8,7
Q18-1013,800,0,0
Q18-1090,800,8,8
Q18-1120,800,0,0
Q18-0922,800,22,22
Q18-1038,800,5,5
Q18-1062,800,1,0
Q18-0916,800,0,0
Q18-0953,800,2,2
Q18-1026,800,15,14
Q18-1081,800,2,2
Q19-1137,800,3,2
Q18-0946,800,0,0
Q18-1006,800,19,17
Q18-1028,800,0,0
Q18-1054,800,2,2
Q19-1145,800,0,0
Q19-1206,800,23,22
Q18-0963,800,0,0
Q18-1030,800,1,1
Q18-1117,800,0,0
Q19-1183,800,0,0
Q19-1205,800,0,0
Q18-1004,800,0,0
Q18-1101,800,0,0
Q19-1178,800,0,0
Q18-0992,145,14,14
Q18-1130,800,25,24
Q19-1221,800,25,25
Q18-0999,800,7,7
Q18-1108,800,0,0
Q19-1142,800,25,25
Q19-1185,800,2,2
Q19-1266,800,24,24
Q18-1025,800,0,0
Q18-1060,800,0,0
Q19-1143,800,0,0
Q19-1194,800,1,1
Q19-1269,800,0,0
Q18-1063,800,2,2
Q19-1151,800,0,0
Q19-1184,800,0,0
Q19-1261,800,0,0
Q18-1079,800,6,6
Q19-1132,800,4,4
Q19-1162,800,0,0
Q19-1198,800,4,4
Q19-1267,800,0,0
Q19-1342,800,1,1
Q18-1100,800,2,2
Q19-1179,800,5,4
Q19-1273,800,1,1
Q19-1313,800,0,0
Q19-1327,800,25,25
Q18-1092,800,0,0
Q19-1191,800,23,23
Q19-1264,800,0,0
Q19-1350,800,25,25
Q20-1405,800,0,0
Q18-1125,800,0,0
Q19-1190,800,1,1
Q19-1246,800,2,2
Q19-1312,800,13,13
Q20-1413,800,7,7
Q19-1212,800,0,0
Q19-1259,800,1,1
Q19-1324,800,0,0
Q20-1407,800,11,11
Q19-1175,800,6,6
Q19-1240,800,4,3
Q19-1326,800,25,25
Q20-1441,800,0,0
Q19-1215,800,0,0
Q19-1241,800,0,0
Q19-1285,800,7,7
Q19-1356,800,1,1
Q20-1375,800,0,0
Q20-1437,218,0,0
Q19-1213,800,1,1
Q19-1280,800,7,7
Q19-1334,800,3,2
Q20-1387,800,4,4
Q20-1416,800,1,1
Q20-1436,800,12,12
Q20-1515,800,1,1
Q19-1296,800,10,10
Q20-1420,800,0,0
Q20-1473,800,0,0
Q20-1520,800,2,2
Q19-1270,800,0,0
Q19-1337,800,8,8
Q20-1374,800,0,0
Q20-1411,800,7,7
Q20-1504,800,0,0
Q20-1562,800,0,0
Q19-1292,800,2,2
Q20-1379,800,3,3
Q20-1491,800,3,3
Q20-1547,800,8,8
Q19-1286,800,0,0
Q19-1353,800,0,0
Q20-1392,800,9,5
Q20-1458,800,0,0
Q19-1299,800,0,0
Q19-1338,800,2,2
Q20-1464,800,0,0
Q20-1533,800,0,0
Q20-1568,800,19,19
Q20-1595,800,25,25
Q20-1408,800,0,0
Q20-1551,800,0,0
Q20-1607,800,11,10
Q19-1315,800,0,0
Q19-1357,800,3,3
Q20-1432,800,5,4
Q20-1526,800,24,18
Q20-1580,800,4,4
Q19-1349,800,1,1
Q20-1403,800,0,0
Q20-1484,800,0,0
Q20-1618,800,50,47
Q21-1681,588,3,3
Q20-1396,800,1,1
Q20-1477,800,0,0
Q20-1531,800,0,0
Q20-1599,800,25,23
Q21-1641,800,0,0
Q21-1689,800,0,0
Q20-1453,800,0,0
Q20-1519,800,1,1
Q20-1590,800,5,5
Q21-1665,800,2,2
Q21-1698,800,1,1
Q20-1450,800,0,0
Q20-1472,800,0,0
Q20-1535,800,5,5
Q20-1577,800,2,2
Q21-1679,800,0,0
Q21-1721,800,25,25
Q20-1463,800,0,0
Q20-1524,800,0,0
Q20-1548,391,20,20
Q20-1634,800,6,6
Q21-1714,800,1,0
Q20-1483,800,5,5
Q20-1529,800,2,2
Q20-1605,800,2,2
Q21-1696,800,0,0
Q21-1771,800,3,3
Q21-1798,800,3,3
Q20-1476,800,0,0
Q20-1508,800,0,0
Q21-1655,800,2,2
Q21-1754,800,0,0
Q21-1858,800,10,9
Q20-1525,800,6,6
Q20-1606,800,0,0
Q21-1692,800,1,1
Q21-1732,800,11,9
Q21-1791,800,8,8
Q21-1855,800,25,25
Q20-1610,800,3,3
Q21-1648,800,0,0
Q21-1757,800,2,0
Q21-1862,800,14,14
Q21-1927,800,5,1
Q20-1564,800,1,1
Q21-1667,800,0,0
Q21-1704,800,1,1
Q21-1729,800,0,0
Q21-1763,800,0,0
Q21-1807,800,0,0
Q21-1867,800,4,4
Q21-1947,800,25,24
Q21-1691,800,17,17
Q21-1735,800,3,3
Q21-1863,800,10,9
Q21-1909,800,2,2
Q21-1955,800,0,0
Q22-1979,800,48,42
Q21-1650,800,0,0
Q21-1725,800,0,0
Q21-1793,800,0,0
Q21-1824,800,6,6
Q21-1883,800,25,23
Q21-1938,800,1,1
Q22-1981,800,7,7
Q21-1787,800,7,6
Q21-1859,800,0,0
Q21-1946,800,24,21
Q22-2005,800,3,3
Q21-1678,800,0,0
Q21-1764,800,3,3
Q21-1782,800,1,1
Q21-1871,800,0,0
Q22-2028,800,43,43
Q21-1670,800,0,0
Q21-1748,800,1,1
Q21-1815,800,16,16
Q21-1860,800,7,6
Q21-1916,800,1,1
Q22-1982,800,0,0
Q22-2051,800,24,6
Q21-1737,800,2,2
Q21-1777,800,2,2
Q21-1925,800,1,0
Q22-2032,800,0,0
Q22-2090,800,22,21
Q21-1702,800,2,2
Q21-1778,800,0,0
Q21-1818,800,0,0
Q21-1869,800,1,1
Q21-1928,800,23,21
Q22-2007,800,0,0
Q22-2042,800,4,4
Q22-2077,800,5,5
Q21-1760,800,0,0
Q21-1865,800,1,1
Q21-1923,800,0,0
Q22-1974,800,7,6
Q22-2075,800,0,0
Q22-2121,800,25,23
Q21-1812,800,11,11
Q21-1870,800,1,1
Q21-1895,800,1,1
Q21-1963,188,25,25
Q22-2044,800,16,15
Q22-2161,800,0,0
Q21-1823,800,0,0
Q21-1897,800,3,3
Q22-2010,800,3,3
Q22-2056,800,6,5
Q22-2110,800,5,5
Q22-2217,800,0,0
Q21-1924,800,2,2
Q21-1969,800,0,0
Q22-2089,800,4,2
Q22-2162,800,2,2
Q21-1889,800,11,11
Q22-1986,800,2,2
Q22-2021,800,4,4
Q22-2102,800,14,13
Q22-2124,800,0,0
Q22-2190,800,7,7
Q21-1921,800,0,0
Q22-2003,800,9,9
Q22-2040,800,3,2
Q22-2080,800,3,3
Q22-2155,800,2,2
Q22-2212,800,0,0
Q21-1943,800,0,0
Q22-2013,800,0,0
Q22-2135,800,0,0
Q22-2206,800,2,2
Q22-2242,800,0,0
Q23-2280,800,0,0
Q22-2014,800,0,0
Q22-2101,800,21,20
Q22-2194,800,1,1
Q22-1990,800,19,19
Q22-2061,800,1,1
Q22-2100,800,0,0
Q22-2187,800,0,0
Q22-2213,800,2,2
Q22-2257,800,9,9
Q22-1995,800,0,0
Q22-2068,800,0,0
Q22-2115,800,1,1
Q22-2158,800,2,2
Q22-2224,800,0,0
Q23-2307,800,11,11
Q22-2083,800,5,5
Q22-2178,800,0,0
Q22-2034,800,0,0
Q22-2144,800,0,0
Q22-2218,800,1,1
Q23-2317,800,0,0
Q22-2125,800,0,0
Q22-2223,800,0,0
Q23-2301,800,11,11
Q22-2201,800,1,1
Q22-2241,800,6,6
Q23-2315,800,0,0
Q22-2222,800,3,3
Q22-2136,800,3,3
Q22-2181,800,0,0
Q22-2226,800,0,0
Q23-2272,800,0,0
Q23-2350,800,0,0
Q22-2179,800,13,13
Q22-2268,800,0,0
Q23-2296,800,0,0
Q23-2337,800,6,6
Q22-2221,800,4,4
Q23-2358,800,0,0
Q22-2252,800,0,0
Q23-2323,800,0,0
Q22-2227,800,1,0
Q23-2348,800,3,2
Q24-2386,800,4,4
Q23-2343,800,1,0
Q24-2376,800,1,1
Q24-2401,800,0,0
Q23-2370,800,3,2
Q23-2287,800,3,3
Q23-2360,800,20,19
Q23-2322,800,0,0
Q24-2431,800,0,0
Q24-2417,800,0,0
Q24-2396,800,10,10
Q24-2445,800,0,0
Q24-2383,800,1,1
Q24-2427,800,8,6
Q24-2439,800,5,5
Q23-2347,800,12,9
Q24-2391,800,0,0
Q24-2446,800,1,0
Q24-2377,800,1,1
Q24-2457,800,0,0
Q24-2373,800,23,22
Q24-2466,800,0,0
Q24-2490,800,8,7
Q24-2388,800,0,0
Q24-2480,800,0,0
Q11-0018,800,3,3
Q11-0030,800,1,0
Q11-0052,800,25,23
Q11-0010,800,0,0
Q11-0046,800,5,5
Q11-0020,800,4,4
Q11-0042,800,0,0
Q11-0066,800,9,9
Q11-0085,800,1,0
Q11-0007,800,0,0
Q11-0043,800,25,23
Q11-0053,800,13,13
Q11-0089,800,9,8
Q11-0049,800,0,0
Q11-0086,800,8,8
Q11-0067,800,13,13
Q12-0101,800,6,6
Q11-0027,800,0,0
Q12-0122,800,19,19
Q11-0080,800,2,1
Q11-0065,800,18,10
Q12-0121,800,12,3
Q11-0081,800,21,19
Q12-0154,800,20,17
Q11-0079,800,2,2
Q11-0078,800,11,11
Q12-0126,800,4,0
Q12-0158,800,13,4
Q12-0172,800,4,2
Q12-0109,800,8,5
Q12-0140,208,22,2
Q12-0163,800,27,25
Q12-0146,800,24,23
Q13-0225,800,25,13
Q12-0166,800,16,16
Q12-0117,800,7,7
Q12-0144,800,0,0
Q13-0206,800,0,0
Q12-0123,800,3,2
Q13-0204,800,25,25
Q12-0149,800,14,14
Q13-0202,800,15,9
Q13-0241,800,4,4
Q12-0175,800,0,0
Q13-0275,800,9,7
Q12-0178,800,7,0
Q13-0287,800,25,25
Q13-0200,800,0,0
Q13-0231,800,0,0
Q13-0195,800,17,14
Q13-0240,800,0,0
Q13-0299,800,9,9
Q12-0189,800,0,0
Q13-0211,800,3,2
Q13-0286,800,7,7
Q13-0203,800,19,19
Q14-0332,800,25,24
Q13-0232,800,16,15
Q13-0277,800,18,17
Q14-0321,800,0,0
Q13-0210,800,0,0
Q13-0276,800,1,1
Q13-0242,800,5,5
Q14-0318,692,4,3
Q13-0257,800,3,2
Q14-0319,800,24,21
Q13-0285,800,11,11
Q14-0356,800,1,0
Q13-0247,800,6,6
Q13-0294,800,0,0
Q14-0313,800,14,10
Q13-0281,800,5,5
Q14-0340,800,3,2
Q14-0375,800,7,6
Q13-0289,800,25,24
Q14-0330,800,5,5
Q14-0391,800,7,7
Q15-0430,800,25,24
Q14-0382,800,13,8
Q14-0335,800,10,7
Q14-0395,800,8,8
Q14-0352,800,9,9
Q14-0405,800,0,0
Q15-0440,800,7,6
Q14-0351,800,0,0
Q14-0326,800,3,3
Q14-0389,800,0,0
Q15-0450,800,16,16
Q14-0381,319,3,2
Q15-0479,800,25,23
Q14-0361,800,25,24
Q15-0428,800,16,14
Q14-0368,800,0,0
Q15-0483,800,18,14
Q14-0376,800,25,24
Q15-0436,800,3,1
Q15-0506,800,22,20
Q15-0454,800,25,24
Q15-0439,800,4,3
Q14-0419,800,22,22
Q15-0478,800,25,21
Q15-0535,800,11,10
Q14-0414,800,25,25
Q15-0451,800,1,1
Q15-0471,800,4,3
Q15-0560,337,21,12
Q16-0583,800,25,25
Q15-0464,800,5,5
Q15-0538,800,25,24
Q15-0445,800,7,7
Q15-0509,800,0,0
Q16-0586,800,12,8
Q15-0469,800,0,0
Q16-0580,800,3,1
Q15-0441,800,1,0
Q15-0456,800,0,0
Q15-0510,800,25,25
Q15-0550,800,17,2
Q16-0591,800,8,7
Q16-0577,800,23,20
Q15-0482,800,20,11
Q16-0582,800,1,1
Q15-0503,800,16,14
Q15-0532,800,0,0
Q16-0593,800,14,14
Q16-0643,800,25,22
Q15-0505,800,0,0
Q15-0557,800,25,25
Q16-0658,800,14,12
Q15-0520,800,8,7
Q16-0620,800,25,25
Q16-0682,800,0,0
Q15-0514,800,5,5
Q16-0594,800,1,1
Q16-0633,800,5,5
Q16-0691,800,6,6
Q15-0531,800,6,6
Q16-0601,800,0,0
Q16-0572,800,0,0
Q16-0619,800,15,15
Q16-0710,800,1,1
Q15-0554,800,22,22
Q16-0602,800,11,11
Q16-0654,800,9,9
Q17-0763,800,13,7
Q16-0636,800,29,28
Q16-0715,800,25,25
Q16-0650,800,2,2
Q16-0694,800,9,7
Q17-0742,800,6,6
Q16-0589,800,2,2
Q16-0626,800,6,6
Q16-0676,800,10,7
Q17-0792,800,25,0
Q17-0802,800,33,25
Q16-0632,800,1,0
Q17-0743,800,3,2
Q17-0801,800,1,1
Q16-0640,800,2,1
Q17-0747,800,15,15
Q17-0811,800,25,0
Q17-0843,800,5,5
Q16-0677,800,3,3
Q16-0695,800,5,5
Q17-0729,800,12,12
Q17-0770,800,6,5
Q17-0851,800,25,10
Q17-0884,800,14,12
Q16-0712,226,25,1
Q17-0793,800,33,21
Q16-0685,800,3,3
Q17-0749,800,1,1
Q17-0778,800,21,19
Q17-0834,800,25,23
Q16-0701,800,20,17
Q17-0744,800,2,2
Q17-0839,800,25,25
Q17-0752,800,15,15
Q17-0828,800,1,1
Q18-0917,800,25,25
Q17-0790,800,48,38
Q17-0842,800,12,11
Q18-0957,800,2,2
Q17-0739,800,10,8
Q17-0870,800,0,0
Q17-0808,800,0,0
Q17-0841,800,9,9
Q18-0924,800,19,18
Q17-0762,800,9,7
Q17-0784,800,22,21
Q17-0852,800,0,0
Q17-0883,800,0,0
Q18-0929,800,18,17
Q18-0973,800,2,1
Q17-0872,800,0,0
Q18-0927,800,2,1
Q18-0989,800,9,7
Q17-0794,800,0,0
Q17-0849,800,1,1
Q18-0926,800,4,4
Q17-0798,800,4,4
Q17-0835,800,8,0
Q17-0900,800,3,3
Q18-0967,800,11,11
Q17-0848,800,17,17
Q17-0906,800,8,8
Q18-0990,800,0,0
Q18-1065,800,24,11
Q17-0908,800,14,7
Q18-1067,800,25,0
Q17-0899,800,2,0
Q18-0961,800,24,24
Q18-1036,800,0,0
Q17-0895,800,2,2
Q18-0950,800,20,20
Q18-1007,800,4,4
Q18-1045,800,3,3
Q19-1138,800,25,24
Q18-0949,800,0,0
Q18-1050,800,12,5
Q18-1099,800,16,16
Q17-0903,800,15,15
Q18-1003,800,10,9
Q18-1052,800,0,0
Q18-1088,800,25,25
Q18-0928,800,3,0
Q18-0975,800,0,0
Q18-1032,800,2,0
Q18-1087,800,1,1
Q19-1146,800,0,0
Q18-0948,800,5,5
Q18-1008,800,0,0
Q18-1034,800,0,0
Q18-1084,800,2,2
Q19-1150,800,2,2
Q18-0951,800,0,0
Q18-0988,800,1,1
Q18-1044,800,8,8
Q18-1121,800,0,0
Q19-1197,800,13,13
Q19-1216,800,6,6
Q18-1039,800,0,0
Q19-1153,800,0,0
Q19-1195,800,25,25
Q18-1051,800,20,19
Q19-1158,800,11,11
Q19-1225,800,0,0
Q18-1020,800,2,2
Q18-1113,800,13,12
Q19-1155,800,9,9
Q19-1231,800,2,1
Q19-1298,800,2,2
Q18-1029,800,10,10
Q18-1073,800,0,0
Q19-1156,800,0,0
Q19-1196,800,23,21
Q19-1281,800,0,0
Q18-1111,800,1,1
Q19-1159,800,3,3
Q19-1209,800,0,0
Q19-1263,800,2,2
Q18-1095,800,5,3
Q19-1134,800,19,19
Q19-1165,800,0,0
Q19-1220,800,25,23
Q19-1268,800,3,2
Q18-1075,800,0,0
Q18-1126,800,7,6
Q19-1228,800,1,1
Q19-1275,800,7,7
Q19-1314,800,2,2
Q19-1328,800,3,2
Q18-1103,800,2,2
Q19-1193,800,1,1
Q19-1274,800,2,1
Q19-1364,800,1,1
Q18-1107,800,0,0
Q18-1128,800,4,4
Q19-1192,800,22,22
Q19-1249,800,1,1
Q19-1332,800,2,2
Q20-1424,800,1,1
Q19-1233,800,2,2
Q19-1265,800,1,1
Q19-1345,800,9,9
Q20-1412,800,2,2
Q19-1182,800,1,1
Q19-1245,800,13,11
Q20-1388,800,3,3
Q20-1446,800,0,0
Q19-1222,800,0,0
Q19-1248,800,0,0
Q19-1304,800,0,0
Q19-1363,800,9,7
Q20-1406,800,0,0
Q20-1462,800,24,23
Q19-1217,800,9,9
Q19-1284,800,0,0
Q19-1346,800,1,1
Q20-1400,800,4,4
Q20-1425,800,6,6
Q20-1442,800,2,2
Q19-1235,800,0,0
Q19-1351,800,0,0
Q20-1431,800,24,22
Q20-1488,800,0,0
Q19-1227,800,0,0
Q19-1272,800,0,0
Q19-1339,800,0,0
Q20-1378,800,0,0
Q20-1429,800,7,6
Q20-1521,800,0,0
Q20-1567,800,0,0
Q19-1295,800,2,2
Q20-1404,800,0,0
Q20-1506,800,25,15
Q20-1556,800,11,10
Q19-1287,134,8,6
Q20-1376,800,25,24
Q20-1395,800,0,0
Q20-1523,800,0,0
Q19-1301,800,1,1
Q20-1398,800,0,0
Q20-1485,800,25,24
Q20-1538,800,5,5
Q20-1583,800,18,18
Q20-1600,800,4,4
Q20-1410,800,8,8
Q20-1555,800,5,4
Q20-1612,800,6,6
Q19-1330,800,20,19
Q19-1367,800,0,0
Q20-1451,800,0,0
Q20-1560,800,2,2
Q20-1613,800,0,0
Q19-1355,800,0,0
Q20-1422,800,0,0
Q20-1496,800,2,2
Q21-1663,800,0,0
Q20-1386,800,0,0
Q20-1434,800,2,2
Q20-1486,800,0,0
Q20-1532,800,10,10
Q20-1603,800,0,0
Q21-1643,800,33,32
Q21-1712,800,1,1
Q20-1478,800,6,6
Q20-1552,800,25,24
Q20-1626,800,24,24
Q21-1668,800,14,14
Q21-1716,800,30,30
Q20-1456,800,9,7
Q20-1489,800,9,9
Q20-1537,800,5,5
Q20-1635,800,1,1
Q21-1690,800,0,0
Q21-1723,800,2,2
Q20-1468,800,9,9
Q20-1536,800,1,1
Q20-1587,800,0,0
Q21-1699,800,8,8
Q21-1768,800,0,0
Q20-1495,800,0,0
Q20-1530,800,5,5
Q20-1611,800,1,1
Q21-1746,800,3,3
Q21-1780,800,25,21
Q21-1825,800,6,5
Q20-1479,800,0,0
Q20-1550,800,1,1
Q21-1656,800,9,9
Q21-1758,800,5,4
Q20-1505,800,6,6
Q20-1574,800,0,0
Q20-1621,800,0,0
Q21-1706,800,17,17
Q21-1733,800,1,1
Q21-1797,800,1,1
Q21-1876,800,2,0
Q20-1614,800,0,0
Q21-1657,800,1,1
Q21-1819,800,3,3
Q21-1892,800,25,23
Q21-1937,800,0,0
Q20-1576,800,0,0
Q21-1676,800,0,0
Q21-1707,800,0,0
Q21-1734,800,25,22
Q21-1770,800,0,0
Q21-1813,800,5,5
Q21-1899,800,6,5
Q20-1631,800,5,4
Q21-1693,800,0,0
Q21-1767,800,2,2
Q21-1900,800,25,21
Q21-1915,800,35,33
Q21-1962,577,1,0
Q20-1589,800,0,0
Q21-1652,800,11,11
Q21-1730,800,0,0
Q21-1794,800,2,2
Q21-1839,800,7,5
Q21-1890,800,0,0
Q21-1958,800,10,10
Q22-1983,800,50,49
Q21-1805,800,1,0
Q21-1864,800,8,8
Q21-1952,800,11,10
Q22-2008,800,5,0
Q21-1688,757,3,3
Q21-1766,800,6,5
Q21-1843,800,4,4
Q21-1874,800,5,5
Q22-2030,800,0,0
Q21-1673,800,0,0
Q21-1795,800,1,1
Q21-1831,800,3,3
Q21-1885,800,12,12
Q21-1957,800,4,4
Q22-2012,800,22,22
Q22-2058,800,1,0
Q21-1739,800,2,2
Q21-1784,800,0,0
Q21-1951,800,3,3
Q22-2064,800,26,24
Q22-2095,800,25,25
Q21-1703,800,0,0
Q21-1781,800,10,10
Q21-1835,800,8,8
Q21-1882,800,0,0
Q21-1933,800,9,9
Q22-2011,800,1,1
Q22-2043,580,7,7
Q22-2082,800,25,24
Q21-1796,800,0,0
Q21-1873,800,1,1
Q21-1948,800,25,24
Q22-1975,800,1,1
Q22-2086,800,4,4
Q22-2141,800,6,6
Q21-1829,800,0,0
Q21-1872,800,4,4
Q21-1902,800,3,3
Q21-1964,800,3,0
Q22-2120,800,7,7
Q22-2168,800,18,17
Q21-1868,800,0,0
Q21-1945,800,0,0
Q22-2026,800,33,32
Q22-2059,800,1,0
Q22-2119,800,5,5
Q21-1826,800,0,0
Q21-1931,800,1,1
Q22-1973,800,3,3
Q22-2097,800,0,0
Q22-2167,800,0,0
Q21-1898,800,0,0
Q22-1992,800,2,2
Q22-2038,800,0,0
Q22-2116,800,0,0
Q22-2138,800,6,6
Q22-2204,800,1,1
Q22-1984,800,10,10
Q22-2016,800,7,6
Q22-2041,800,1,1
Q22-2092,800,5,5
Q22-2166,800,5,5
Q22-2240,800,17,16
Q21-1944,800,5,5
Q22-2055,800,1,1
Q22-2164,800,1,1
Q22-2211,800,0,0
Q22-2244,800,6,4
Q23-2284,800,11,11
Q22-2019,800,8,7
Q22-2107,800,5,5
Q22-2228,800,5,5
Q22-2046,800,0,0
Q22-2062,800,7,7
Q22-2139,800,4,4
Q22-2189,800,0,0
Q22-2216,800,0,0
Q22-2261,800,12,12
Q22-2024,800,3,3
Q22-2072,800,0,0
Q22-2129,800,2,2
Q22-2163,800,2,2
Q23-2275,800,10,8
Q22-2015,800,0,0
Q22-2088,800,10,10
Q22-2219,800,3,3
Q22-2047,800,1,1
Q22-2156,800,4,4
Q23-2277,800,2,2
Q23-2319,800,0,0
Q22-2130,800,0,0
Q22-2255,800,1,1
Q22-2079,800,0,0
Q22-2202,800,8,8
Q22-2262,800,0,0
Q22-2133,800,0,0
Q22-2248,800,8,7
Q22-2152,800,2,2
Q22-2188,800,2,2
Q22-2233,800,0,0
Q23-2298,800,0,0
Q22-2149,800,0,0
Q22-2215,431,1,1
Q22-2269,800,1,1
Q23-2303,800,0,0
Q23-2338,800,0,0
Q22-2243,800,0,0
Q23-2364,800,0,0
Q22-2254,800,7,7
Q23-2328,800,0,0
Q22-2247,800,3,3
Q23-2354,800,8,8
Q22-2259,800,0,0
Q23-2349,800,0,0
Q24-2381,800,1,1
Q23-2279,800,0,0
Q24-2378,800,3,3
Q23-2309,800,0,0
Q24-2379,800,9,6
Q23-2352,800,0,0
Q23-2365,800,3,3
Q24-2442,800,7,1
Q24-2403,800,10,10
Q24-2447,800,4,0
Q24-2390,800,3,3
Q24-2430,800,25,23
Q24-2455,800,25,23
Q23-2368,800,10,9
Q24-2397,800,0,0
Q24-2453,800,22,3
Q24-2395,800,0,0
Q24-2473,800,0,0
Q24-2382,800,0,0
Q24-2471,800,1,0
Q25-2491,800,3,3
Q24-2409,800,7,7
Q24-2485,800,0,0
