ProjectID,Cycle,State,Status,ProjectType,TransmissionOwner,Zone,MFO,MW_Energy,MW_Capacity,CapacityOrEnergy,Fuel,FuelPrimary,InServiceYear,TransmissionType
AH1-563,TC2,IL,Active,Generation Interconnection,ComEd,COMED,1206.0,150.0,150.0,CAPACITY_RESOURCE,Storage,Storage,2029,
AH1-570,TC2,KY,Active,Generation Interconnection,EKPC,EKPC,25.0,25.0,15.6,CAPACITY_RESOURCE,Solar,Solar,2028,
AH1-571,TC2,KY,Active,Generation Interconnection,EKPC,EKPC,45.0,20.0,12.5,CAPACITY_RESOURCE,Solar,Solar,2028,
AH1-617,TC2,KY,Active,Generation Interconnection,AEP,AEP,200.0,200.0,120.0,CAPACITY_RESOURCE,Solar,Solar,2028,
AH1-721,TC2,KY,Active,Generation Interconnection,EKPC,EKPC,786.0,786.0,758.95,CAPACITY_RESOURCE,Natural Gas,Natural Gas,2030,
AG2-568,TC2,WV,Active,Generation Interconnection,AEP,AEP,80.0,80.0,48.0,CAPACITY_RESOURCE,Solar,Solar,2028,
AG2-447,TC2,DE,Active,Generation Interconnection,DPL,DPL,134.25,20.0,12.0,CAPACITY_RESOURCE,Solar,Solar,2028,
AH1-672,TC2,DE,Active,Generation Interconnection,DPL,DPL,75.0,75.0,48.9,CAPACITY_RESOURCE,Solar,Solar,2028,
AG1-460,TC1,IL,EP,Generation Interconnection,ComEd,COMED,329.0,30.0,12.0,Capacity,Storage,Storage,2030,
AE2-261,TC1,IL,EP,Generation Interconnection,ComEd,COMED,299.0,299.0,179.4,Capacity,Solar,Solar,2030,
AF2-441,TC1,IL,EP,Generation Interconnection,ComEd,COMED,200.0,200.0,80.0,Capacity,Storage,Storage,2030,
AH1-673,TC2,IL,Active,Generation Interconnection,ComEd,COMED,85.0,85.0,85.0,CAPACITY_RESOURCE,Storage,Storage,2029,
AG1-127,TC1,IL,EP,Generation Interconnection,ComEd,COMED,190.0,95.1,57.1,Capacity,Solar,Solar,2028,
AG1-118,TC1,IL,EP,Generation Interconnection,ComEd,COMED,300.0,300.0,180.0,Capacity,Solar,Solar,2030,
AH1-541,TC2,IL,Active,Generation Interconnection,ComEd,COMED,92.4,92.4,27.72,CAPACITY_RESOURCE,"Solar,Storage,Hybrid",Solar,2028,
AG2-524,TC2,IL,Active,Generation Interconnection,ComEd,COMED,110.0,110.0,110.0,CAPACITY_RESOURCE,"Solar,Storage,Hybrid",Solar,2028,
AG2-585,TC2,IL,Active,Generation Interconnection,ComEd,COMED,55.0,55.0,33.0,CAPACITY_RESOURCE,Solar,Solar,2029,
AF2-095,TC1,IL,EP,Generation Interconnection,ComEd,COMED,144.0,144.0,86.4,Capacity,Solar,Solar,2031,
AF2-350,TC1,IL,EP,Generation Interconnection,ComEd,COMED,100.0,100.0,60.0,Capacity,Solar,Solar,2029,
AE2-341,TC1,IL,EP,Generation Interconnection,ComEd,COMED,150.0,150.0,100.6,Capacity,Solar,Solar,2030,
AF1-030,TC1,IL,EP,Generation Interconnection,ComEd,COMED,250.0,100.0,66.9,Capacity,Solar,Solar,2030,
AG2-453,TC2,IL,Active,Generation Interconnection,ComEd,COMED,280.0,280.0,196.0,CAPACITY_RESOURCE,Solar,Solar,2029,
AH1-714,TC2,IL,Active,Generation Interconnection,ComEd,COMED,1360.0,169.0,174.1,CAPACITY_RESOURCE,Nuclear,Nuclear,2029,
AG2-061,TC2,IL,Active,Generation Interconnection,ComEd,COMED,200.0,50.0,20.0,CAPACITY_RESOURCE,Storage,Storage,2028,
AF2-142,TC1,IL,EP,Generation Interconnection,ComEd,COMED,150.0,150.0,90.0,Capacity,Solar,Solar,2029,
AF2-143,TC1,IL,EP,Generation Interconnection,ComEd,COMED,150.0,150.0,90.0,Capacity,Solar,Solar,2029,
AF2-319,TC1,IL,EP,Generation Interconnection,ComEd,COMED,400.0,50.0,20.0,Capacity,Storage,Storage,2029,
AF2-226,TC1,IL,EP,Generation Interconnection,ComEd,COMED,350.0,50.0,20.0,Capacity,Storage,Storage,2029,
AF2-199,TC1,IL,EP,Generation Interconnection,ComEd,COMED,400.0,100.0,60.0,Capacity,Solar,Solar,2031,
AF2-200,TC1,IL,EP,Generation Interconnection,ComEd,COMED,600.0,200.0,120.0,Capacity,Solar,Solar,2031,
AF2-041,TC1,IL,EP,Generation Interconnection,ComEd,COMED,300.0,300.0,180.0,Capacity,Solar,Solar,2031,
AF1-280,TC1,IL,EP,Generation Interconnection,ComEd,COMED,200.0,200.0,0.0,Energy,Solar,Solar,2029,
AH1-718,TC2,IL,Active,Generation Interconnection,ComEd,COMED,391.0,11.0,38.0,CAPACITY_RESOURCE,Natural Gas,Natural Gas,2028,
AG2-660,TC2,IL,Active,Generation Interconnection,ComEd,COMED,600.0,0.0,20.0,CAPACITY_RESOURCE,Storage,Storage,2029,
AH1-044,TC2,IL,Active,Generation Interconnection,ComEd,COMED,800.0,200.0,120.0,CAPACITY_RESOURCE,Solar,Solar,2029,
AH1-150,TC2,IL,Active,Generation Interconnection,ComEd,COMED,1000.0,200.0,120.0,CAPACITY_RESOURCE,Solar,Solar,2029,
AH1-151,TC2,IL,Active,Generation Interconnection,ComEd,COMED,1200.0,200.0,120.0,CAPACITY_RESOURCE,Solar,Solar,2029,
AH1-338,TC2,IL,Active,Generation Interconnection,ComEd,COMED,180.0,180.0,23.4,CAPACITY_RESOURCE,Solar,Solar,2028,
AH1-543,TC2,IL,Active,Generation Interconnection,ComEd,COMED,157.4,157.4,31.48,CAPACITY_RESOURCE,"Solar,Storage,Hybrid",Solar,2028,
AG2-114,TC2,IL,Active,Generation Interconnection,ComEd,COMED,100.0,100.0,60.0,CAPACITY_RESOURCE,Solar,Solar,2029,
AH1-196,TC2,IL,Active,Generation Interconnection,ComEd,COMED,150.0,150.0,90.0,CAPACITY_RESOURCE,Solar,Solar,2029,
AF2-349,TC1,IL,EP,Generation Interconnection,ComEd,COMED,300.0,300.0,0.0,Energy,Solar,Solar,2029,
AG2-544,TC2,IL,Active,Generation Interconnection,ComEd,COMED,200.0,200.0,80.0,CAPACITY_RESOURCE,Storage,Storage,2029,
AG2-545,TC2,IL,Active,Generation Interconnection,ComEd,COMED,400.0,400.0,160.0,CAPACITY_RESOURCE,Storage,Storage,2029,
AF2-225,TC1,IL,EP,Generation Interconnection,ComEd,COMED,500.0,150.0,63.0,Capacity,Solar,Solar,2029,
AE2-223,TC1,IL,EP,Generation Interconnection,ComEd,COMED,350.0,150.0,19.5,Capacity,Wind,Wind,2029,
AG1-374,TC1,IL,EP,Generation Interconnection,ComEd,COMED,300.0,300.0,180.0,Capacity,Solar,Solar,2030,
AH1-341,TC2,IL,Active,Generation Interconnection,ComEd,COMED,150.0,150.0,96.6,CAPACITY_RESOURCE,Solar,Solar,2029,
AH1-702,TC2,IL,Active,Generation Interconnection,ComEd,COMED,2530.0,88.0,43.0,CAPACITY_RESOURCE,Nuclear,Nuclear,2026,
AE1-114,TC1,IL,EP,Generation Interconnection,ComEd,COMED,150.0,150.0,34.0,Capacity,Wind,Wind,2029,
AG2-675,TC2,IL,Active,Generation Interconnection,ComEd,COMED,80.0,80.0,32.0,CAPACITY_RESOURCE,Storage,Storage,2029,
AG1-553,TC1,IL,EP,Generation Interconnection,ComEd,COMED,260.0,260.0,0.0,Energy,Solar,Solar,2030,
AG2-363,TC2,IL,Active,Generation Interconnection,ComEd,COMED,300.0,300.0,180.0,CAPACITY_RESOURCE,Solar,Solar,2028,
AG2-364,TC2,IL,Active,Generation Interconnection,ComEd,COMED,200.0,200.0,120.0,CAPACITY_RESOURCE,Solar,Solar,2028,
AG1-462,TC1,IL,EP,Generation Interconnection,ComEd,COMED,255.0,255.0,153.0,Capacity,Solar,Solar,2029,
AF1-296,TC1,IL,EP,Generation Interconnection,ComEd,COMED,190.89,190.89,33.6,Capacity,Wind,Wind,2029,
AH1-567,TC2,IL,Active,Generation Interconnection,ComEd,COMED,328.0,5.0,5.0,CAPACITY_RESOURCE,Natural Gas,Natural Gas,2025,
AH1-165,TC2,IL,Active,Generation Interconnection,ComEd,COMED,72.0,72.0,0.0,CAPACITY_RESOURCE,Storage,Storage,2028,
AH1-698,TC2,IL,Active,Generation Interconnection,ComEd,COMED,2584.0,130.0,57.6,CAPACITY_RESOURCE,Nuclear,Nuclear,2027,
AH1-564,TC2,IL,Active,Generation Interconnection,ComEd,COMED,330.0,150.0,150.0,CAPACITY_RESOURCE,Storage,Storage,2029,
AG2-516,TC2,IL,Active,Generation Interconnection,ComEd,COMED,120.0,120.0,72.0,CAPACITY_RESOURCE,Solar,Solar,2029,
AG2-370,TC2,IN,Active,Generation Interconnection,AEP,AEP,50.0,50.0,20.0,CAPACITY_RESOURCE,Storage,Storage,2029,
AG1-433,TC1,IN,EP,Generation Interconnection,AEP,AEP,100.0,100.0,17.6,Capacity,Wind,Wind,2029,
AF2-068,TC1,IN,EP,Generation Interconnection,AEP,AEP,150.0,150.0,90.0,Capacity,Solar,Solar,2030,
AF2-177,TC1,IN,EP,Generation Interconnection,AEP,AEP,200.0,200.0,26.0,Capacity,Wind,Wind,2030,
AF2-388,TC1,IN,EP,Generation Interconnection,"AEP,OVEC",AEP,200.0,200.0,35.2,Capacity,Wind,Wind,2029,
AG2-519,TC2,IN,Active,Generation Interconnection,AEP,AEP,66.5,66.5,66.5,CAPACITY_RESOURCE,"Solar,Storage,Hybrid",Solar,2028,
AH1-304,TC2,IN,Active,Generation Interconnection,AEP,AEP,163.0,0.0,9.8,CAPACITY_RESOURCE,Solar,Solar,2030,
AG2-332,TC2,IN,Active,Generation Interconnection,AEP,AEP,200.0,100.0,100.0,CAPACITY_RESOURCE,Storage,Storage,2028,
AG2-248,TC2,IN,Active,Generation Interconnection,AEP,AEP,100.0,100.0,0.0,ENERGY_RESOURCE,Storage,Storage,2028,
AG1-226,TC1,IN,EP,Generation Interconnection,AEP,AEP,450.0,450.0,142.0,Capacity,Solar,Solar,2029,
AG2-163,TC2,IN,Active,Generation Interconnection,AEP,AEP,700.0,250.0,35.0,CAPACITY_RESOURCE,Solar,Solar,2028,
AG2-345,TC2,IN,Active,Generation Interconnection,AEP,AEP,150.0,50.0,39.0,CAPACITY_RESOURCE,Storage,Storage,2028,
AG2-343,TC2,IN,Active,Generation Interconnection,AEP,AEP,100.0,100.0,78.0,CAPACITY_RESOURCE,Storage,Storage,2028,
AG2-191,TC2,IN,Active,Generation Interconnection,AEP,AEP,30.0,30.0,18.0,CAPACITY_RESOURCE,"Solar,Storage,Hybrid",Solar,2029,
AG2-192,TC2,IN,Active,Generation Interconnection,AEP,AEP,19.0,19.0,11.4,CAPACITY_RESOURCE,"Solar,Storage,Hybrid",Solar,2029,
AH1-306,TC2,IN,Active,Generation Interconnection,AEP,AEP,200.0,0.0,28.8,CAPACITY_RESOURCE,Solar,Solar,2030,
AG2-487,TC2,IN,Active,Generation Interconnection,AEP,AEP,152.5,0.0,10.6,CAPACITY_RESOURCE,Solar,Solar,2025,
AG1-447,TC1,IN,EP,Generation Interconnection,AEP,AEP,305.0,55.0,55.0,Capacity,Storage,Storage,2027,
AG1-436,TC1,IN,EP,Generation Interconnection,AEP,AEP,250.0,125.0,75.0,Capacity,Solar,Solar,2027,
AG2-029,TC2,IN,Active,Generation Interconnection,AEP,AEP,250.0,250.0,32.5,CAPACITY_RESOURCE,Solar,Solar,2028,
AH1-482,TC2,IN,Active,Generation Interconnection,AEP,AEP,338.0,78.0,78.0,CAPACITY_RESOURCE,Storage,Storage,2028,
AH1-305,TC2,IN,Active,Generation Interconnection,AEP,AEP,275.0,0.0,35.72,CAPACITY_RESOURCE,Solar,Solar,2030,
AH1-302,TC2,IN,Active,Generation Interconnection,AEP,AEP,275.0,75.0,75.0,CAPACITY_RESOURCE,Storage,Storage,2030,
AG2-637,TC2,IN,Active,Generation Interconnection,AEP,AEP,150.0,150.0,90.0,CAPACITY_RESOURCE,Solar,Solar,2028,
AG2-401,TC2,IN,Active,Generation Interconnection,AEP,AEP,200.0,0.0,44.0,CAPACITY_RESOURCE,Solar,Solar,2027,
AG2-550,TC2,IN,Active,Generation Interconnection,AEP,AEP,100.0,100.0,60.0,CAPACITY_RESOURCE,Solar,Solar,2029,
AG2-551,TC2,IN,Active,Generation Interconnection,AEP,AEP,150.0,50.0,20.0,CAPACITY_RESOURCE,Storage,Storage,2029,
AG2-072,TC2,IN,Active,Generation Interconnection,AEP,AEP,700.0,700.0,700.0,CAPACITY_RESOURCE,"Natural Gas,Other,Hybrid",Natural Gas,2029,
AG2-230,TC2,IN,Active,Generation Interconnection,AEP,AEP,150.0,150.0,90.0,CAPACITY_RESOURCE,Solar,Solar,2030,
AG2-562,TC2,IN,Active,Generation Interconnection,AEP,AEP,767.0,52.0,0.0,CAPACITY_RESOURCE,Natural Gas,Natural Gas,2025,
AH1-392,TC2,IN,Active,Generation Interconnection,AEP,AEP,90.0,90.0,60.0,CAPACITY_RESOURCE,Solar,Solar,2028,
AH1-153,TC2,IN,Active,Generation Interconnection,AEP,AEP,200.0,50.0,30.0,CAPACITY_RESOURCE,Solar,Solar,2030,
AG2-245,TC2,IN,Active,Generation Interconnection,AEP,AEP,210.0,210.0,126.0,CAPACITY_RESOURCE,Solar,Solar,2029,
AH1-292,TC2,IN,Active,Generation Interconnection,AEP,AEP,200.0,0.0,44.0,CAPACITY_RESOURCE,Solar,Solar,2027,
AF1-204,TC1,IN,EP,Generation Interconnection,AEP,AEP,255.0,255.0,63.75,Capacity,Wind,Wind,2029,
AG2-126,TC2,IN,Active,Generation Interconnection,AEP,AEP,150.0,150.0,90.0,CAPACITY_RESOURCE,"Solar,Storage,Hybrid",Solar,2028,
AG1-471,TC1,KY,EP,Generation Interconnection,EKPC,EKPC,54.0,54.0,32.4,Capacity,Solar,Solar,2029,
AG2-014,TC2,IN,Active,Generation Interconnection,AEP,AEP,50.0,50.0,20.0,CAPACITY_RESOURCE,Storage,Storage,2029,
AG2-491,TC2,IN,Active,Generation Interconnection,AEP,AEP,100.0,100.0,60.0,CAPACITY_RESOURCE,Solar,Solar,2028,
AG2-492,TC2,IN,Active,Generation Interconnection,AEP,AEP,50.0,50.0,20.0,CAPACITY_RESOURCE,Storage,Storage,2029,
AH1-239,TC2,KY,Active,Generation Interconnection,EKPC,EKPC,80.0,80.0,48.0,CAPACITY_RESOURCE,Solar,Solar,2028,
AG2-617,TC2,MD,Active,Generation Interconnection,BGE,BGE,55.0,55.0,33.0,CAPACITY_RESOURCE,Solar,Solar,2028,
AH1-261,TC2,MD,Active,Generation Interconnection,BGE,BGE,135.0,135.0,135.0,CAPACITY_RESOURCE,Storage,Storage,2028,
AG2-618,TC2,MD,Active,Generation Interconnection,PEPCO,PEPCO,110.0,110.0,71.5,CAPACITY_RESOURCE,Solar,Solar,2028,
AH1-283,TC2,MD,Active,Generation Interconnection,APS,APS,200.0,200.0,120.0,CAPACITY_RESOURCE,Solar,Solar,2028,
AH1-725,TC2,MD,Active,Generation Interconnection,BGE,BGE,500.0,500.0,500.0,CAPACITY_RESOURCE,Storage,Storage,2029,
AG1-483,TC1,MD,EP,Generation Interconnection,PEPCO,PEPCO,500.0,500.0,500.0,Capacity,Storage,Storage,2030,
AH1-744,TC2,MD,Active,Generation Interconnection,PEPCO,PEPCO,853.5,53.5,48.28,CAPACITY_RESOURCE,Natural Gas,Natural Gas,2027,
AH1-552,TC2,MD,Active,Generation Interconnection,PEPCO,PEPCO,670.2,670.2,670.2,CAPACITY_RESOURCE,"Solar,Storage,Hybrid",Solar,2027,
AG2-380,TC2,MD,Active,Generation Interconnection,DPL,DPL,20.0,20.0,20.0,CAPACITY_RESOURCE,Storage,Storage,2027,
AH1-057,TC2,MD,Active,Generation Interconnection,DPL,DPL,7.2,7.2,3.0,CAPACITY_RESOURCE,Solar,Solar,2028,
AF2-396,TC1,MI,EP,Generation Interconnection,AEP,AEP,200.0,200.0,200.0,Capacity,"Solar,Storage,Hybrid",Solar,2029,
AF1-176,TC1,MI,EP,Generation Interconnection,AEP,AEP,300.0,300.0,155.68,Capacity,"Solar,Storage,Hybrid",Solar,2029,
AF1-161,TC1,MI,EP,Generation Interconnection,AEP,AEP,50.0,50.0,25.0,Capacity,Storage,Storage,2029,
AG1-109,TC1,MI,EP,Generation Interconnection,AEP,AEP,50.0,0.0,25.0,Capacity,Storage,Storage,2029,
AH1-272,TC2,MI,Active,Generation Interconnection,AEP,AEP,185.0,185.0,123.9,CAPACITY_RESOURCE,Solar,Solar,2029,
AH1-271,TC2,NC,Active,Generation Interconnection,Dominion,DOM,110.0,40.0,24.0,CAPACITY_RESOURCE,Solar,Solar,2028,
AG2-382,TC2,NC,Active,Generation Interconnection,Dominion,DOM,70.0,70.0,42.0,CAPACITY_RESOURCE,Solar,Solar,2028,
AF2-081,TC1,NC,EP,Generation Interconnection,Dominion,DOM,80.0,80.0,56.0,Capacity,Solar,Solar,2031,
AH1-033,TC2,NC,Active,Generation Interconnection,Dominion,DOM,19.5,19.5,13.0,CAPACITY_RESOURCE,Solar,Solar,2029,
AH1-311,TC2,NC,Active,Generation Interconnection,Dominion,DOM,75.0,0.0,2.25,CAPACITY_RESOURCE,Solar,Solar,2027,
AG2-238,TC2,NC,Active,Generation Interconnection,Dominion,DOM,99.9,0.0,0.0,CAPACITY_RESOURCE,Storage,Storage,2027,
AH1-091,TC2,NC,Active,Generation Interconnection,Dominion,DOM,17.0,0.0,0.0,CAPACITY_RESOURCE,Storage,Storage,2027,
AG2-522,TC2,NC,Active,Generation Interconnection,Dominion,DOM,80.0,80.0,48.0,CAPACITY_RESOURCE,Solar,Solar,2028,
AG2-121,TC2,NC,Active,Generation Interconnection,Dominion,DOM,140.0,0.0,0.0,CAPACITY_RESOURCE,Storage,Storage,2027,
AH1-040,TC2,NC,Active,Generation Interconnection,Dominion,DOM,150.0,150.0,90.0,CAPACITY_RESOURCE,Solar,Solar,2028,
AF2-025,TC1,NJ,EP,Generation Interconnection,AEC,AE,20.0,20.0,8.0,Capacity,Storage,Storage,2028,
AH1-703,TC2,NJ,Active,Generation Interconnection,PSEG,PS,670.61,35.61,51.25,CAPACITY_RESOURCE,Natural Gas,Natural Gas,2027,
AH1-260,TC2,NJ,Active,Generation Interconnection,AEC,AE,300.0,300.0,300.0,CAPACITY_RESOURCE,Storage,Storage,2029,
AF1-238,TC1,NJ,EP,Generation Interconnection,AEC,AE,50.0,50.0,20.0,Capacity,Storage,Storage,2028,
AG2-297,TC2,NJ,Active,Generation Interconnection,AEC,AE,19.0,19.0,11.4,CAPACITY_RESOURCE,Solar,Solar,2027,
AH1-701,TC2,NJ,Active,Generation Interconnection,AEC,AE,61.0,0.0,20.0,CAPACITY_RESOURCE,"Natural Gas,Oil,Hybrid",Natural Gas,2025,
AH1-258,TC2,NJ,Active,Generation Interconnection,JCPL,JCPL,19.25,19.25,8.09,CAPACITY_RESOURCE,Solar,Solar,2027,
AG2-016,TC2,NJ,Active,Generation Interconnection,JCPL,JCPL,19.8,19.8,8.32,CAPACITY_RESOURCE,Solar,Solar,2027,
AH1-334,TC2,NJ,Active,Generation Interconnection,JCPL,JCPL,19.25,19.25,8.09,CAPACITY_RESOURCE,Solar,Solar,2027,
AH1-054,TC2,NJ,Active,Generation Interconnection,JCPL,JCPL,8.25,8.25,3.46,CAPACITY_RESOURCE,Solar,Solar,2027,
AH1-641,TC2,NJ,Active,Generation Interconnection,AEC,AE,65.0,15.0,7.0,CAPACITY_RESOURCE,Solar,Solar,2028,
AH1-710,TC2,NJ,Active,Generation Interconnection,PSEG,PS,2650.8,256.8,228.2,CAPACITY_RESOURCE,Nuclear,Nuclear,2027,
AG2-616,TC2,NJ,Active,Generation Interconnection,AEC,AE,50.0,50.0,32.35,CAPACITY_RESOURCE,Solar,Solar,2028,
AH1-722,TC2,NJ,Active,Generation Interconnection,PSEG,PS,806.4,130.4,158.1,CAPACITY_RESOURCE,Natural Gas,Natural Gas,2030,
AH1-715,TC2,NJ,Active,Generation Interconnection,PSEG,PS,803.17,127.17,149.37,CAPACITY_RESOURCE,Natural Gas,Natural Gas,2029,
AH1-257,TC2,NJ,Active,Generation Interconnection,JCPL,JCPL,19.25,19.25,8.09,CAPACITY_RESOURCE,Solar,Solar,2027,
AG2-625,TC2,NJ,Active,Generation Interconnection,JCPL,JCPL,19.6,19.6,8.23,CAPACITY_RESOURCE,Solar,Solar,2027,
AG2-626,TC2,NJ,Active,Generation Interconnection,JCPL,JCPL,12.5,12.5,5.25,CAPACITY_RESOURCE,Solar,Solar,2027,
AH1-680,TC2,OH,Active,Generation Interconnection,ATSI,ATSI,1300.0,1300.0,1300.0,CAPACITY_RESOURCE,Natural Gas,Natural Gas,2030,
AG2-216,TC2,OH,Active,Generation Interconnection,DAYTON,DAY,144.0,0.0,25.92,CAPACITY_RESOURCE,Solar,Solar,2026,
AH1-699,TC2,OH,Active,Generation Interconnection,ATSI,ATSI,1210.0,58.0,69.0,CAPACITY_RESOURCE,Natural Gas,Natural Gas,2025,
AH1-327,TC2,OH,Active,Generation Interconnection,AEP,AEP,250.0,0.0,8.44,CAPACITY_RESOURCE,Solar,Solar,2026,
AH1-580,TC2,OH,Active,Generation Interconnection,AEP,AEP,400.0,200.0,134.0,CAPACITY_RESOURCE,Solar,Solar,2029,
AG2-082,TC2,OH,Active,Generation Interconnection,AEP,AEP,200.0,200.0,133.4,CAPACITY_RESOURCE,Solar,Solar,2029,
AH1-537,TC2,OH,Active,Generation Interconnection,OVEC,OVEC,178.5,178.5,17.85,CAPACITY_RESOURCE,Solar,Solar,2028,
AG2-109,TC2,OH,Active,Generation Interconnection,ATSI,ATSI,40.0,40.0,28.1,CAPACITY_RESOURCE,Solar,Solar,2029,
AG2-548,TC2,OH,Active,Generation Interconnection,AEP,AEP,80.0,80.0,54.0,CAPACITY_RESOURCE,"Solar,Storage,Hybrid",Solar,2028,
AH1-055,TC2,OH,Active,Generation Interconnection,OVEC,OVEC,220.0,220.0,154.0,CAPACITY_RESOURCE,Solar,Solar,2029,
AG2-665,TC2,OH,Active,Generation Interconnection,AEP,AEP,160.0,80.0,54.0,CAPACITY_RESOURCE,"Solar,Storage,Hybrid",Solar,2028,
AH1-059,TC2,OH,Active,Generation Interconnection,AEP,AEP,101.0,21.0,12.6,CAPACITY_RESOURCE,Solar,Solar,2029,
AH1-686,TC2,OH,Active,Generation Interconnection,AEP,AEP,1364.0,24.0,21.0,CAPACITY_RESOURCE,Natural Gas,Natural Gas,2027,
AH1-328,TC2,OH,Active,Generation Interconnection,DAYTON,DAY,206.55,0.0,21.3,CAPACITY_RESOURCE,Solar,Solar,2030,
AG2-104,TC2,OH,Active,Generation Interconnection,AEP,AEP,200.0,200.0,126.85,CAPACITY_RESOURCE,Solar,Solar,2030,
AG2-106,TC2,OH,Active,Generation Interconnection,AEP,AEP,800.0,0.0,150.0,CAPACITY_RESOURCE,Storage,Storage,2029,
AG2-107,TC2,OH,Active,Generation Interconnection,AEP,AEP,800.0,0.0,150.0,CAPACITY_RESOURCE,Storage,Storage,2029,
AG2-119,TC2,OH,Active,Generation Interconnection,ATSI,ATSI,80.0,80.0,53.6,CAPACITY_RESOURCE,Solar,Solar,2029,
AH1-542,TC2,OH,Active,Generation Interconnection,ATSI,ATSI,110.0,110.0,22.0,CAPACITY_RESOURCE,"Solar,Storage,Hybrid",Solar,2028,
AH1-704,TC2,OH,Active,Generation Interconnection,AEP,AEP,509.0,24.0,20.0,CAPACITY_RESOURCE,Natural Gas,Natural Gas,2026,
AG2-057,TC2,OH,Active,Generation Interconnection,ATSI,ATSI,74.0,10.0,6.0,CAPACITY_RESOURCE,Solar,Solar,2029,
AH1-060,TC2,OH,Active,Generation Interconnection,ATSI,ATSI,94.0,20.0,12.0,CAPACITY_RESOURCE,Solar,Solar,2029,
AH1-282,TC2,OH,Active,Generation Interconnection,AEP,AEP,49.9,49.9,45.9,CAPACITY_RESOURCE,Solar,Solar,2027,
AH1-661,TC2,OH,Active,Generation Interconnection,AEP,AEP,10.07,10.07,9.06,CAPACITY_RESOURCE,Other,Other,2026,
AG2-406,TC2,OH,Active,Generation Interconnection,AEP,AEP,49.9,0.0,10.98,CAPACITY_RESOURCE,Solar,Solar,2025,
AF2-376,TC1,OH,EP,Generation Interconnection,AEP,AEP,147.0,50.0,20.0,Capacity,Storage,Storage,2029,
AG2-125,TC2,OH,Active,Generation Interconnection,DAYTON,DAY,69.9,0.0,15.44,CAPACITY_RESOURCE,Solar,Solar,2027,
AG2-405,TC2,OH,Active,Generation Interconnection,AEP,AEP,49.9,0.0,10.98,CAPACITY_RESOURCE,Solar,Solar,2025,
AG2-289,TC2,OH,Active,Generation Interconnection,AEP,AEP,66.6,66.6,0.0,ENERGY_RESOURCE,Storage,Storage,2028,
AG2-290,TC2,OH,Active,Generation Interconnection,AEP,AEP,105.0,38.4,0.0,ENERGY_RESOURCE,Storage,Storage,2028,
AH1-706,TC2,OH,Active,Generation Interconnection,ATSI,ATSI,970.45,30.45,23.82,CAPACITY_RESOURCE,Natural Gas,Natural Gas,2027,
AE1-092,TC1,OH,EP,Generation Interconnection,Dayton,DAY,206.55,206.55,96.4,Capacity,Solar,Solar,2030,
AG1-410,TC1,OH,EP,Generation Interconnection,AEP,AEP,300.0,300.0,180.0,Capacity,Solar,Solar,2030,
AG1-411,TC1,OH,EP,Generation Interconnection,AEP,AEP,400.0,100.0,100.0,Capacity,Storage,Storage,2030,
AH1-719,TC2,OH,Active,Generation Interconnection,AEP,AEP,694.0,24.0,21.0,CAPACITY_RESOURCE,Natural Gas,Natural Gas,2027,
AF2-126,TC1,OH,UC,Generation Interconnection,ATSI,ATSI,62.0,12.0,8.0,Capacity,Solar,Solar,2028,
AH1-711,TC2,OH,Active,Generation Interconnection,ATSI,ATSI,1108.2,408.2,292.5,CAPACITY_RESOURCE,Natural Gas,Natural Gas,2030,
AG2-329,TC2,OH,Active,Generation Interconnection,AEP,AEP,200.0,200.0,156.0,CAPACITY_RESOURCE,Storage,Storage,2028,
AG2-037,TC2,PA,Active,Generation Interconnection,DL,DLCO,4.7,4.7,2.82,CAPACITY_RESOURCE,Solar,Solar,2026,
AH1-452,TC2,PA,Active,Generation Interconnection,APS,APS,19.9,19.9,8.35,CAPACITY_RESOURCE,Solar,Solar,2027,
AG2-621,TC2,PA,Active,Generation Interconnection,ATSI,ATSI,150.0,150.0,150.0,CAPACITY_RESOURCE,Storage,Storage,2028,
AG2-356,TC2,PA,Active,Generation Interconnection,PENELEC,PENLC,20.0,20.0,12.0,CAPACITY_RESOURCE,Solar,Solar,2027,
AF2-050,TC1,PA,EP,Generation Interconnection,PENELEC,PENLC,150.0,50.0,30.0,Capacity,Solar,Solar,2029,
AG2-074,TC2,PA,Active,Generation Interconnection,PPL,PL,38.0,38.0,26.2,CAPACITY_RESOURCE,Solar,Solar,2029,
AG1-377,TC1,PA,EP,Generation Interconnection,PENELEC,PENLC,115.0,20.0,6.0,Capacity,Solar,Solar,2029,
AG1-378,TC1,PA,EP,Generation Interconnection,PENELEC,PENLC,135.0,20.0,6.0,Capacity,Solar,Solar,2029,
AG1-090,TC1,PA,EP,Generation Interconnection,PENELEC,PENLC,95.0,95.0,30.0,Capacity,"Solar,Storage,Hybrid",Solar,2029,
AG2-429,TC2,PA,Active,Generation Interconnection,APS,APS,46.5,46.5,46.5,CAPACITY_RESOURCE,"Solar,Storage,Hybrid",Solar,2028,
AH1-667,TC2,PA,Active,Generation Interconnection,PENELEC,PENLC,18.0,18.0,10.8,CAPACITY_RESOURCE,Solar,Solar,2027,
AF2-296,TC1,PA,EP,Generation Interconnection,PENELEC,PENLC,20.0,20.0,12.0,Capacity,Solar,Solar,2028,
AH1-746,TC2,PA,Active,Generation Interconnection,PENELEC,PENLC,109.9,0.0,20.0,CAPACITY_RESOURCE,Wind,Wind,2026,
AG2-176,TC2,PA,Active,Generation Interconnection,PENELEC,PENLC,150.0,150.0,90.0,CAPACITY_RESOURCE,Solar,Solar,2029,
AG2-166,TC2,PA,Active,Generation Interconnection,PPL,PL,10.0,10.0,0.0,ENERGY_RESOURCE,Solar,Solar,2026,
AH1-695,TC2,PA,Active,Generation Interconnection,ME,METED,859.0,859.0,803.0,CAPACITY_RESOURCE,Nuclear,Nuclear,2027,
AG1-548,TC1,PA,EP,Generation Interconnection,PENELEC,PENLC,150.0,150.0,45.0,Capacity,"Solar,Storage,Hybrid",Solar,2029,
AH1-206,TC2,PA,Active,Generation Interconnection,APS,APS,60.0,60.0,60.0,CAPACITY_RESOURCE,Storage,Storage,2028,
AH1-247,TC2,PA,Active,Generation Interconnection,APS,APS,40.0,40.0,24.0,CAPACITY_RESOURCE,Solar,Solar,2028,
AH1-248,TC2,PA,Active,Generation Interconnection,APS,APS,65.0,25.0,15.0,CAPACITY_RESOURCE,Solar,Solar,2028,
AH1-249,TC2,PA,Active,Generation Interconnection,APS,APS,145.0,80.0,80.0,CAPACITY_RESOURCE,Storage,Storage,2028,
AG2-561,TC2,PA,Active,Generation Interconnection,PENELEC,PENLC,20.0,20.0,12.0,CAPACITY_RESOURCE,Solar,Solar,2027,
AH1-734,TC2,PA,Active,Generation Interconnection,APS,APS,1058.4,270.3,268.6,CAPACITY_RESOURCE,Natural Gas,Natural Gas,2030,
AG2-484,TC2,PA,Active,Generation Interconnection,PPL,PL,20.0,0.0,4.6,CAPACITY_RESOURCE,Solar,Solar,2025,
AG2-236,TC2,PA,Active,Generation Interconnection,ATSI,ATSI,60.0,20.0,2.0,CAPACITY_RESOURCE,Solar,Solar,2027,
AG2-481,TC2,PA,Active,Generation Interconnection,PPL,PL,20.0,0.0,4.1,CAPACITY_RESOURCE,Solar,Solar,2025,
AG2-479,TC2,PA,Active,Generation Interconnection,PPL,PL,20.0,0.0,4.1,CAPACITY_RESOURCE,Solar,Solar,2025,
AH1-460,TC2,PA,Active,Generation Interconnection,PENELEC,PENLC,66.0,66.0,39.6,CAPACITY_RESOURCE,Solar,Solar,2028,
AG2-411,TC2,PA,Active,Generation Interconnection,PENELEC,PENLC,63.0,63.0,40.7,CAPACITY_RESOURCE,Solar,Solar,2028,
AG2-420,TC2,PA,Active,Generation Interconnection,PENELEC,PENLC,25.0,25.0,14.0,CAPACITY_RESOURCE,"Solar,Storage,Hybrid",Solar,2028,
AG2-200,TC2,PA,Active,Generation Interconnection,PENELEC,PENLC,17.0,17.0,10.2,CAPACITY_RESOURCE,Solar,Solar,2027,
AH1-545,TC2,PA,Active,Generation Interconnection,APS,APS,200.0,200.0,20.0,CAPACITY_RESOURCE,Solar,Solar,2028,
AG2-476,TC2,PA,EP,Generation Interconnection,ME,METED,20.0,0.0,0.1,CAPACITY_RESOURCE,Solar,Solar,2025,
AG2-477,TC2,PA,EP,Generation Interconnection,ME,METED,20.0,0.0,0.5,CAPACITY_RESOURCE,Solar,Solar,2025,
AG2-478,TC2,PA,EP,Generation Interconnection,ME,METED,20.0,0.0,0.5,CAPACITY_RESOURCE,Solar,Solar,2025,
AH1-535,TC2,TN,Active,Generation Interconnection,AEP,AEP,100.0,100.0,40.0,CAPACITY_RESOURCE,"Solar,Storage,Hybrid",Solar,2028,
AG1-021,TC1,VA,EP,Generation Interconnection,Dominion,DOM,86.0,20.0,10.8,Capacity,Solar,Solar,2023,
AF1-294,TC1,VA,EP,Generation Interconnection,Dominion,DOM,41.0,41.0,22.2,Capacity,Solar,Solar,2022,
AF2-115,TC1,VA,EP,Generation Interconnection,Dominion,DOM,66.0,25.0,13.5,Capacity,Solar,Solar,2022,
AH1-280,TC2,VA,Active,Generation Interconnection,Dominion,DOM,106.0,20.0,12.0,CAPACITY_RESOURCE,Solar,Solar,2028,
AG2-049,TC2,VA,Active,Generation Interconnection,Dominion,DOM,20.0,20.0,20.0,CAPACITY_RESOURCE,Other,Other,2027,
AG2-570,TC2,VA,Active,Generation Interconnection,Dominion,DOM,400.0,400.0,100.0,CAPACITY_RESOURCE,Solar,Solar,2028,
AG2-571,TC2,VA,Active,Generation Interconnection,Dominion,DOM,500.0,100.0,40.0,CAPACITY_RESOURCE,Storage,Storage,2028,
AG2-068,TC2,VA,Active,Generation Interconnection,Dominion,DOM,100.0,100.0,60.0,CAPACITY_RESOURCE,Solar,Solar,2029,
AG2-069,TC2,VA,Active,Generation Interconnection,Dominion,DOM,250.0,150.0,90.0,CAPACITY_RESOURCE,Solar,Solar,2029,
AG2-581,TC2,VA,Active,Generation Interconnection,Dominion,DOM,150.0,150.0,90.0,CAPACITY_RESOURCE,Solar,Solar,2030,
AG1-153,TC1,VA,UC,Generation Interconnection,Dominion,DOM,75.0,75.0,30.0,Capacity,Storage,Storage,2031,
AH1-221,TC2,VA,Active,Generation Interconnection,Dominion,DOM,75.0,0.0,45.0,CAPACITY_RESOURCE,Storage,Storage,2031,
AH1-678,TC2,VA,Active,Generation Interconnection,Dominion,DOM,1525.5,0.0,34.0,CAPACITY_RESOURCE,"Natural Gas,Other,Hybrid",Natural Gas,2025,
AH1-528,TC2,VA,Active,Generation Interconnection,Dominion,DOM,300.8,300.8,180.0,CAPACITY_RESOURCE,Solar,Solar,2028,
AH1-687,TC2,VA,Active,Generation Interconnection,Dominion,DOM,682.0,0.0,51.0,CAPACITY_RESOURCE,Natural Gas,Natural Gas,2029,
AH1-546,TC2,VA,Active,Generation Interconnection,Dominion,DOM,65.0,65.0,39.0,CAPACITY_RESOURCE,Solar,Solar,2028,
AF2-404,TC1,VA,EP,Generation Interconnection,Dominion,DOM,60.0,0.0,0.0,Energy,Storage,Storage,2031,
AE2-283,TC1,VA,EP,Generation Interconnection,Dominion,DOM,53.0,53.0,28.0,Capacity,Solar,Solar,2031,
AE2-185,TC1,VA,EP,Generation Interconnection,Dominion,DOM,60.0,60.0,36.0,Capacity,Solar,Solar,2031,
AH1-098,TC2,VA,Active,Generation Interconnection,AEP,AEP,40.0,40.0,24.0,CAPACITY_RESOURCE,"Solar,Storage,Hybrid",Solar,2028,
AH1-106,TC2,VA,Active,Generation Interconnection,Dominion,DOM,26.0,26.0,15.6,CAPACITY_RESOURCE,Solar,Solar,2027,
AH1-107,TC2,VA,Active,Generation Interconnection,Dominion,DOM,26.0,26.0,15.6,CAPACITY_RESOURCE,Solar,Solar,2027,
AG2-384,TC2,VA,Active,Generation Interconnection,Dominion,DOM,60.82,60.82,24.0,CAPACITY_RESOURCE,Storage,Storage,2031,
AG2-088,TC2,VA,Active,Generation Interconnection,Dominion,DOM,150.0,150.0,150.0,CAPACITY_RESOURCE,Storage,Storage,2029,
AF1-128,TC1,VA,UC,Generation Interconnection,Dominion,DOM,569.0,569.0,569.0,Capacity,Natural Gas,Natural Gas,2029,
AG2-151,TC2,VA,Active,Generation Interconnection,Dominion,DOM,100.0,100.0,60.0,CAPACITY_RESOURCE,Solar,Solar,2028,
AG2-583,TC2,VA,Active,Generation Interconnection,Dominion,DOM,115.0,115.0,69.0,CAPACITY_RESOURCE,Solar,Solar,2028,
AH1-439,TC2,VA,Active,Generation Interconnection,Dominion,DOM,85.0,85.0,51.0,CAPACITY_RESOURCE,Solar,Solar,2028,
AH1-072,TC2,VA,Active,Generation Interconnection,AEP,AEP,20.0,20.0,12.0,CAPACITY_RESOURCE,Solar,Solar,2028,
AH1-073,TC2,VA,Active,Generation Interconnection,AEP,AEP,40.0,20.0,12.0,CAPACITY_RESOURCE,Solar,Solar,2028,
AH1-220,TC2,VA,EP,Generation Interconnection,Dominion,DOM,100.0,0.0,60.0,CAPACITY_RESOURCE,Storage,Storage,2029,
AH1-345,TC2,VA,Active,Generation Interconnection,Dominion,DOM,14.0,14.0,8.4,CAPACITY_RESOURCE,Solar,Solar,2026,
AH1-684,TC2,VA,Active,Generation Interconnection,Dominion,DOM,190.0,0.0,23.0,CAPACITY_RESOURCE,Natural Gas,Natural Gas,2028,
AH1-685,TC2,VA,Active,Generation Interconnection,Dominion,DOM,190.0,0.0,26.0,CAPACITY_RESOURCE,Natural Gas,Natural Gas,2028,
AH1-693,TC2,VA,Active,Generation Interconnection,Dominion,DOM,190.0,0.0,20.0,CAPACITY_RESOURCE,Natural Gas,Natural Gas,2029,
AH1-681,TC2,VA,Active,Generation Interconnection,Dominion,DOM,1000.0,0.0,27.3,CAPACITY_RESOURCE,Natural Gas,Natural Gas,2026,
AH1-712,TC2,VA,Active,Generation Interconnection,Dominion,DOM,776.0,776.0,611.0,CAPACITY_RESOURCE,"Natural Gas,Other,Hybrid",Natural Gas,2031,
AH1-723,TC2,VA,Active,Generation Interconnection,Dominion,DOM,776.0,776.0,712.0,CAPACITY_RESOURCE,"Natural Gas,Other,Hybrid",Natural Gas,2031,
AG2-182,TC2,VA,Active,Generation Interconnection,Dominion,DOM,200.0,200.0,133.33,CAPACITY_RESOURCE,Solar,Solar,2030,
AG2-288,TC2,VA,Active,Generation Interconnection,APS,APS,150.0,150.0,150.0,CAPACITY_RESOURCE,Storage,Storage,2028,
AG2-300,TC2,VA,Active,Generation Interconnection,APS,APS,100.0,100.0,70.0,CAPACITY_RESOURCE,Storage,Storage,2030,
AH1-144,TC2,VA,Active,Generation Interconnection,AEP,AEP,70.0,70.0,29.4,CAPACITY_RESOURCE,Solar,Solar,2028,
AH1-145,TC2,VA,Active,Generation Interconnection,AEP,AEP,150.0,80.0,80.0,CAPACITY_RESOURCE,Storage,Storage,2028,
AH1-170,TC2,VA,Active,Generation Interconnection,Dominion,DOM,20.0,20.0,12.0,CAPACITY_RESOURCE,Solar,Solar,2027,
AH1-677,TC2,VA,Active,Generation Interconnection,Dominion,DOM,1756.0,0.0,67.0,CAPACITY_RESOURCE,Natural Gas,Natural Gas,2025,
AF2-299,TC1,VA,EP,Generation Interconnection,Dominion,DOM,18.0,18.0,10.8,Capacity,Solar,Solar,2029,
AG2-369,TC2,VA,Active,Generation Interconnection,Dominion,DOM,86.0,86.0,51.6,CAPACITY_RESOURCE,Solar,Solar,2030,
AG2-262,TC2,VA,Active,Generation Interconnection,Dominion,DOM,47.0,11.0,6.6,CAPACITY_RESOURCE,Solar,Solar,2027,
AG2-270,TC2,VA,Active,Generation Interconnection,Dominion,DOM,150.0,150.0,105.0,CAPACITY_RESOURCE,Storage,Storage,2030,
AG1-105,TC1,VA,UC,Generation Interconnection,Dominion,DOM,90.0,90.0,54.0,Capacity,Solar,Solar,2030,
AG1-342,TC1,VA,EP,Generation Interconnection,Dominion,DOM,36.0,36.0,21.6,Capacity,Solar,Solar,2030,
AF2-042,TC1,VA,EP,Generation Interconnection,Dominion,DOM,500.0,500.0,300.0,Capacity,Solar,Solar,2032,
AH1-343,TC2,VA,Active,Generation Interconnection,Dominion,DOM,69.0,69.0,41.4,CAPACITY_RESOURCE,Solar,Solar,2028,
AH1-399,TC2,VA,Active,Generation Interconnection,Dominion,DOM,9.87,9.87,1.48,CAPACITY_RESOURCE,Solar,Solar,2026,
AH1-679,TC2,VA,Active,Generation Interconnection,Dominion,DOM,766.0,20.0,20.0,CAPACITY_RESOURCE,Natural Gas,Natural Gas,2026,
AG2-240,TC2,VA,Active,Generation Interconnection,Dominion,DOM,25.0,0.0,0.0,CAPACITY_RESOURCE,Storage,Storage,2027,
AG2-193,TC2,VA,Active,Generation Interconnection,Dominion,DOM,20.0,20.0,12.0,CAPACITY_RESOURCE,Solar,Solar,2026,
AH1-216,TC2,VA,Active,Generation Interconnection,Dominion,DOM,99.0,99.0,79.2,CAPACITY_RESOURCE,"Solar,Storage,Hybrid",Solar,2028,
AH1-716,TC2,VA,Active,Generation Interconnection,Dominion,DOM,650.0,650.0,650.0,CAPACITY_RESOURCE,Storage,Storage,2029,
AH1-397,TC2,VA,Active,Generation Interconnection,Dominion,DOM,19.67,19.67,2.97,CAPACITY_RESOURCE,Solar,Solar,2026,
AG2-124,TC2,VA,Active,Generation Interconnection,Dominion,DOM,149.9,0.0,33.34,CAPACITY_RESOURCE,Solar,Solar,2026,
AH1-223,TC2,VA,Active,Generation Interconnection,Dominion,DOM,150.0,0.0,20.0,CAPACITY_RESOURCE,Storage,Storage,2026,
AH1-125,TC2,VA,UC,Generation Interconnection,Dominion,DOM,20.0,20.0,0.0,ENERGY_RESOURCE,Storage,Storage,2026,
AH1-727,TC2,VA,Active,Generation Interconnection,Dominion,DOM,425.0,425.0,425.0,CAPACITY_RESOURCE,Storage,Storage,2029,
AG2-213,TC2,VA,Active,Generation Interconnection,Dominion,DOM,80.0,80.0,48.0,CAPACITY_RESOURCE,Solar,Solar,2029,
AG2-171,TC2,VA,Active,Generation Interconnection,Dominion,DOM,60.0,60.0,36.0,CAPACITY_RESOURCE,Solar,Solar,2027,
AH1-396,TC2,VA,Active,Generation Interconnection,Dominion,DOM,11.89,11.89,1.8,CAPACITY_RESOURCE,Solar,Solar,2026,
AG2-659,TC2,VA,Active,Generation Interconnection,Dominion,DOM,80.0,80.0,48.0,CAPACITY_RESOURCE,Solar,Solar,2028,
AG2-341,TC2,VA,Active,Generation Interconnection,Dominion,DOM,50.0,50.0,20.0,CAPACITY_RESOURCE,Storage,Storage,2028,
AG2-518,TC2,VA,Active,Generation Interconnection,AEP,AEP,80.0,80.0,32.0,CAPACITY_RESOURCE,Storage,Storage,2027,
AG1-124,TC1,VA,EP,Generation Interconnection,AEP,AEP,90.0,90.0,53.01,Capacity,Solar,Solar,2030,
AH1-314,TC2,VA,Active,Generation Interconnection,AEP,AEP,100.0,100.0,100.0,CAPACITY_RESOURCE,Storage,Storage,2030,
AE2-291,TC1,VA,EP,Generation Interconnection,Dominion,DOM,102.0,102.0,61.2,Capacity,Solar,Solar,2030,
AG2-152,TC2,VA,Active,Generation Interconnection,AEP,AEP,131.0,131.0,79.0,CAPACITY_RESOURCE,Solar,Solar,2029,
AG2-272,TC2,VA,Active,Generation Interconnection,AEP,AEP,55.0,55.0,21.3,CAPACITY_RESOURCE,Storage,Storage,2028,
AH1-071,TC2,VA,Active,Generation Interconnection,Dominion,DOM,20.0,20.0,12.0,CAPACITY_RESOURCE,Solar,Solar,2026,
AG2-198,TC2,VA,Active,Generation Interconnection,Dominion,DOM,80.0,80.0,48.0,CAPACITY_RESOURCE,Solar,Solar,2028,
AG2-566,TC2,VA,Active,Generation Interconnection,Dominion,DOM,110.0,30.0,12.0,CAPACITY_RESOURCE,Storage,Storage,2028,
AG2-095,TC2,VA,Active,Generation Interconnection,Dominion,DOM,18.0,18.0,10.8,CAPACITY_RESOURCE,Solar,Solar,2025,
AH1-696,TC2,VA,Active,Generation Interconnection,Dominion,DOM,668.0,0.0,94.0,CAPACITY_RESOURCE,Natural Gas,Natural Gas,2030,
AH1-127,TC2,VA,UC,Generation Interconnection,Dominion,DOM,20.0,20.0,0.0,ENERGY_RESOURCE,Storage,Storage,2026,
AH1-128,TC2,VA,UC,Generation Interconnection,Dominion,DOM,20.0,20.0,0.0,ENERGY_RESOURCE,Storage,Storage,2026,
AH1-124,TC2,VA,UC,Generation Interconnection,Dominion,DOM,20.0,20.0,0.0,ENERGY_RESOURCE,Storage,Storage,2026,
AH1-269,TC2,VA,Active,Generation Interconnection,AEP,AEP,50.0,50.0,50.0,CAPACITY_RESOURCE,Storage,Storage,2028,
AG1-536,TC1,VA,EP,Generation Interconnection,Dominion,DOM,137.0,75.0,32.0,Capacity,Storage,Storage,2031,
AF2-120,TC1,VA,UC-ISP,Generation Interconnection,Dominion,DOM,62.0,62.0,37.2,Capacity,Solar,Solar,2031,
AG1-135,TC1,VA,UC,Generation Interconnection,Dominion,DOM,60.0,60.0,36.0,Capacity,Solar,Solar,2031,
AG2-086,TC2,VA,Active,Generation Interconnection,Dominion,DOM,75.0,75.0,45.0,CAPACITY_RESOURCE,"Solar,Storage,Hybrid",Solar,2028,
AG2-360,TC2,VA,Active,Generation Interconnection,AEP,AEP,250.0,250.0,250.0,CAPACITY_RESOURCE,Storage,Storage,2029,
AH1-251,TC2,VA,Active,Generation Interconnection,Dominion,DOM,50.0,50.0,50.0,CAPACITY_RESOURCE,Storage,Storage,2028,
AH1-263,TC2,VA,Active,Generation Interconnection,Dominion,DOM,200.0,200.0,200.0,CAPACITY_RESOURCE,Storage,Storage,2028,
AG2-661,TC2,VA,Active,Generation Interconnection,Dominion,DOM,150.0,0.0,20.0,CAPACITY_RESOURCE,"Solar,Storage,Hybrid",Solar,2029,
AG2-339,TC2,VA,Active,Generation Interconnection,Dominion,DOM,479.0,85.0,85.0,CAPACITY_RESOURCE,Storage,Storage,2029,
AG2-436,TC2,VA,Active,Generation Interconnection,Dominion,DOM,350.0,350.0,140.0,CAPACITY_RESOURCE,Solar,Solar,2030,
AG2-426,TC2,VA,Active,Generation Interconnection,Dominion,DOM,33.5,33.5,33.5,CAPACITY_RESOURCE,"Solar,Storage,Hybrid",Solar,2028,
AH1-461,TC2,VA,Active,Generation Interconnection,AEP,AEP,80.0,80.0,80.0,CAPACITY_RESOURCE,Storage,Storage,2028,
AH1-133,TC2,VA,Active,Generation Interconnection,AEP,AEP,70.0,70.0,29.4,CAPACITY_RESOURCE,Solar,Solar,2028,
AH1-227,TC2,VA,Active,Generation Interconnection,AEP,AEP,51.3,51.3,30.78,CAPACITY_RESOURCE,Solar,Solar,2030,
AH1-348,TC2,VA,Active,Generation Interconnection,AEP,AEP,10.0,10.0,6.0,CAPACITY_RESOURCE,Solar,Solar,2026,
AE2-156,TC1,VA,EP,Generation Interconnection,Dominion,DOM,100.0,100.0,100.0,Capacity,Storage,Storage,2031,
AF1-123,TC1,VA,UC,Generation Interconnection,Dominion,DOM,833.0,833.0,253.2,Capacity,Offshore Wind,Offshore Wind,2032,
AF1-124,TC1,VA,UC-ISP,Generation Interconnection,Dominion,DOM,836.0,836.0,254.1,Capacity,Offshore Wind,Offshore Wind,2032,
AF1-125,TC1,VA,UC,Generation Interconnection,Dominion,DOM,820.0,820.0,249.3,Capacity,Offshore Wind,Offshore Wind,2032,
AH1-108,TC2,VA,Active,Generation Interconnection,Dominion,DOM,66.0,0.0,9.0,CAPACITY_RESOURCE,Natural Gas,Natural Gas,2025,
AH1-138,TC2,VA,Active,Generation Interconnection,Dominion,DOM,20.0,20.0,8.4,CAPACITY_RESOURCE,Solar,Solar,2026,
AH1-254,TC2,WV,Active,Generation Interconnection,APS,APS,171.4,171.4,36.54,CAPACITY_RESOURCE,Wind,Wind,2028,
AG2-423,TC2,WV,Active,Generation Interconnection,APS,APS,80.0,80.0,48.0,CAPACITY_RESOURCE,Solar,Solar,2028,
AG2-582,TC2,WV,Active,Generation Interconnection,APS,APS,2100.0,2100.0,2075.0,CAPACITY_RESOURCE,Natural Gas,Natural Gas,2031,
AG2-657,TC2,WV,Active,Generation Interconnection,AEP,AEP,90.0,90.0,37.8,CAPACITY_RESOURCE,Solar,Solar,2028,
AH1-713,TC2,WV,Active,Generation Interconnection,Dominion,DOM,538.0,0.0,14.0,CAPACITY_RESOURCE,Coal,Coal,2030,
AG2-062,TC2,WV,Active,Generation Interconnection,APS,APS,147.0,147.0,21.61,CAPACITY_RESOURCE,Wind,Wind,2027,
AH1-387,TC2,WV,Active,Generation Interconnection,APS,APS,150.0,150.0,22.05,CAPACITY_RESOURCE,Wind,Wind,2028,
AG2-448,TC2,WV,Active,Generation Interconnection,APS,APS,50.0,50.0,30.0,CAPACITY_RESOURCE,Solar,Solar,2028,
AG2-184,TC2,KY,Active,Generation Interconnection,AEP,AEP,210.0,210.0,126.0,CAPACITY_RESOURCE,Solar,Solar,2028,
AF2-111,TC1,KY,EP,Generation Interconnection,EKPC,EKPC,250.0,250.0,150.0,Capacity,Solar,Solar,2030,
AH1-637,TC2,VA,Active,Generation Interconnection,Dominion,DOM,16.0,16.0,9.6,CAPACITY_RESOURCE,Solar,Solar,2027,
AH1-188,TC2,WV,Active,Generation Interconnection,AEP,AEP,140.0,140.0,84.0,CAPACITY_RESOURCE,Solar,Solar,2028,
AG2-440,TC2,VA,Active,Generation Interconnection,Dominion,DOM,75.0,75.0,45.0,CAPACITY_RESOURCE,Solar,Solar,2028,
AG2-441,TC2,VA,Active,Generation Interconnection,Dominion,DOM,188.0,113.0,67.8,CAPACITY_RESOURCE,Solar,Solar,2028,
AG2-442,TC2,VA,Active,Generation Interconnection,Dominion,DOM,140.0,140.0,84.0,CAPACITY_RESOURCE,Solar,Solar,2028,
AG2-077,TC2,VA,Active,Generation Interconnection,Dominion,DOM,700.0,200.0,120.0,CAPACITY_RESOURCE,Solar,Solar,2032,
AF2-222,TC1,VA,EP,Generation Interconnection,Dominion,DOM,167.0,167.0,100.0,Capacity,Solar,Solar,2031,
AG1-285,TC1,VA,EP,Generation Interconnection,Dominion,DOM,125.0,125.0,75.0,Capacity,Solar,Solar,2031,
AH1-666,TC2,KY,Active,Generation Interconnection,EKPC,EKPC,80.0,80.0,48.0,CAPACITY_RESOURCE,Solar,Solar,2027,
AF1-233,TC1,KY,EP,Generation Interconnection,EKPC,EKPC,188.5,188.5,113.1,Capacity,Solar,Solar,2029,
AH1-665,TC2,KY,Active,Generation Interconnection,EKPC,EKPC,180.0,80.0,53.5,CAPACITY_RESOURCE,Solar,Solar,2029,
AH1-664,TC2,KY,Active,Generation Interconnection,EKPC,EKPC,100.0,100.0,66.8,CAPACITY_RESOURCE,Solar,Solar,2029,
AH1-694,TC2,VA,Active,Generation Interconnection,Dominion,DOM,190.0,0.0,18.0,CAPACITY_RESOURCE,Natural Gas,Natural Gas,2028,
AH1-691,TC2,VA,Active,Generation Interconnection,Dominion,DOM,209.0,0.0,26.0,CAPACITY_RESOURCE,Natural Gas,Natural Gas,2029,
AH1-692,TC2,VA,Active,Generation Interconnection,Dominion,DOM,209.0,0.0,26.0,CAPACITY_RESOURCE,Natural Gas,Natural Gas,2028,
AH1-682,TC2,VA,Active,Generation Interconnection,Dominion,DOM,190.0,0.0,21.0,CAPACITY_RESOURCE,Natural Gas,Natural Gas,2027,
AH1-683,TC2,VA,Active,Generation Interconnection,Dominion,DOM,190.0,0.0,25.0,CAPACITY_RESOURCE,Natural Gas,Natural Gas,2027,
AG1-341,TC1,KY,EP,Generation Interconnection,EKPC,EKPC,106.0,106.0,63.6,Capacity,"Solar,Storage,Hybrid",Solar,2028,
AE2-308,TC1,KY,EP,Generation Interconnection,EKPC,EKPC,100.0,100.0,60.0,Capacity,Solar,Solar,2029,
AG2-073,TC2,KY,Active,Generation Interconnection,EKPC,EKPC,53.0,53.0,50.88,CAPACITY_RESOURCE,Solar,Solar,2029,
AH1-004,TC2,KY,Active,Generation Interconnection,EKPC,EKPC,40.0,40.0,24.0,CAPACITY_RESOURCE,Solar,Solar,2029,
AG1-354,TC1,KY,EP,Generation Interconnection,EKPC,EKPC,150.0,150.0,90.0,Capacity,Solar,Solar,2028,
AG1-320,TC1,KY,EP,Generation Interconnection,EKPC,EKPC,82.0,82.0,54.8,Capacity,Solar,Solar,2029,
AG2-081,TC2,KY,Active,Generation Interconnection,EKPC,EKPC,30.0,30.0,18.0,CAPACITY_RESOURCE,Solar,Solar,2029,
AG2-298,TC2,KY,Active,Generation Interconnection,EKPC,EKPC,35.0,35.0,23.33,CAPACITY_RESOURCE,Solar,Solar,2028,
AG2-424,TC2,KY,Active,Generation Interconnection,EKPC,EKPC,63.25,63.25,34.95,CAPACITY_RESOURCE,"Solar,Storage,Hybrid",Solar,2027,
