plant_id,sub_id,fuel,mw,online_year,retire_year,queue_project_id
1332,3541,ng,458.724,1979,,
1333,3541,ng,458.724,2006,,
1863,5891,nuclear,953.092,1977,,
1864,5891,nuclear,953.092,1963,,
1866,5892,solar,1.63,2010,,
1868,5894,solar,1.793,1999,,
1870,5894,solar,2.282,2001,,
1871,5894,solar,8.148,1976,,
1872,5895,coal,109.449,1974,2019.0,
1873,5896,ng,88.021,1996,,
1874,5896,ng,88.021,1986,,
1875,5896,ng,88.021,1992,,
1880,5899,solar,12.223,1994,,
1882,5899,solar,1.793,1962,,
1885,5899,solar,0.407,1969,,
1887,5899,solar,0.407,1995,,
1888,5899,solar,0.407,1960,,
1889,5900,solar,8.148,1980,,
1890,5901,ng,41.729,2001,,
1891,5901,ng,41.729,1967,,
1896,5904,solar,4.237,1992,,
1897,5904,solar,4.074,1992,,
1906,5906,solar,5.052,1988,,
1907,5906,solar,7.008,1990,,
1910,5908,ng,36.676,2006,,
1911,5908,ng,36.676,2002,,
1912,5908,ng,36.676,1973,,
1913,5908,ng,36.676,1980,,
1918,5910,ng,109.57,1987,,
1919,5910,ng,109.57,1962,,
1920,5910,ng,109.57,1977,,
1921,5910,ng,109.57,1992,,
1922,5910,ng,109.57,1971,,
1923,5910,ng,109.57,1975,,
1925,5911,solar,3.096,1989,,
1927,5912,dfo,9.103,1995,,
1929,5914,dfo,0.436,1962,,
1930,5914,dfo,0.436,2006,2013.0,
1932,5915,dfo,25.087,1998,2015.0,
1933,5915,dfo,0.261,1981,2015.0,
1934,5916,solar,6.682,1965,,
1935,5916,solar,2.119,1978,,
1936,5917,ng,77.372,1996,,
1937,5918,solar,1.63,2009,,
1938,5918,solar,2.282,1989,,
1939,5918,solar,5.704,1989,,
1940,5919,solar,4.889,1996,,
1941,5919,solar,26.075,1985,,
1942,5920,solar,12.874,1986,,
1943,5920,solar,4.889,1997,,
1944,5920,solar,3.259,1994,,
1945,5921,nuclear,1051.416,1983,,
1947,5922,solar,2.119,1968,,
1948,5922,solar,0.815,1985,,
1949,5922,solar,0.815,1992,,
1950,5922,solar,0.815,1991,,
1951,5922,solar,0.815,2001,,
1952,5922,solar,0.489,1994,,
1953,5922,solar,0.489,1997,,
1954,5922,solar,0.489,1995,,
1956,5923,solar,1.956,2004,,
1959,5923,solar,6.193,1962,,
1960,5924,nuclear,448.035,2000,,
1961,5925,ng,28.906,2006,,
1962,5925,ng,28.906,2005,,
1963,5925,ng,28.906,1976,,
1964,5925,ng,28.906,1976,,
1965,5925,ng,28.906,1980,,
1966,5925,ng,28.906,1971,,
1968,5926,solar,13.037,1961,,
1970,5926,solar,1.63,2002,,
1971,5927,dfo,11.542,1966,,
1972,5927,dfo,11.542,1995,2014.0,
1973,5927,dfo,11.542,1960,2025.0,
1974,5927,dfo,11.542,2006,2013.0,
1976,5928,solar,2.933,1965,,
1977,5928,solar,3.422,2000,,
1979,5929,solar,0.815,2010,,
1980,5929,solar,0.815,1997,,
1981,5929,solar,0.815,2000,,
1983,5929,solar,16.46,1976,,
1984,5930,ng,208.1,1978,,
1985,5930,ng,208.1,1973,,
1986,5931,ng,223.075,1964,,
1987,5931,ng,223.075,1987,,
1988,5931,ng,223.075,1982,,
1989,5931,ng,223.075,1987,,
1990,5932,solar,2.445,1961,,
1991,5932,solar,3.341,1983,,
1992,5932,solar,3.341,1984,,
1993,5933,ng,73.08,1981,,
1994,5933,ng,73.08,1961,,
1995,5934,ng,50.346,2009,,
1996,5934,ng,50.346,1978,,
1997,5934,ng,50.346,2004,,
1998,5935,solar,1.956,1990,,
1999,5935,solar,2.445,1963,,
2000,5935,solar,4.074,1998,,
2001,5936,dfo,5.88,1993,,
2002,5937,solar,10.267,1994,,
2003,5938,solar,1.63,1983,,
2004,5938,solar,1.63,1978,,
2005,5938,solar,1.63,2005,,
2006,5938,solar,2.119,1960,,
2007,5938,solar,2.77,1998,,
2008,5938,solar,2.77,1971,,
2009,5939,ng,92.727,2009,,
2010,5939,ng,92.727,1998,,
2011,5939,ng,92.727,2004,,
2012,5939,ng,92.727,2001,,
2013,5939,ng,92.727,2009,,
2014,5939,ng,92.727,1992,,
2017,5941,solar,11.408,2005,,
2018,5942,dfo,11.542,1960,2011.0,
2019,5943,ng,55.856,1979,,
2020,5943,ng,55.856,1986,,
2021,5943,ng,55.856,1993,,
2022,5943,ng,55.856,1961,,
2023,5943,ng,55.856,1971,,
2024,5944,solar,2.445,1997,,
2025,5944,solar,4.726,1977,,
2026,5944,solar,6.682,1978,,
2027,5944,solar,1.63,2003,,
2028,5944,solar,2.282,1995,,
2029,5945,dfo,8.031,1984,2017.0,
2030,5945,dfo,8.031,2006,2013.0,
2031,5945,dfo,8.031,1989,,
2032,5945,dfo,8.031,2007,2017.0,
2033,5945,dfo,8.031,2001,2014.0,
2034,5946,ng,45.532,1980,,
2036,5947,ng,76.285,1983,,
2037,5947,ng,76.285,1986,,
2038,5947,ng,76.285,1994,,
2039,5947,ng,76.285,1997,,
2040,5947,ng,76.285,2005,,
2041,5948,solar,13.037,1982,,
2043,5949,solar,3.748,1991,,
2048,5950,solar,4.889,1969,,
2055,5952,ng,74.112,1970,,
2056,5953,solar,2.445,1973,,
2057,5953,solar,16.297,1988,,
2058,5954,solar,4.889,2005,,
2059,5954,solar,4.889,2006,,
2060,5955,solar,2.933,1969,,
2066,5957,solar,8.963,1982,,
2067,5958,ng,65.744,2003,,
2068,5958,ng,65.744,2009,,
2069,5958,ng,65.744,1967,,
2070,5958,ng,65.744,1985,,
2072,5960,ng,90.847,1994,,
2073,5960,ng,90.847,2006,,
2074,5960,ng,90.847,1960,,
2075,5960,ng,90.847,1980,,
2076,5960,ng,90.847,1998,,
2077,5960,ng,90.847,1973,,
2079,5962,solar,6.682,1961,,
2080,5962,solar,3.585,1974,,
2084,5964,ng,45.097,2006,,
2085,5964,ng,45.097,2002,,
2086,5965,solar,12.223,2002,,
2087,5966,hydro,4.1,1974,,
2088,5966,hydro,4.1,1981,,
2089,5966,hydro,4.1,1982,,
2091,5966,hydro,0.6,2009,,
2092,5966,hydro,0.6,1974,,
2093,5966,hydro,0.6,1974,,
2096,5968,ng,104.43,2005,,
2097,5968,ng,104.43,1973,,
2098,5968,ng,104.43,1991,,
2099,5968,ng,104.43,1969,,
2104,5972,hydro,151.0,1988,,
2105,5972,hydro,151.0,1963,,
2106,5972,hydro,151.0,1993,,
2109,5974,dfo,5.777,2009,2011.0,
2110,5974,dfo,5.777,1991,,
2111,5975,ng,29.34,2005,,
2114,5977,solar,8.148,1994,,
2115,5978,ng,122.578,1987,,
2116,5979,ng,57.594,1961,,
2117,5979,ng,57.594,1974,,
2118,5979,ng,57.594,1993,,
2120,5981,solar,1.956,1964,,
2121,5981,solar,6.519,1970,,
2122,5982,dfo,25.087,1996,,
2123,5983,ng,155.831,2002,,
2124,5983,ng,155.831,1982,,
2125,5983,ng,155.831,1970,,
2128,5984,dfo,7.317,1965,2012.0,
2129,5984,dfo,7.317,1961,,
2130,5985,dfo,0.327,1977,2016.0,
2131,5985,dfo,0.327,1972,2011.0,
2132,5985,dfo,0.327,2002,,
2133,5985,dfo,0.327,1993,2011.0,
2134,5986,solar,3.096,1973,,
2135,5986,solar,7.985,2001,,
2136,5987,solar,19.556,1968,,
2137,5988,ng,273.116,1987,,
2139,5988,ng,273.116,1997,,
2140,5989,ng,125.621,2002,,
2141,5989,ng,125.621,1968,,
2142,5990,solar,1.63,1987,,
2143,5990,solar,3.259,2002,,
2144,5990,solar,3.911,1983,,
2145,5990,solar,4.4,1965,,
2150,5993,ng,81.501,1985,,
2151,5993,ng,81.501,1985,,
2152,5993,ng,81.501,1975,,
2153,5994,ng,253.708,1997,,
2154,5994,ng,253.708,1995,,
2155,5994,ng,253.708,1972,,
2156,5994,ng,253.708,1970,,
2157,5994,ng,253.708,1965,,
2158,5994,ng,253.708,2010,,
2162,5996,solar,1.63,1964,,
2164,5997,solar,6.03,1967,,
2165,5997,solar,1.956,1969,,
2166,5997,solar,1.956,2006,,
2167,5997,solar,1.793,1991,,
2168,5998,wind,1.5,1963,,
2169,5998,wind,7.5,1990,,
2170,5999,dfo,8.088,2009,2024.0,
2171,5999,dfo,8.088,1989,,
2172,5999,dfo,8.088,1985,,
2173,5999,dfo,8.088,1995,2016.0,
2174,5999,dfo,8.088,1964,2022.0,
2175,6000,ng,176.423,2004,,
2176,6000,ng,176.423,1962,,
2177,6000,ng,176.423,1979,,
2178,6000,ng,176.423,2002,,
2179,6000,ng,176.423,1974,,
2180,6000,ng,176.423,1991,,
2181,6001,ng,107.799,1968,,
2182,6001,ng,107.799,1998,,
2183,6001,ng,107.799,2004,,
2184,6001,ng,107.799,1967,,
2185,6001,ng,107.799,1977,,
2186,6001,ng,107.799,1966,,
2187,6002,ng,85.305,1965,,
2188,6002,ng,85.305,1983,,
2192,6004,solar,8.474,2000,,
2193,6004,solar,1.793,1995,,
2194,6005,solar,29.334,1994,,
2196,7096,ng,77.108,1967,,
2197,7097,coal,60.026,1975,2016.0,
2198,7098,dfo,15.133,1967,,
2199,7098,dfo,15.133,1989,,
2200,7098,dfo,15.133,1999,,
2201,7099,ng,260.854,2008,,
2202,7099,ng,260.854,1995,,
2203,7099,ng,260.854,1966,,
2204,7100,dfo,1.192,2001,,
2205,7100,dfo,1.192,1996,,
2206,7100,dfo,19.273,1995,2021.0,
2207,7100,dfo,19.273,1985,,
2208,7100,dfo,1.192,1985,,
2209,7101,wind,100.112,1977,,
2211,7102,solar,3.342,1993,,
2212,7102,solar,2.117,1989,,
2213,7102,solar,1.04,1986,,
2216,7103,nuclear,897.888,1977,,
2217,7104,ng,61.98,1984,,
2218,7104,ng,61.98,1976,,
2219,7104,ng,61.98,1989,,
2220,7105,wind,67.723,2003,,
2221,7106,solar,11.252,1998,,
2222,7106,solar,3.342,2000,,
2223,7106,solar,2.005,1989,,
2225,7107,dfo,46.969,2003,2014.0,
2226,7107,dfo,46.969,2010,,
2227,7108,ng,178.432,1963,,
2228,7108,ng,178.432,2002,,
2229,7108,ng,178.432,2001,,
2230,7108,ng,178.432,1976,,
2231,7109,nuclear,1188.274,2007,,
2232,7109,nuclear,1188.274,2000,,
2233,7110,solar,0.724,1993,,
2235,7110,solar,3.231,1976,,
2236,7110,solar,3.342,2008,,
2240,7110,solar,1.114,1982,,
2243,7110,solar,1.448,1961,,
2244,7110,solar,1.671,1974,,
2245,7110,solar,2.228,1965,,
2246,7111,ng,276.824,1998,,
2247,7111,ng,276.824,1999,,
2248,7111,ng,276.824,2000,,
2249,7112,ng,54.651,1987,,
2250,7112,ng,54.651,1980,,
2251,7112,ng,54.651,1990,,
2252,7112,ng,54.651,1964,,
2258,7115,dfo,13.991,1965,,
2259,7116,ng,286.128,1980,,
2260,7116,ng,286.128,2000,,
2261,7116,ng,286.128,1995,,
2262,7116,ng,286.128,1994,,
2263,7117,ng,30.588,1960,,
2264,7118,hydro,41.195,1970,,
2265,7118,hydro,41.195,1961,,
2266,7118,hydro,41.195,2009,,
2267,7118,hydro,41.195,1968,,
2268,7118,hydro,41.195,1972,,
2269,7118,hydro,41.195,1978,,
2270,7119,dfo,13.277,2003,2017.0,
2271,7119,dfo,13.277,1999,,
2272,7119,dfo,13.277,1960,2011.0,
2273,7120,dfo,14.205,1974,2011.0,
2274,7120,dfo,14.205,1981,2019.0,
2281,7122,dfo,11.421,2002,2013.0,
2282,7122,dfo,11.421,2000,2019.0,
2283,7123,coal,42.377,1978,2022.0,
2284,7124,coal,120.142,2009,2013.0,
2285,7125,dfo,14.276,1984,,
2286,7126,nuclear,1042.257,1987,,
2287,7126,nuclear,1042.257,1996,,
2288,7127,nuclear,1200.083,1987,,
2289,7127,nuclear,1200.083,1984,,
2297,7129,coal,191.278,1964,2018.0,
2298,7129,coal,191.278,1963,,
2299,7130,dfo,11.421,1976,2019.0,
2300,7130,dfo,11.421,1999,2013.0,
2301,7131,ng,64.363,1969,,
2302,7132,dfo,19.273,1986,,
2303,7132,dfo,19.273,2008,2022.0,
2304,7133,wind,63.306,2007,,
2305,7134,ng,309.286,1983,,
2306,7134,ng,309.286,1992,,
2307,7134,ng,309.286,1988,,
2308,7135,coal,84.216,1964,,
2309,7136,ng,284.216,2003,,
2310,7136,ng,284.216,1971,,
2311,7136,ng,284.216,1978,,
2312,7136,ng,284.216,2002,,
2313,7136,ng,284.216,1966,,
2314,7136,ng,284.216,1966,,
2315,7137,coal,52.859,1989,2018.0,
2316,7138,dfo,13.206,1979,,
2317,7138,dfo,13.206,1975,,
2323,7140,dfo,102.505,1998,,
2324,7140,dfo,102.505,1990,,
2325,7140,dfo,102.505,1966,,
2326,7140,dfo,102.505,2007,,
2327,7140,dfo,102.505,1980,,
2328,7140,dfo,102.505,1997,2019.0,
2329,7141,wind,98.64,1979,,
2330,7142,dfo,11.421,2002,,
2331,7142,dfo,11.421,2004,2023.0,
2332,7143,hydro,19.59,1968,,
2334,7145,dfo,12.542,1968,,
2335,7145,dfo,12.542,1966,,
2336,7145,dfo,12.542,1978,,
2337,7146,dfo,46.163,1998,,
2338,7146,dfo,46.163,2005,2016.0,
2339,7146,dfo,46.163,2000,2019.0,
2342,7147,ng,122.736,1976,,
2343,7147,ng,122.736,1999,,
2350,7149,ng,276.149,1961,,
2351,7149,ng,276.149,1974,,
2352,7149,ng,276.149,1996,,
2353,7149,ng,276.149,1975,,
2354,7149,ng,276.149,1998,,
2355,7149,ng,276.149,1985,,
2356,7150,coal,43.004,2001,,
2357,7151,wind,138.39,1961,,
2358,7152,ng,28.422,1981,,
2359,7152,ng,28.422,1977,,
2360,7152,ng,28.422,1991,,
2361,7152,ng,28.422,2002,,
2362,7153,wind,23.556,2007,,
2363,7154,coal,88.875,1980,,
2364,7155,hydro,178.573,1982,,
2365,7155,hydro,178.573,1970,,
2366,7155,hydro,178.573,2004,,
2367,7155,hydro,178.573,1980,,
2368,7155,hydro,178.573,1998,,
2369,7155,hydro,178.573,1985,,
2370,7156,dfo,65.008,1978,,
2371,7156,dfo,65.008,1985,,
2372,7156,dfo,65.008,1991,,
2373,7156,dfo,65.008,1996,,
2374,7156,dfo,65.008,1962,,
2375,7156,dfo,65.008,1990,2012.0,
2376,7157,dfo,13.277,1971,,
2377,7157,dfo,13.277,1968,2015.0,
2378,7157,dfo,13.277,1982,2013.0,
2379,7157,dfo,13.277,1993,2014.0,
2380,7158,dfo,1.927,1961,2023.0,
2381,7158,dfo,1.927,1960,2022.0,
2382,7158,dfo,1.927,1972,,
2383,7159,coal,482.629,1994,,
2386,7160,wind,25.519,2004,,
2387,7161,dfo,13.206,1992,2024.0,
2388,7162,ng,1083.973,1962,,
2389,7162,ng,1083.973,1979,,
2390,7163,ng,266.411,2010,,
2391,7163,ng,266.411,1995,,
2392,7163,ng,266.411,1965,,
2393,7163,ng,266.411,1982,,
2394,7164,dfo,19.273,1983,2015.0,
2395,7165,dfo,13.206,1996,2023.0,
2396,7165,dfo,13.206,2000,2017.0,
2397,7166,ng,74.941,1971,,
2398,7166,ng,74.941,1979,,
2400,7167,dfo,14.276,1969,,
2401,7167,dfo,14.276,2004,2016.0,
2402,7167,dfo,14.276,1989,2020.0,
2403,7168,coal,32.253,1996,,
2404,7169,ng,330.354,1973,,
2405,7169,ng,330.354,1978,,
2406,7169,ng,330.354,2010,,
2409,7170,ng,56.079,1993,,
2411,7171,hydro,19.989,1961,,
2412,7172,dfo,15.133,1984,2014.0,
2413,7172,dfo,15.133,2009,,
2414,7172,dfo,15.133,1974,,
2415,7173,dfo,13.741,1998,,
2416,7173,dfo,13.741,2003,2021.0,
2417,7173,dfo,13.741,1987,,
2418,7173,dfo,13.741,1981,,
2419,7174,dfo,12.849,1983,,
2420,7174,dfo,12.849,2005,2015.0,
2421,7175,hydro,69.547,2007,,
2422,7175,hydro,69.547,1999,,
2423,7175,hydro,69.547,1982,,
2424,7175,hydro,69.547,1999,,
2427,8244,coal,66.746,1996,2022.0,
2428,8244,coal,66.746,1998,2024.0,
2429,8245,coal,524.11,2008,,
2430,8246,ng,75.069,1960,,
2431,8246,ng,75.069,2009,,
2432,8246,ng,75.069,1960,,
2433,8246,ng,75.069,1970,,
2434,8246,ng,75.069,1962,,
2435,8247,coal,87.8,1969,2011.0,
2436,8248,wind,10.208,1987,,
2437,8248,wind,8.833,1979,,
2438,8249,coal,140.211,1979,,
2439,8249,coal,140.211,2000,,
2440,8249,coal,140.211,2009,2025.0,
2441,8249,coal,140.211,2005,2011.0,
2442,8250,hydro,10.844,1969,,
2443,8250,hydro,10.844,2010,,
2444,8250,hydro,1.299,1963,,
2446,8250,hydro,0.7,1976,,
2447,8250,hydro,0.7,1983,,
2457,8252,wind,49.075,1980,,
2458,8253,hydro,9.995,2005,,
2459,8253,hydro,9.995,1995,,
2460,8253,hydro,9.995,2008,,
2462,8255,coal,84.843,1998,,
2463,8256,wind,61.343,2009,,
2464,8257,coal,103.926,1966,,
2465,8257,coal,103.926,1997,2011.0,
2466,8257,coal,103.926,2009,,
2468,8258,hydro,156.25,1993,,
2469,8258,hydro,156.25,1971,,
2471,8260,wind,29.445,1975,,
2472,8261,wind,28.856,1985,,
2473,8262,wind,49.467,1978,,
2474,8263,ng,55.824,1993,,
2475,8263,ng,55.824,1967,,
2476,8264,dfo,0.393,1986,,
2477,8264,dfo,0.393,1970,,
2478,8264,dfo,2.284,1979,2023.0,
2479,8264,dfo,2.284,1996,2012.0,
2480,8264,dfo,3.141,1978,2013.0,
2481,8264,dfo,18.202,1991,,
2482,8264,dfo,18.202,1986,,
2483,8264,dfo,18.202,1970,,
2484,8265,ng,236.205,2006,,
2485,8265,ng,236.205,1987,,
2486,8265,ng,236.205,1962,,
2489,8267,coal,105.718,1987,,
2490,8268,wind,54.178,1996,,
2491,8269,coal,570.698,1979,2014.0,
2492,8270,coal,818.598,1971,,
2493,8270,coal,818.598,1996,,
2494,8270,coal,818.598,1960,2023.0,
2495,8271,wind,14.722,1983,,
2496,8271,wind,33.861,1963,,
2497,8272,wind,29.445,2006,,
2498,8273,nuclear,845.34,1964,,
2499,8273,nuclear,845.34,2006,,
2500,8274,ng,55.824,1976,,
2501,8274,ng,55.824,1976,,
2502,8275,ng,55.824,1987,,
2503,8275,ng,55.824,1962,,
2505,8277,coal,838.576,1980,2011.0,
2506,8277,coal,838.576,1993,,
2507,8278,wind,37.297,2010,,
2508,8279,coal,600.863,2005,2018.0,
2509,8279,coal,600.863,1961,2017.0,
2510,8279,coal,600.863,2008,2011.0,
2511,8280,ng,273.638,1985,,
2512,8280,ng,273.638,1961,,
2513,8280,ng,273.638,2009,,
2514,8281,hydro,6.796,2010,,
2515,8281,hydro,5.997,2006,,
2517,8281,hydro,8.895,1991,,
2518,8281,hydro,8.895,1962,,
2522,8282,ng,7.647,1990,,
2523,8282,ng,7.647,1995,,
2525,8282,ng,7.647,1976,,
2526,8282,ng,8.922,2006,,
2527,8283,dfo,2.141,1983,2013.0,
2528,8283,dfo,2.141,1980,2022.0,
2529,8283,dfo,2.141,2007,,
2533,8283,dfo,2.141,2000,,
2534,8283,dfo,2.141,1974,,
2535,8283,dfo,1.428,1968,2013.0,
2536,8283,dfo,1.428,1968,2020.0,
2537,8283,dfo,1.428,1990,2012.0,
2538,8284,hydro,0.4,1998,,
2539,8284,hydro,0.4,2007,,
2540,8284,hydro,4.598,1995,,
2541,8284,hydro,7.496,1988,,
2542,8284,hydro,7.496,1993,,
2543,8284,hydro,0.4,1975,,
2544,8284,hydro,2.599,1986,,
2545,8284,hydro,2.599,2003,,
2546,8284,hydro,4.598,2000,,
2547,8284,hydro,4.598,1964,,
2548,8284,hydro,4.598,1999,,
2550,8286,wind,136.82,2000,,
2551,8287,dfo,37.904,1995,,
2552,8288,wind,78.519,1969,,
2556,8289,hydro,12.793,1994,,
2557,8289,hydro,6.097,1982,,
2558,8289,hydro,6.097,1983,,
2559,8290,ng,108.295,1972,,
2560,8290,ng,108.295,1992,,
2561,8290,ng,108.295,1990,,
2562,8290,ng,108.295,1964,,
2563,8291,ng,219.216,1979,,
2564,8291,ng,219.216,1996,,
2565,8291,ng,219.216,1967,,
2566,8291,ng,219.216,1963,,
2567,8292,wind,51.528,1972,,
2568,8381,dfo,18.6,2010,2018.0,
2569,8382,solar,12.842,1998,,
2571,8382,solar,4.353,2001,,
2572,8382,solar,1.415,2000,,
2573,8382,solar,1.306,1990,,
2574,8383,ng,5.392,1993,,
2575,8383,ng,5.392,2003,,
2579,8383,ng,5.392,1960,,
2580,8383,ng,3.715,1969,,
2581,8383,ng,2.396,2008,,
2582,8384,dfo,26.0,1975,,
2583,8384,dfo,26.0,1975,2012.0,
2584,8384,dfo,18.5,1986,2021.0,
2585,8384,dfo,12.5,1989,,
2586,8385,ng,60.392,1989,,
2587,8385,ng,60.392,1979,,
2588,8385,ng,60.392,1981,,
2589,8386,ng,57.516,2008,,
2590,8386,ng,57.516,2000,,
2591,8387,ng,54.041,1961,,
2592,8388,ng,238.247,2002,,
2593,8388,ng,238.247,1987,,
2594,8388,ng,238.247,1984,,
2595,8388,ng,238.247,2006,,
2596,8388,ng,238.247,1990,,
2597,8388,ng,238.247,1997,,
2600,8390,ng,110.239,2004,,
2601,8390,ng,110.239,2007,,
2602,8391,dfo,20.0,1962,2015.0,
2603,8392,coal,445.5,1985,2014.0,
2606,8394,ng,278.712,2006,,
2607,8394,ng,278.712,1965,,
2608,9055,dfo,37.892,1985,,
2609,9055,dfo,37.892,1975,2021.0,
2610,9056,ng,300.562,2001,,
2611,9056,ng,300.562,1978,,
2612,9057,ng,354.036,1979,,
2613,9058,ng,224.039,1986,,
2614,9059,nuclear,841.015,1974,,
2615,9059,nuclear,841.015,2010,,
2616,9060,solar,2.228,1974,,
2617,9060,solar,3.343,1999,,
2618,9060,solar,4.457,1963,,
2621,9062,ng,10.51,1960,,
2622,9063,dfo,0.965,1983,2025.0,
2625,9064,hydro,10.0,1988,,
2626,9064,hydro,10.0,1999,,
2627,9065,wind,11.875,1966,,
2629,9067,ng,190.848,1978,,
2630,9068,dfo,2.715,1989,,
2631,9068,dfo,2.715,2005,2019.0,
2632,9068,dfo,2.715,1966,,
2633,9068,dfo,2.715,1996,2012.0,
2634,9068,dfo,2.715,2003,,
2635,9068,dfo,2.715,2002,,
2636,9069,coal,228.447,1999,2013.0,
2637,9070,ng,177.516,1970,,
2638,9070,ng,177.516,1977,,
2639,9070,ng,177.516,1984,,
2640,9071,wind,47.5,1980,,
2645,9074,ng,12.299,1961,,
2646,9074,ng,12.299,2010,,
2647,9074,ng,12.299,1997,,
2648,9075,wind,83.125,1989,,
2649,9076,ng,28.157,1972,,
2651,9076,ng,28.157,1997,,
2652,9076,ng,28.157,2000,,
2653,9076,ng,28.157,1975,,
2655,9077,dfo,20.7,1992,,
2656,9077,dfo,20.7,1990,2025.0,
2657,9077,dfo,20.7,1961,,
2658,9077,dfo,20.7,2009,2014.0,
2659,9077,dfo,20.7,1994,,
2660,9077,dfo,20.7,2005,2016.0,
2661,9078,ng,356.157,1978,,
2662,9078,ng,356.157,2003,,
2663,9078,ng,356.157,2003,,
2664,9078,ng,356.157,1997,,
2665,9079,ng,244.875,2006,,
2667,9081,dfo,90.367,2007,2024.0,
2668,9081,dfo,90.367,1992,2017.0,
2671,9083,dfo,7.973,2000,2025.0,
2672,9084,solar,2.228,2002,,
2673,9084,solar,3.12,1995,,
2674,9084,solar,4.457,1981,,
2675,9084,solar,4.68,2005,,
2676,9084,solar,1.783,1978,,
2678,9084,solar,2.228,1980,,
2679,9084,solar,2.228,1978,,
2680,9085,coal,195.527,2008,,
2681,9085,coal,195.527,1970,,
2682,9085,coal,195.527,1992,2014.0,
2683,9086,dfo,8.686,2003,2018.0,
2684,9086,dfo,8.686,1986,2015.0,
2685,9086,dfo,8.686,1986,,
2686,9086,dfo,8.686,1988,2015.0,
2687,9087,ng,133.132,1965,,
2689,9088,dfo,10.491,1983,2022.0,
2690,9088,dfo,10.491,2009,,
2691,9089,coal,363.122,1989,,
2692,9089,coal,363.122,1998,2016.0,
2693,9090,dfo,0.357,1982,,
2694,9090,dfo,0.357,1995,,
2695,9090,dfo,0.42,1967,2013.0,
2696,9090,dfo,0.42,1974,,
2701,9091,coal,624.49,1992,,
2702,9091,coal,624.49,1977,2018.0,
2703,9092,coal,246.903,2004,,
2704,9092,coal,246.903,1985,2019.0,
2705,9093,solar,2.228,1996,,
2706,9093,solar,6.24,1978,,
2708,9094,dfo,6.714,2001,2022.0,
2709,9095,dfo,0.755,1987,,
2710,9095,dfo,0.755,2007,,
2711,9095,dfo,0.755,1965,2015.0,
2712,9095,dfo,0.755,1972,2012.0,
2713,9095,dfo,0.755,1963,,
2714,9096,ng,10.75,1963,,
2715,9096,ng,10.75,1968,,
2717,9097,dfo,2.35,2005,,
2718,9097,dfo,2.35,1987,2017.0,
2719,9097,dfo,2.35,2010,,
2720,9097,dfo,2.35,1996,2015.0,
2721,9097,dfo,2.35,1985,2012.0,
2722,9097,dfo,2.35,1987,,
2723,9098,dfo,134.209,1988,,
2724,9098,dfo,134.209,2005,2015.0,
2725,9098,dfo,134.209,1976,,
2726,9098,dfo,134.209,1985,,
2727,9098,dfo,134.209,1992,2015.0,
2728,9098,dfo,134.209,1974,2016.0,
2729,9099,ng,44.255,2004,,
2730,9099,ng,44.255,1963,,
2731,9099,ng,44.255,1972,,
2732,9099,ng,44.255,1986,,
2734,9099,ng,44.255,1991,,
2735,9100,ng,20.283,1964,,
2736,9100,ng,20.283,1979,,
2739,9102,wind,47.5,1980,,
2740,9103,dfo,22.282,1995,2012.0,
2741,9103,dfo,22.282,1976,2021.0,
2742,9103,dfo,22.282,1967,,
2743,9103,dfo,22.282,1960,,
2744,9104,hydro,88.467,1964,,
2746,9104,hydro,88.467,1997,,
2747,9104,hydro,88.467,1965,,
2755,9631,ng,282.725,1977,,
2756,9631,ng,282.725,1986,,
2757,9631,ng,282.725,1968,,
2758,9631,ng,282.725,1961,,
2759,9632,dfo,2.008,1964,2011.0,
2760,9633,ng,52.593,1995,,
2761,9633,ng,52.593,1965,,
2768,9636,dfo,1.807,1966,2018.0,
2772,9637,hydro,21.734,1978,,
2773,9638,coal,163.327,1971,2016.0,
2774,9638,coal,163.327,2002,,
2775,9638,coal,163.327,2009,2019.0,
2777,9639,hydro,0.755,1970,,
2778,9640,hydro,2.092,1968,,
2779,9640,hydro,2.092,1973,,
2780,9641,ng,151.923,1984,,
2781,9641,ng,151.923,1994,,
2782,9642,dfo,0.904,1972,2017.0,
2783,9643,ng,121.706,2006,,
2784,9643,ng,121.706,2009,,
2785,9643,ng,121.706,2006,,
2786,9643,ng,121.706,2004,,
2787,9643,ng,121.706,1969,,
2794,9645,dfo,6.858,1976,,
2795,9645,dfo,6.858,1985,2013.0,
2796,9645,dfo,6.858,2003,2021.0,
2797,9646,hydro,0.62,1967,,
2798,9646,hydro,0.62,1984,,
2799,9646,hydro,0.62,1990,,
2801,9647,hydro,0.62,1996,,
2802,9647,hydro,0.62,1971,,
2803,9648,coal,116.048,1973,,
2805,9649,hydro,1.162,1994,,
2806,9650,coal,48.07,1987,,
2807,9650,coal,48.07,1996,2019.0,
2811,9653,ng,89.767,1997,,
2812,9653,ng,89.767,1989,,
2813,9653,ng,89.767,1977,,
2814,9653,ng,89.767,1974,,
2815,9654,hydro,554.399,1977,,
2816,9654,hydro,554.399,1976,,
2817,9654,hydro,554.399,1999,,
2819,9654,hydro,554.399,2007,,
2820,9654,hydro,554.399,1990,,
2821,9655,hydro,0.581,1993,,
2823,9655,hydro,0.581,1984,,
2825,9656,hydro,4.3,1991,,
2826,9656,hydro,4.3,1998,,
2827,9657,hydro,2.906,1979,,
2831,9657,hydro,2.906,1996,,
2832,9658,ng,222.721,2000,,
2833,9658,ng,222.721,2002,,
2834,9658,ng,222.721,1996,,
2835,9659,coal,4.676,1990,,
2836,9659,coal,4.676,1960,,
2837,9659,coal,4.676,1985,,
2838,9659,coal,4.676,1987,2011.0,
2840,9660,coal,4.126,1980,2015.0,
2841,9660,coal,4.126,1981,2018.0,
2843,9661,hydro,0.232,1981,,
2844,9661,hydro,0.232,2004,,
2846,9663,hydro,1.743,1981,,
2847,9663,hydro,1.743,1961,,
2848,9663,hydro,1.743,1981,,
2849,9663,hydro,1.743,1961,,
2850,9663,hydro,1.743,1984,,
2852,9664,hydro,0.697,1976,,
2853,9664,hydro,0.697,1964,,
2854,9665,hydro,6.276,1966,,
2856,9665,hydro,6.276,1973,,
2857,9665,hydro,6.276,1989,,
2858,9666,dfo,20.786,1981,,
2859,9666,dfo,20.786,2007,2012.0,
2860,9666,dfo,20.786,1968,2023.0,
2861,9666,dfo,20.786,1993,,
2863,9667,hydro,23.245,1987,,
2864,9668,hydro,2.906,1988,,
2866,9669,coal,291.581,2000,,
2867,9669,coal,291.581,1971,2023.0,
2868,9670,ng,68.132,2006,,
2869,9670,ng,68.132,1992,,
2870,9670,ng,68.132,1976,,
2871,9670,ng,68.132,1987,,
2872,9670,ng,68.132,1968,,
2877,9672,coal,15.301,1962,2019.0,
2880,9673,hydro,1.569,1996,,
2881,9673,hydro,1.569,1974,,
2882,9674,ng,439.931,2003,,
2883,9674,ng,439.931,1969,,
2884,9674,ng,439.931,1962,,
2885,9674,ng,439.931,1982,,
2886,9675,dfo,1.305,1961,,
2887,9676,hydro,57.493,1981,,
2888,9676,hydro,57.493,1987,,
2889,9676,hydro,57.493,1969,,
2891,9676,hydro,57.493,1988,,
2893,10258,hydro,3.371,2007,,
2894,10259,ng,223.522,1977,,
2895,10260,coal,39.473,1974,,
2896,10260,coal,39.473,1983,2015.0,
2897,10261,dfo,4.017,1971,,
2899,10262,dfo,1.807,1966,2011.0,
2900,10262,dfo,1.807,1961,,
2901,10263,dfo,2.008,1989,,
2902,10263,dfo,2.008,1991,2019.0,
2903,10263,dfo,2.008,1971,,
2904,10263,dfo,2.008,2008,2014.0,
2905,10263,dfo,2.008,1996,,
2906,10263,dfo,2.008,1983,2020.0,
2907,10264,ng,149.807,1979,,
2908,10264,ng,149.807,1965,,
2909,10264,ng,149.807,1980,,
2910,10264,ng,149.807,1988,,
2911,10264,ng,149.807,2006,,
2912,10264,ng,149.807,1993,,
2919,10267,ng,133.456,1969,,
2920,10267,ng,133.456,1972,,
2921,10267,ng,133.456,1962,,
2922,10267,ng,133.456,1968,,
2923,10268,hydro,1.162,1998,,
2924,10269,dfo,16.92,1999,,
2925,10269,dfo,16.92,1960,,
2926,10269,dfo,16.92,1965,2011.0,
2927,10269,dfo,16.92,1999,,
2928,10270,ng,244.236,1987,,
2929,10270,ng,244.236,1991,,
2930,10270,ng,244.236,1979,,
2931,10271,dfo,12.05,1962,2019.0,
2932,10272,dfo,1.225,1980,,
2933,10272,dfo,1.225,1966,2012.0,
2934,10272,dfo,1.225,1962,2015.0,
2935,10272,dfo,1.225,2010,,
2938,10273,hydro,1.453,2007,,
2941,10275,dfo,2.209,1967,2012.0,
2942,10275,dfo,2.209,2010,2018.0,
2943,10275,dfo,2.209,1993,,
2944,10275,dfo,2.209,1975,,
2945,10275,dfo,2.209,1985,2015.0,
2946,10275,dfo,2.209,1965,2021.0,
2947,10276,dfo,1.807,1962,2022.0,
2948,10276,dfo,1.807,1967,2012.0,
2949,10276,dfo,1.807,2008,2016.0,
2950,10276,dfo,1.807,1993,,
2951,10276,dfo,1.807,1965,2014.0,
2952,10276,dfo,1.807,2000,2020.0,
2953,10277,dfo,163.675,1986,,
2954,10277,dfo,163.675,1991,2011.0,
2955,10277,dfo,163.675,1996,2025.0,
2956,10277,dfo,163.675,2005,2011.0,
2957,10277,dfo,163.675,1968,2013.0,
2958,10277,dfo,163.675,1979,,
2959,10278,dfo,20.786,1963,,
2960,10278,dfo,20.786,1963,,
2961,10278,dfo,20.786,1984,,
2962,10278,dfo,20.786,1965,,
2963,10279,nuclear,908.326,1997,,
2964,10279,nuclear,908.326,1970,,
2965,10280,dfo,1.807,2007,2017.0,
2966,10280,dfo,1.807,1963,,
2967,10281,ng,213.362,1989,,
2968,10281,ng,213.362,2005,,
2969,10281,ng,213.362,1968,,
2970,10281,ng,213.362,1980,,
2971,10281,ng,213.362,2007,,
2972,10282,ng,131.483,2004,,
2973,10282,ng,131.483,1973,,
2974,10282,ng,131.483,1994,,
2975,10283,dfo,67.358,1977,2024.0,
2976,10283,dfo,67.358,2006,,
2977,10283,dfo,67.358,1967,2017.0,
2978,10283,dfo,67.358,1980,,
2979,10283,dfo,67.358,1995,2020.0,
2980,10283,dfo,67.358,1971,2024.0,
2981,10284,dfo,4.017,1979,2020.0,
2982,10285,ng,109.848,1964,,
2983,10285,ng,109.848,1982,,
2984,10285,ng,109.848,1994,,
2985,10285,ng,109.848,1977,,
2986,10286,ng,154.911,1971,,
2987,10286,ng,154.911,1983,,
2988,10286,ng,154.911,1960,,
2992,10289,ng,210.911,2004,,
2993,10289,ng,210.911,1982,,
2995,10291,ng,210.816,1967,,
2996,10291,ng,210.816,1979,,
2997,10291,ng,210.816,1985,,
2998,10291,ng,210.816,1978,,
2999,10292,ng,204.516,2005,,
3000,10292,ng,204.516,1971,,
3001,10292,ng,204.516,2001,,
3012,10295,nuclear,785.757,1983,,
3013,10295,nuclear,785.757,2005,,
3016,10297,ng,55.462,2010,,
3017,10298,dfo,27.112,1964,2020.0,
3018,10299,coal,128.942,1990,,
3020,10300,coal,111.66,2004,,
3021,10300,coal,111.66,1993,,
3022,10300,coal,111.66,1990,,
3023,10300,coal,111.66,1961,2018.0,
3024,10301,dfo,885.654,1978,,
3025,10302,ng,110.087,2004,,
3026,10302,ng,110.087,1962,,
3027,10302,ng,110.087,1960,,
3028,10302,ng,110.087,1976,,
3029,10303,dfo,1.807,1969,,
3030,10304,coal,39.473,1966,2023.0,
3031,10304,coal,39.473,1983,2014.0,
3032,10305,dfo,20.133,1998,,
3033,10305,dfo,20.133,1965,,
3034,10306,dfo,3.856,2010,,
3035,10306,dfo,3.856,2002,2016.0,
3036,10306,dfo,3.856,1983,,
3037,10306,dfo,3.856,1971,2024.0,
3038,10306,dfo,3.856,1979,,
3043,10308,ng,120.726,1972,,
3044,10308,ng,120.726,1979,,
3045,10308,ng,120.726,1997,,
3046,10309,coal,39.473,1981,,
3047,10309,coal,39.473,2001,2023.0,
3049,10309,coal,39.473,1993,,
3062,11114,solar,4.815,1990,,
3063,11114,solar,4.815,1976,,
3064,11114,solar,4.815,1984,,
3109,11129,solar,74.083,2007,,
3110,11130,ng,59.534,1982,,
3111,11130,ng,59.534,2006,,
3112,11130,ng,59.534,2009,,
3116,11132,solar,18.521,1971,,
3145,11146,coal,774.16,1973,,
3146,11146,coal,774.16,2010,2012.0,
3147,11146,coal,774.16,2009,2013.0,
3162,11151,solar,18.521,2007,,
3165,11153,coal,69.481,2006,,
3166,11153,coal,69.481,1998,2012.0,
3167,11154,coal,890.669,1993,2020.0,
3177,11158,solar,18.521,1998,,
3178,11159,solar,18.521,1967,,
3179,11159,solar,18.521,1991,,
3253,11181,coal,69.966,2007,2017.0,
3269,11185,solar,17.78,1999,,
3278,11189,solar,18.521,1993,,
3279,11190,solar,14.817,1991,,
3280,11190,solar,18.521,1980,,
3281,11190,solar,18.521,1967,,
3300,11197,hydro,26.911,1997,,
3302,11197,hydro,0.574,1973,,
3304,11197,hydro,26.911,1972,,
3307,11198,coal,220.67,2000,,
3317,11200,solar,45.931,1994,,
3319,11201,solar,18.521,1985,,
3329,11206,solar,18.521,1975,,
3339,11209,hydro,47.794,1974,,
3342,11209,hydro,47.794,1979,,
3361,11217,solar,11.112,1987,,
3362,11217,solar,9.26,1972,,
3379,11224,solar,18.521,1970,,
4928,16876,hydro,34.727,1969,,
4931,16877,ng,251.37,1968,,
4932,16877,ng,251.37,2008,,
4933,16877,ng,251.37,1987,,
4934,16877,ng,251.37,1965,,
4991,16895,coal,26.004,1968,,
4992,16895,coal,26.004,1989,,
4993,16895,coal,26.004,1991,,
4994,16895,coal,26.004,1967,2023.0,
4995,16895,coal,26.004,2007,,
4996,16896,hydro,29.218,1983,,
4997,16896,hydro,29.218,1976,,
5055,17834,ng,233.686,1985,,
5056,17834,ng,233.686,1970,,
5057,17834,ng,233.686,1973,,
5058,17834,ng,233.686,1968,,
5059,17834,ng,233.686,1961,,
5060,17834,ng,233.686,1976,,
5061,17835,ng,206.477,2002,,
5062,17835,ng,206.477,1975,,
5063,17835,ng,206.477,2002,,
5064,17835,ng,206.477,1977,,
5065,17835,ng,206.477,1987,,
5066,17835,ng,206.477,1996,,
5082,17841,coal,355.554,2010,2015.0,
5083,17841,coal,355.554,2001,2017.0,
5084,17841,coal,355.554,1994,,
5085,17841,coal,355.554,1973,,
5092,17843,ng,270.089,1965,,
5093,17843,ng,270.089,1997,,
5094,17843,ng,270.089,1985,,
5095,17843,ng,270.089,1962,,
5096,17843,ng,270.089,1965,,
5109,17847,coal,223.145,1998,2012.0,
5110,17847,coal,223.145,1984,,
5111,17847,coal,223.145,1965,2023.0,
5135,17857,coal,152.082,1986,,
5136,17857,coal,152.082,1994,,
5140,17860,coal,484.894,1960,,
5141,17860,coal,484.894,1961,,
5159,17865,hydro,88.499,1963,,
5167,17868,hydro,56.892,2000,,
5168,17868,hydro,56.892,1982,,
5169,17868,hydro,56.892,1970,,
5170,17868,hydro,56.892,1982,,
5171,17868,hydro,56.892,2002,,
5172,17868,hydro,56.892,1999,,
5180,18681,hydro,5.447,1997,,
5181,18681,hydro,5.447,2000,,
5183,18682,dfo,18.5,1976,,
5190,18684,hydro,1.059,1984,,
5191,18684,hydro,1.059,1985,,
5193,18684,hydro,0.719,1972,,
5195,18684,hydro,0.719,1971,,
5196,18684,hydro,0.567,1988,,
5199,18685,hydro,45.389,1967,,
5200,18686,coal,882.312,1979,2018.0,
5201,18686,coal,882.312,1967,2022.0,
5203,18687,coal,137.645,1965,,
5204,18687,coal,137.645,1980,,
5205,18687,coal,137.645,1976,2022.0,
5206,18687,coal,137.645,2003,2012.0,
5207,18688,coal,728.844,1995,,
5209,18690,hydro,9.267,1967,,
5210,18690,hydro,9.267,1962,,
5211,18690,hydro,9.267,1991,,
5212,18691,wind,171.543,1978,,
5213,18691,wind,171.543,1997,,
5214,18692,coal,617.374,1981,,
5215,18692,coal,617.374,1963,2020.0,
5216,18693,coal,617.374,1964,2018.0,
5217,18693,coal,617.374,1990,2017.0,
5219,18694,coal,198.209,2006,,
5220,18694,coal,198.209,1974,,
5221,18695,hydro,28.935,1976,,
5222,18695,hydro,28.935,1995,,
5223,18695,hydro,28.935,2004,,
5224,18695,hydro,28.935,1967,,
5225,18695,hydro,1.173,1975,,
5226,18695,hydro,1.173,1994,,
5229,18695,hydro,1.173,1987,,
5230,18695,hydro,1.173,1985,,
5232,18697,coal,500.154,1987,2013.0,
5233,18697,coal,500.154,1961,,
5234,18697,coal,500.154,1981,,
5235,18698,coal,736.787,1967,,
5236,18698,coal,736.787,1980,,
5237,18699,coal,519.894,1999,2025.0,
5238,18699,coal,519.894,1998,,
5239,18700,coal,86.378,2006,2016.0,
5241,18701,hydro,5.447,1983,,
5243,18702,wind,126.837,1975,,
5244,18703,hydro,23.829,1984,,
5245,18703,hydro,23.829,1983,,
5247,18705,ng,96.148,1969,,
5248,18705,ng,96.148,1989,,
5249,18705,ng,96.148,1978,,
5250,18705,ng,96.148,1972,,
5251,18705,ng,96.148,1999,,
5252,18705,ng,96.148,1961,,
5253,18706,ng,191.184,1996,,
5254,18706,ng,191.184,1994,,
5255,18707,coal,1173.371,1993,,
5256,18708,coal,214.366,2006,,
5257,18708,coal,214.366,2006,,
5258,18708,coal,214.366,1968,,
5259,18709,ng,63.358,1983,,
5261,18709,ng,63.358,1962,,
5262,18709,ng,63.358,1966,,
5263,18709,ng,63.358,1988,,
5264,18709,ng,63.358,1999,,
5265,19530,dfo,24.971,1976,2015.0,
5267,19531,hydro,24.383,1962,,
5268,19532,dfo,5.325,1993,,
5269,19532,dfo,5.325,1982,2025.0,
5270,19532,dfo,5.325,1974,,
5271,19532,dfo,5.325,1962,,
5272,19532,dfo,5.325,1980,2025.0,
5273,19533,coal,398.896,1992,2021.0,
5274,19533,coal,398.896,1961,,
5275,19533,coal,398.896,1973,2012.0,
5276,19533,coal,398.896,1996,2014.0,
5277,19533,coal,398.896,1964,2014.0,
5278,19533,coal,398.896,1975,2021.0,
5279,19534,ng,20.189,1966,,
5280,19535,ng,84.485,1964,,
5281,19535,ng,84.485,1970,,
5282,19535,ng,84.485,1982,,
5283,19535,ng,84.485,1965,,
5284,19535,ng,84.485,1980,,
5285,19535,ng,84.485,2008,,
5286,19536,dfo,1.131,1990,2011.0,
5287,19537,ng,246.725,1986,,
5288,19537,ng,246.725,1973,,
5289,19537,ng,246.725,1962,,
5290,19538,hydro,24.074,1985,,
5291,19538,hydro,24.074,1991,,
5292,19538,hydro,24.074,1977,,
5294,19540,coal,643.855,1978,2015.0,
5295,19541,coal,594.733,1977,2017.0,
5296,19541,coal,594.733,2000,2017.0,
5300,19543,coal,1267.048,1995,,
5301,19543,coal,1267.048,1975,,
5302,19544,ng,238.546,1992,,
5303,19544,ng,238.546,1980,,
5304,19544,ng,238.546,1999,,
5305,19544,ng,238.546,1995,,
5306,19545,solar,5.319,1965,,
5308,19547,dfo,2.262,2008,,
5309,19548,ng,222.291,1989,,
5310,19548,ng,222.291,1997,,
5311,19548,ng,222.291,1963,,
5312,19548,ng,222.291,1971,,
5313,19548,ng,222.291,1987,,
5314,19548,ng,222.291,1965,,
5315,19549,ng,16.876,2009,,
5316,19550,dfo,2.349,1988,,
5317,19550,dfo,2.349,2003,2013.0,
5318,19550,dfo,2.349,1980,2013.0,
5319,19550,dfo,2.349,1968,,
5320,19551,ng,33.753,1981,,
5321,19552,dfo,15.792,1999,2011.0,
5322,19552,dfo,15.792,1978,,
5329,19554,ng,234.094,2010,,
5330,19554,ng,234.094,1977,,
5331,19554,ng,234.094,2005,,
5332,19555,hydro,1.132,2005,,
5333,19555,hydro,1.132,1989,,
5335,19556,dfo,0.522,1960,2012.0,
5336,19556,dfo,0.522,1965,,
5338,19557,coal,561.819,1973,2013.0,
5339,19557,coal,561.819,2005,,
5340,19558,hydro,2.675,1999,,
5341,19558,hydro,2.675,1960,,
5342,19559,coal,12.183,1984,2016.0,
5343,19560,dfo,0.957,1997,2019.0,
5344,19560,dfo,12.181,1961,,
5345,19561,dfo,18.532,2005,,
5346,19561,dfo,18.532,1986,2021.0,
5347,19562,ng,101.392,1996,,
5348,19562,ng,101.392,2008,,
5349,19562,ng,101.392,1973,,
5352,19565,coal,103.508,1997,2011.0,
5353,19566,ng,97.323,1960,,
5354,19566,ng,97.323,1982,,
5355,19566,ng,97.323,1990,,
5356,19566,ng,97.323,1980,,
5357,19567,dfo,3.132,1969,,
5360,19569,ng,21.66,1972,,
5361,19569,ng,21.66,1967,,
5362,19569,ng,21.66,1978,,
5363,19569,ng,21.66,1984,,
5364,19569,ng,21.66,1980,,
5365,19569,ng,21.66,1981,,
5366,19570,dfo,2.349,1967,2025.0,
5367,19570,dfo,2.349,2007,2017.0,
5368,19570,dfo,2.349,1967,2024.0,
5369,19570,dfo,2.349,1987,,
5370,19570,dfo,2.349,2010,2024.0,
5371,19571,ng,202.412,1998,,
5372,19571,ng,202.412,2008,,
5373,19571,ng,202.412,1985,,
5374,19571,ng,202.412,1974,,
5375,19571,ng,202.412,1994,,
5376,19572,coal,211.792,1968,,
5377,19572,coal,211.792,1969,,
5378,19572,coal,211.792,1998,,
5379,19572,coal,211.792,2004,2013.0,
5380,19572,coal,211.792,1994,,
5381,19573,dfo,2.349,1989,2025.0,
5382,19573,dfo,2.349,1993,2020.0,
5383,19573,dfo,2.349,1981,,
5384,19573,dfo,2.349,1964,,
5385,19573,dfo,2.349,1967,,
5386,19574,ng,11.389,2002,,
5387,19575,ng,117.896,1971,,
5388,19575,ng,117.896,1973,,
5389,19575,ng,117.896,1982,,
5390,19575,ng,117.896,1970,,
5391,19575,ng,117.896,1985,,
5392,19575,ng,117.896,1970,,
5393,19576,ng,61.086,1974,,
5394,19576,ng,61.086,1987,,
5395,19576,ng,61.086,1974,,
5396,19576,ng,61.086,2007,,
5399,19578,coal,67.251,1987,2022.0,
5400,19578,coal,67.251,1987,2012.0,
5401,19578,coal,67.251,2007,2022.0,
5402,19578,coal,67.251,1978,,
5403,19578,coal,67.251,2005,2018.0,
5404,19579,coal,610.912,1972,2015.0,
5406,19579,coal,610.912,1969,2013.0,
5407,19580,ng,28.628,1995,,
5408,19580,ng,28.628,1977,,
5409,19580,ng,28.628,1968,,
5410,19580,ng,28.628,1989,,
5412,19582,solar,2.393,1995,,
5413,19582,solar,1.463,1960,,
5415,19584,wind,14.867,2000,,
5416,19585,dfo,1.131,1992,,
5417,19585,dfo,1.131,1983,2018.0,
5418,19585,dfo,1.131,1972,2021.0,
5422,19586,ng,97.323,2008,,
5423,19586,ng,97.323,1990,,
5424,19586,ng,97.323,1972,,
5425,19586,ng,97.323,1969,,
5426,19586,ng,97.323,1968,,
5427,19586,ng,97.323,1991,,
5428,19587,coal,13.401,1996,,
5429,19587,coal,13.401,1980,2019.0,
5438,19590,dfo,2.349,1979,2014.0,
5439,19590,dfo,2.349,1997,2023.0,
5440,19590,dfo,2.349,1998,,
5441,19590,dfo,2.349,1978,2012.0,
5442,19591,ng,33.131,2002,,
5443,19592,ng,60.309,1989,,
5444,19592,ng,60.309,1988,,
5448,19594,coal,298.127,1997,2013.0,
5449,19594,coal,298.127,1996,,
5450,19594,coal,298.127,1961,,
5451,19594,coal,298.127,2005,,
5453,20260,dfo,25.232,1963,,
5454,20261,ng,25.625,1963,,
5455,20261,ng,25.625,1963,,
5458,20263,dfo,16.531,1992,2016.0,
5459,20264,ng,88.005,1991,,
5460,20264,ng,88.005,2010,,
5461,20264,ng,88.005,1969,,
5462,20264,ng,88.005,1997,,
5463,20264,ng,88.005,1978,,
5464,20265,wind,19.677,1988,,
5466,20266,coal,373.292,2006,,
5467,20267,ng,25.625,1961,,
5468,20267,ng,25.625,1989,,
5473,20269,ng,205.001,2008,,
5474,20269,ng,205.001,1997,,
5475,20269,ng,205.001,1985,,
5477,20270,solar,4.654,1981,,
5481,20272,dfo,0.522,1983,,
5482,20272,dfo,0.522,1975,2018.0,
5483,20272,dfo,0.522,2008,2021.0,
5484,20272,dfo,0.522,1967,,
5485,20272,dfo,0.522,1960,,
5486,20272,dfo,0.522,1973,2016.0,
5487,20273,dfo,4.698,2006,,
5491,20275,dfo,13.921,1997,,
5492,20275,dfo,1.74,2005,,
5494,20276,dfo,2.027,1979,,
5495,20276,dfo,2.027,1964,2020.0,
5496,20276,dfo,2.027,1996,,
5497,20276,dfo,2.027,1962,2014.0,
5498,20277,dfo,27.842,2008,,
5499,20277,dfo,1.74,1976,,
5500,20278,ng,12.704,1965,,
5501,20278,ng,12.704,1962,,
5502,20278,ng,12.704,1987,,
5503,20279,dfo,1.74,2002,2021.0,
5504,20279,dfo,1.74,1964,,
5511,20280,ng,178.081,2007,,
5512,20280,ng,178.081,1996,,
5513,20280,ng,178.081,1973,,
5514,20280,ng,178.081,2005,,
5521,20283,dfo,3.828,2007,2014.0,
5522,20283,dfo,3.828,2001,,
5523,20284,ng,6.833,1981,,
5524,20284,ng,6.833,1977,,
5525,20285,ng,16.566,1993,,
5526,20286,ng,25.625,2001,,
5527,20286,ng,25.625,2004,,
5529,20288,ng,4.504,1982,,
5530,20288,ng,4.504,1990,,
5531,20288,ng,4.504,2004,,
5532,20288,ng,4.504,1994,,
5534,20288,ng,4.504,1997,,
5535,20289,ng,2.071,1962,,
5536,20289,ng,2.071,1965,,
5537,20289,ng,2.071,1979,,
5538,20289,ng,2.071,1963,,
5539,20289,ng,2.071,1971,,
5540,20290,coal,13.041,1999,,
5542,20290,coal,13.041,1968,2014.0,
5543,20290,coal,13.041,1962,2024.0,
5547,20292,dfo,2.61,1977,2014.0,
5549,20292,dfo,1.566,1990,,
5550,20293,dfo,1.566,1974,2013.0,
5551,20293,dfo,1.566,1993,2014.0,
5552,20293,dfo,1.566,1968,,
5553,20294,dfo,56.815,2005,,
5554,20294,dfo,56.815,1967,,
5555,20295,dfo,13.051,1994,,
5556,20296,nuclear,1123.764,1996,,
5557,20297,dfo,1.566,2000,,
5558,20297,dfo,1.566,1996,2017.0,
5559,20297,dfo,2.175,1995,2014.0,
5560,20297,dfo,1.566,2001,,
5561,20297,dfo,1.566,1975,,
5562,20297,dfo,1.566,1985,,
5563,20297,dfo,1.566,2000,2022.0,
5564,20298,dfo,1.566,2000,,
5565,20298,dfo,1.566,1996,2025.0,
5566,20298,dfo,1.566,1982,,
5567,20298,dfo,1.566,2008,,
5568,20298,dfo,1.566,2006,2017.0,
5569,20298,dfo,1.566,2000,2011.0,
5571,20299,ng,255.215,1979,,
5572,20299,ng,255.215,1982,,
5573,20300,dfo,130.944,1968,,
5574,20301,dfo,1.566,1997,2020.0,
5575,20301,dfo,1.566,1987,2016.0,
5576,20301,dfo,1.566,1982,,
5577,20302,coal,249.511,1973,,
5579,20303,coal,16.472,1998,2024.0,
5580,20303,coal,16.472,2009,2016.0,
5581,20303,coal,16.472,1988,2015.0,
5583,20303,coal,16.472,1984,2012.0,
5585,20304,wind,6.559,2006,,
5586,20304,wind,6.559,1969,,
5587,20305,dfo,5.22,1966,,
5588,20306,dfo,4.698,1984,,
5589,20307,dfo,1.74,1998,2025.0,
5590,20307,dfo,1.74,1965,2012.0,
5591,20307,dfo,1.74,2001,2024.0,
5592,20308,solar,2.792,1985,,
5593,20308,solar,10.638,1996,,
5594,20309,ng,90.076,1971,,
5595,20309,ng,90.076,1999,,
5596,20309,ng,90.076,1988,,
5597,20309,ng,90.076,1984,,
5598,20309,ng,90.076,2008,,
5599,20310,dfo,23.492,1998,,
5600,20311,ng,1.905,1999,,
5601,20311,ng,1.905,1973,,
5602,20311,ng,1.905,2009,,
5603,20311,ng,1.905,2008,,
5604,20311,ng,1.905,1968,,
5605,20312,solar,13.297,1984,,
5606,20312,solar,2.659,1968,,
5607,20312,solar,1.33,2004,,
5608,20313,wind,7.871,1967,,
5610,20313,wind,7.871,1994,,
5611,20313,wind,10.932,1980,,
5612,20313,wind,4.373,1996,,
5613,20313,wind,7.871,2005,,
5614,20314,ng,33.131,1987,,
5615,20315,wind,432.892,1974,,
5616,20316,dfo,7.831,2010,2022.0,
5919,21655,coal,702.529,1973,,
5921,21655,coal,702.529,1981,,
5946,21664,ng,195.502,1976,,
5947,21664,ng,195.502,1994,,
5948,21664,ng,195.502,1993,,
5949,21664,ng,195.502,1969,,
5950,21664,ng,195.502,1973,,
5951,21664,ng,195.502,1967,,
5972,21675,hydro,0.3,1984,,
5973,21675,hydro,0.3,1999,,
5974,21675,hydro,0.3,1988,,
5975,21675,hydro,0.3,2008,,
5976,21675,hydro,0.399,2000,,
5977,21675,hydro,0.399,1981,,
5979,21675,hydro,0.399,2010,,
5991,21678,hydro,0.325,1990,,
5994,21678,hydro,0.325,1984,,
5995,21678,hydro,0.325,1981,,
5997,21678,hydro,0.732,1964,,
5998,21678,hydro,0.732,1986,,
5999,21678,hydro,0.732,2010,,
6000,21678,hydro,0.732,1963,,
6009,21681,dfo,2.252,1964,,
6010,21681,dfo,2.252,1984,,
6011,21681,dfo,2.252,1976,,
6012,21681,dfo,2.252,1968,2021.0,
6013,21681,dfo,2.252,1963,,
6014,21682,nuclear,1014.298,1968,,
6039,21691,ng,5.985,2004,,
6054,21696,nuclear,676.587,1993,,
6061,21698,ng,4.987,1979,,
6062,21698,ng,4.987,1976,,
6072,21704,hydro,0.549,1987,,
6073,21704,hydro,0.549,1960,,
6074,21704,hydro,0.549,1977,,
6075,21704,hydro,0.549,1987,,
6077,21704,hydro,0.15,1983,,
6087,21708,dfo,13.344,1985,,
6088,21708,dfo,13.344,1961,2023.0,
6089,21708,dfo,13.344,1968,2018.0,
6090,21708,dfo,13.344,1988,2017.0,
6095,21710,hydro,1.198,1988,,
6096,21710,hydro,1.198,1989,,
6097,21710,hydro,1.198,1990,,
6099,21710,hydro,1.198,2004,,
6100,21710,hydro,1.198,1969,,
6106,21716,nuclear,952.331,1999,,
6107,21716,nuclear,952.331,1964,,
6117,21719,ng,72.914,2004,,
6129,21726,coal,98.649,1982,,
6130,21726,coal,98.649,1974,,
6131,21726,coal,98.649,1998,2018.0,
6161,21738,ng,5.885,1974,,
6162,21738,ng,5.885,2007,,
6227,22708,ng,72.021,1998,,
6228,22708,ng,72.021,2007,,
6229,22708,ng,72.021,2000,,
6230,22708,ng,72.021,1974,,
6265,22721,wind,305.086,2002,,
6280,22725,hydro,1.133,1967,,
6281,22725,hydro,1.133,1966,,
6282,22725,hydro,1.133,1988,,
6319,22739,ng,54.931,1967,,
6320,22739,ng,54.931,1963,,
6321,22739,ng,54.931,1985,,
6328,22742,dfo,9.629,1992,,
6329,22742,dfo,9.629,1998,,
6330,22742,dfo,9.629,1968,2014.0,
6331,22742,dfo,9.629,1985,2021.0,
6332,22742,dfo,9.629,1964,,
6349,22749,wind,305.086,1970,,
6350,22749,wind,1.525,1979,,
6353,22751,hydro,0.8,1967,,
6355,22751,hydro,0.8,1977,,
6357,22751,hydro,0.8,1985,,
6358,22751,hydro,0.8,1991,,
6394,22765,ng,68.64,2010,,
6395,22765,ng,68.64,2000,,
6396,22765,ng,68.64,1973,,
6397,22766,coal,3.578,1971,2024.0,
6398,22766,coal,3.578,1987,2011.0,
6430,23437,ng,2.624,1993,,
6431,23438,ng,4.131,1965,,
6432,23438,ng,4.131,1998,,
6434,23439,ng,0.502,1960,,
6437,23440,ng,5.583,1972,,
6438,23441,ng,1.228,1979,,
6439,23441,ng,1.228,1983,,
6442,23442,ng,176.417,1963,,
6443,23442,ng,176.417,1963,,
6450,23446,ng,150.736,1996,,
6451,23446,ng,150.736,1997,,
6452,23446,ng,150.736,1988,,
6453,23446,ng,150.736,2009,,
6454,23447,dfo,2.015,1966,,
6455,23447,dfo,2.015,1968,,
6456,23447,dfo,2.015,1981,2023.0,
6457,23448,ng,0.804,1986,,
6459,23448,ng,0.804,2008,,
6463,23450,ng,0.893,2000,,
6466,23451,ng,1.675,1977,,
6467,23452,ng,151.551,1990,,
6468,23452,ng,151.551,1971,,
6469,23452,ng,151.551,1970,,
6470,23452,ng,151.551,1998,,
6471,23452,ng,151.551,1990,,
6472,23452,ng,151.551,2007,,
6473,23453,wind,270.791,1995,,
6474,23454,nuclear,913.524,1963,,
6475,23454,nuclear,913.524,1971,,
6476,23455,ng,63.644,1973,,
6477,23455,ng,63.644,1969,,
6478,23455,ng,63.644,1966,,
6479,23455,ng,63.644,1972,,
6480,23455,ng,63.644,1971,,
6481,23455,ng,63.644,2008,,
6482,23456,ng,1.228,1968,,
6483,23456,ng,1.228,1987,,
6484,23456,ng,1.228,2003,,
6489,23458,wind,113.394,2004,,
6491,23460,ng,222.084,1980,,
6492,23460,ng,222.084,1966,,
6493,23460,ng,222.084,1992,,
6501,23463,dfo,2.247,1970,,
6502,23463,dfo,2.247,2002,,
6503,23463,dfo,2.247,1963,2019.0,
6504,23463,dfo,2.247,1967,2020.0,
6505,23463,dfo,2.247,1976,,
6506,23463,dfo,2.247,2006,,
6507,23464,ng,2.791,1968,,
6508,23464,ng,2.791,1985,,
6509,23465,ng,1.228,1998,,
6510,23465,ng,1.228,1977,,
6511,23466,ng,5.918,2006,,
6512,23466,ng,5.918,2001,,
6518,23470,ng,0.782,1961,,
6528,23473,solar,23.791,1980,,
6529,23474,dfo,28.215,1988,,
6530,23474,dfo,28.215,1976,,
6531,23474,dfo,28.215,1994,2019.0,
6532,23474,dfo,28.215,1992,,
6533,23475,ng,49.966,2002,,
6534,23475,ng,49.966,1962,,
6535,23475,ng,49.966,1964,,
6536,23475,ng,49.966,1966,,
6543,23477,nuclear,1058.975,1968,,
6544,23477,nuclear,1058.975,2002,,
6545,23478,dfo,1.814,1989,,
6546,23478,dfo,1.814,2000,,
6553,23480,ng,99.374,1963,,
6554,23480,ng,99.374,1976,,
6555,23480,ng,99.374,1970,,
6556,23480,ng,99.374,1980,,
6558,23481,ng,6.141,1969,,
6559,23482,dfo,0.877,1963,2011.0,
6560,23482,dfo,0.877,2009,,
6561,23482,dfo,0.877,1986,2012.0,
6568,23485,hydro,1.237,2000,,
6570,23486,solar,0.793,1975,,
6571,23487,ng,1.34,1971,,
6572,23487,ng,1.34,1985,,
6573,23487,ng,1.34,1990,,
6574,23487,ng,1.34,1975,,
6575,23487,ng,1.34,1964,,
6576,23487,ng,1.34,2003,,
6577,23488,ng,174.63,1967,,
6578,23488,ng,174.63,1984,,
6579,23489,ng,1.195,1963,,
6582,23489,ng,1.195,1990,,
6583,23489,ng,1.195,1960,,
6584,23489,ng,1.195,1987,,
6585,23490,ng,4.578,1980,,
6586,23490,ng,4.578,2003,,
6587,23490,ng,4.578,1994,,
6588,23490,ng,4.578,1986,,
6589,23490,ng,4.578,2010,,
6590,23490,ng,4.578,1977,,
6591,23491,dfo,48.5,1990,,
6592,23491,dfo,48.5,1990,2024.0,
6593,23491,dfo,48.5,1975,,
6594,23491,dfo,48.5,1985,,
6595,23491,dfo,48.5,1984,2011.0,
6596,23491,dfo,48.5,1994,2016.0,
6597,23492,coal,20.749,1992,2020.0,
6599,23493,ng,4.69,2007,,
6601,23494,wind,2.821,1970,,
6602,23495,ng,115.989,2002,,
6603,23495,ng,115.989,1962,,
6604,23495,ng,115.989,2007,,
6605,23495,ng,115.989,1969,,
6606,23496,ng,233.73,1984,,
6607,23496,ng,233.73,1979,,
6608,23496,ng,233.73,2006,,
6609,23496,ng,233.73,1999,,
6610,23496,ng,233.73,1997,,
6611,23496,ng,233.73,1996,,
6613,23497,hydro,1.134,1983,,
6615,23499,ng,10.496,1984,,
6616,23499,ng,10.496,2010,,
6617,23499,ng,10.496,2009,,
6619,23500,ng,0.558,1991,,
6622,23502,hydro,0.567,1987,,
6623,23503,ng,3.908,1971,,
6624,23504,ng,0.893,1984,,
6627,23505,ng,100.491,1995,,
6628,23505,ng,100.491,2010,,
6629,23505,ng,100.491,1960,,
6630,23505,ng,100.491,1969,,
6631,23505,ng,100.491,1972,,
6632,23505,ng,100.491,1979,,
6633,23506,ng,128.773,1962,,
6634,23506,ng,128.773,1970,,
6635,23506,ng,128.773,1967,,
6636,23506,ng,128.773,1980,,
6637,23506,ng,128.773,1973,,
6638,23506,ng,128.773,1971,,
6641,23507,ng,1.117,1995,,
6644,23507,ng,1.117,1960,,
6645,23508,nuclear,913.524,2003,,
6646,23508,nuclear,913.524,1995,,
6647,23509,wind,90.264,1966,,
6648,23510,wind,123.548,1993,,
6649,23511,wind,1.692,1962,,
6650,23511,wind,1.692,2007,,
6651,23512,coal,314.322,1996,2011.0,
6653,23513,ng,6.588,1972,,
6654,23513,ng,6.588,1992,,
6655,23513,ng,6.588,1997,,
6657,23513,ng,6.588,2005,,
6658,23514,ng,75.781,1965,,
6659,23514,ng,75.781,1997,,
6660,23514,ng,75.781,2001,,
6661,23514,ng,75.781,2005,,
6662,23514,ng,75.781,1981,,
6663,23514,ng,75.781,1989,,
6664,23515,dfo,4.837,1980,,
6665,23516,dfo,0.977,1982,2020.0,
6666,23516,dfo,0.977,1964,2016.0,
6667,23516,dfo,0.977,1968,2018.0,
6669,23517,hydro,0.619,1963,,
6671,23517,hydro,0.619,1983,,
6672,23517,hydro,0.619,2000,,
6673,23518,ng,0.67,2006,,
6675,23519,hydro,8.249,1966,,
6677,23520,ng,3.305,1967,,
6678,23520,ng,3.305,1973,,
6680,23520,ng,3.305,2004,,
6681,23520,ng,3.305,2003,,
6682,23521,solar,6.873,1984,,
6683,23522,ng,237.27,2009,,
6684,23522,ng,237.27,1992,,
6685,23522,ng,237.27,1997,,
6686,23522,ng,237.27,1990,,
6687,23522,ng,237.27,1983,,
6688,23522,ng,237.27,1975,,
6689,23523,nuclear,1108.665,1987,,
6690,23523,nuclear,1108.665,1961,,
6691,23524,dfo,1.814,2005,2020.0,
6692,23524,dfo,1.814,2010,2021.0,
6693,23524,dfo,1.814,1961,2016.0,
6694,23525,ng,9.267,1990,,
6695,23526,ng,6.923,1993,,
6696,23526,ng,6.923,1969,,
6697,23527,wind,245.405,1964,,
6698,23528,ng,5.36,1984,,
6699,23528,ng,5.36,1985,,
6706,23530,ng,321.57,1981,,
6707,23530,ng,321.57,1974,,
6708,23530,ng,321.57,1998,,
6709,23530,ng,321.57,1993,,
6710,23530,ng,321.57,1972,,
6711,23530,ng,321.57,1986,,
6732,24599,ng,3.908,1962,,
6733,24600,nuclear,1108.665,2008,,
6734,24600,nuclear,1108.665,1962,,
6748,24606,wind,225.659,1969,,
6755,24609,ng,4.69,1979,,
6763,24612,wind,59.236,1967,,
6764,24612,wind,59.236,2001,,
6765,24612,wind,59.236,1964,,
6847,24640,wind,115.086,1988,,
6854,24642,wind,225.659,1999,,
13486,8359,other,10.326,1984,,
13509,22985,other,64.266,1996,,
13510,24088,other,20.083,1978,,
13528,8468,other,55.785,1980,,
13529,9083,other,49.215,1967,,
13553,10513,other,86.773,1963,,
13555,10966,other,72.446,1981,,
13556,11121,other,72.19,1995,,
13564,6002,other,67.784,1974,,
13565,5853,other,53.165,1973,,
13566,6001,other,72.767,1978,,
13572,19978,other,72.368,2003,,
13573,19934,other,82.431,2001,,
13574,19287,other,31.633,1985,,
13576,7067,other,102.505,1985,,
13577,6078,other,61.048,1990,,
13578,6429,other,94.514,1970,,
13579,6171,other,73.225,1960,,
13580,7799,other,44.335,1994,,
13590,16484,other,34.987,1999,,
13593,9672,other,70.545,1993,,
13594,9521,other,47.504,2008,,
13595,9432,other,82.504,1997,,
13596,10159,other,89.171,1989,,
13597,10260,other,71.718,1989,,
13598,9930,other,96.39,2008,,
13599,10022,other,60.169,2007,,
13605,17961,other,1.0,1970,,
13609,8370,wind,2.0,1995,,
13617,21664,wind,1.052,1996,,
13621,10448,wind,208.0,1980,,
13626,9301,wind,1.0,1978,,
13627,10228,wind,1.0,2003,,
13640,21520,solar,4.6,1998,,
13644,21195,solar,1.0,1964,,
13656,8274,solar,1.114,1964,,
13660,9828,solar,17.0,1960,,
13661,9967,solar,20.0,1975,,
13662,10099,solar,1.0,1983,,
13663,10274,solar,2.0,1960,,
13664,9680,solar,80.0,2004,,
13665,10209,solar,19.0,1963,,
13668,18117,solar,1.0,1981,,
13670,9747,solar,142.4,2008,,
13674,10177,solar,100.0,1989,,
13676,11098,solar,80.6,1982,,
13677,11114,solar,80.0,1974,,
13678,11198,solar,79.9,2006,,
13680,8993,solar,75.0,2002,,
13682,10930,solar,74.9,1978,,
13710,10548,solar,60.0,1964,,
13724,11063,solar,50.0,1976,,
13742,23338,wind,212.0,1987,,
13757,23453,wind,194.3,1992,,
13769,9725,ng,663.9,2003,,
13771,7096,ng,555.0,2006,,
13772,7096,ng,555.0,2004,,
13773,7096,ng,555.0,1975,,
13774,7109,ng,529.0,1961,,
13775,7109,ng,529.0,1995,,
13776,6046,ng,525.0,2004,,
13778,9104,ng,493.0,1977,,
13782,7145,ng,460.0,1975,,
13783,8267,ng,453.0,1975,,
13784,7155,ng,419.6,1985,,
13785,20300,ng,404.0,2009,,
13786,8228,ng,394.0,2007,,
13791,8267,ng,372.0,1970,,
13792,8267,ng,372.0,1961,,
13793,8228,ng,370.0,1973,,
13794,8228,ng,370.0,1974,,
13795,9725,ng,369.8,1976,,
13796,9725,ng,369.8,2006,,
13797,9725,ng,369.8,1980,,
13799,5927,ng,365.5,1990,,
13803,18827,ng,361.3,1995,,
13804,9070,ng,359.6,2004,,
13807,20033,ng,340.0,1981,,
13808,9864,ng,338.0,1965,,
13809,20300,ng,328.0,1996,,
13810,20300,ng,328.0,2006,,
13811,8680,ng,316.0,1994,,
13812,20033,ng,311.0,1985,,
13813,20033,ng,311.0,1982,,
13818,9104,ng,310.3,2002,,
13819,9104,ng,310.3,1982,,
13820,19592,ng,310.2,1973,,
13827,22032,ng,260.0,1982,,
13830,7145,ng,244.8,2000,,
13831,7145,ng,244.8,2008,,
13832,7145,ng,244.8,1977,,
13833,5927,ng,244.0,2009,,
13838,22032,ng,238.0,1992,,
13839,22032,ng,238.0,1994,,
13840,9864,ng,237.0,1965,,
13841,9864,ng,237.0,1977,,
13842,9070,ng,235.5,1984,,
13843,9070,ng,235.5,1983,,
13844,18827,ng,235.5,1998,,
13845,18827,ng,235.5,1968,,
13848,7155,ng,234.9,1997,,
13849,7155,ng,234.9,1980,,
13850,19592,ng,233.7,1972,,
13859,8680,ng,215.0,1993,,
13860,8680,ng,215.0,1986,,
901711,9778,wind,327.6,2014,,Q11-0012
901712,22868,gas,364.5,2014,,Q11-0018
901713,23316,other,38.8,2014,,Q11-0042
901714,23508,gas,513.3,2014,,Q11-0041
901715,9621,gas,286.1,2014,,Q11-0009
901716,22595,gas,514.7,2014,,Q11-0039
901717,8878,gas,1130.5,2014,,Q11-0056
901718,16483,wind,111.2,2014,,Q11-0085
901719,21664,solar,51.2,2015,,Q11-0017
901720,7330,wind,124.8,2015,,Q11-0049
901721,5339,gas,523.5,2015,,Q11-0001
901722,9397,solar,171.8,2015,,Q11-0030
901723,18401,other,213.6,2015,,Q11-0045
901724,22035,wind,132.8,2015,,Q11-0064
901725,18855,gas,211.3,2015,,Q12-0127
901726,18622,wind,212.9,2015,,Q11-0003
901727,17178,gas,543.8,2015,,Q11-0015
901728,10187,wind,183.3,2015,,Q11-0025
901729,5875,solar,49.8,2015,,Q11-0005
901730,10132,gas,95.7,2015,,Q11-0027
901731,10268,gas,372.4,2015,,Q11-0019
901732,20038,other,71.2,2015,,Q12-0091
901733,7233,solar,89.1,2015,,Q12-0094
901734,17901,wind,179.3,2015,,Q12-0097
901735,18926,gas,127.2,2015,,Q13-0198
901736,21397,solar,112.2,2015,,Q11-0076
901737,10644,gas,565.8,2015,,Q11-0016
901738,17772,wind,67.3,2015,,Q11-0020
901739,10222,other,97.9,2015,,Q11-0052
901740,22024,gas,407.6,2015,,Q12-0155
901741,7506,solar,98.7,2015,,Q11-0033
901742,22868,solar,88.0,2015,,Q11-0086
901743,7352,solar,71.6,2015,,Q12-0111
901744,7619,wind,256.6,2015,,Q12-0161
901745,5208,solar,103.1,2015,,Q13-0206
901746,22400,wind,209.5,2015,,Q11-0035
901747,19936,wind,159.3,2016,,Q11-0002
901748,23328,wind,80.0,2016,,Q12-0119
901749,8997,gas,97.5,2016,,Q12-0123
901750,21754,solar,106.8,2016,,Q13-0222
901751,24042,wind,84.2,2016,,Q12-0131
901752,5838,solar,199.1,2016,,Q13-0253
901753,10259,solar,54.7,2016,,Q11-0021
901754,7211,gas,267.8,2016,,Q11-0079
901755,17238,gas,398.4,2016,,Q12-0110
901756,9900,gas,406.9,2016,,Q12-0159
901757,5309,solar,82.0,2016,,Q12-0160
901758,5930,wind,170.6,2016,,Q13-0207
901759,9230,other,181.3,2016,,Q11-0010
901760,7500,gas,751.0,2016,,Q12-0135
901761,5609,wind,179.6,2016,,Q11-0007
901762,9740,gas,966.1,2016,,Q11-0038
901763,22749,gas,1153.6,2016,,Q12-0185
901764,22020,wind,256.0,2016,,Q13-0223
901765,8239,wind,198.2,2016,,Q11-0040
901766,19222,wind,206.8,2016,,Q11-0083
901767,8108,gas,389.5,2016,,Q12-0166
901768,5943,wind,291.6,2016,,Q13-0200
901769,9571,storage,70.0,2016,,Q13-0209
901770,6764,gas,659.1,2016,,Q13-0231
901771,22495,gas,373.3,2016,,Q11-0051
901772,21975,wind,181.9,2016,,Q11-0067
901773,17044,gas,130.8,2016,,Q12-0095
901774,23304,wind,114.9,2016,,Q12-0126
901775,21719,gas,541.0,2016,,Q12-0146
901776,7348,wind,284.2,2016,,Q13-0197
901777,18327,gas,164.1,2016,,Q13-0212
901778,23330,other,26.5,2016,,Q13-0256
901779,8450,gas,1207.5,2016,,Q14-0332
901780,18211,gas,57.8,2016,,Q11-0028
901781,20143,other,6.1,2016,,Q11-0044
901782,9312,wind,288.7,2016,,Q11-0057
901783,19527,wind,233.8,2016,,Q12-0172
901784,17860,wind,185.1,2016,,Q13-0220
901785,23288,solar,132.4,2016,,Q13-0224
901786,7014,solar,59.2,2016,,Q11-0058
901787,9420,wind,95.3,2016,,Q12-0168
901788,9928,gas,1500.0,2016,,Q13-0268
901789,5510,solar,66.7,2016,,Q14-0329
901790,5945,gas,302.3,2016,,Q11-0031
901791,22765,gas,844.0,2016,,Q11-0048
901792,7512,solar,41.0,2016,,Q11-0050
901793,9141,gas,744.1,2017,,Q11-0053
901794,9476,gas,786.0,2017,,Q11-0081
901795,19575,solar,43.0,2017,,Q11-0084
901796,7217,other,61.9,2017,,Q12-0103
901797,24027,solar,330.2,2017,,Q12-0120
901798,18732,solar,201.0,2017,,Q12-0170
901799,22495,other,19.4,2017,,Q13-0217
901800,22551,wind,259.8,2017,,Q13-0254
901801,18005,gas,116.0,2017,,Q12-0116
901802,7784,other,37.2,2017,,Q12-0142
901803,10279,other,15.8,2017,,Q12-0189
901804,9806,gas,305.2,2017,,Q13-0211
901805,9633,gas,322.1,2017,,Q13-0237
901806,17391,other,60.2,2017,,Q14-0306
901807,10068,gas,1014.5,2017,,Q12-0136
901808,24600,solar,117.1,2017,,Q12-0144
901809,9816,gas,555.7,2017,,Q12-0179
901810,22983,gas,126.8,2017,,Q14-0320
901811,5301,wind,285.7,2017,,Q12-0092
901812,7123,gas,228.3,2017,,Q12-0102
901813,9255,other,135.8,2017,,Q12-0154
901814,7500,wind,246.0,2017,,Q12-0156
901815,23151,gas,240.0,2017,,Q12-0175
901816,9633,solar,112.9,2017,,Q13-0192
901817,22035,gas,252.0,2017,,Q13-0240
901818,9884,solar,294.7,2017,,Q13-0293
901819,6311,solar,77.4,2017,,Q12-0132
901820,6614,wind,95.6,2017,,Q13-0219
901821,21397,wind,197.3,2017,,Q13-0225
901822,16959,other,21.8,2017,,Q13-0252
901823,18683,gas,160.4,2017,,Q13-0271
901824,19526,wind,199.9,2017,,Q13-0210
901825,6687,solar,66.7,2017,,Q13-0215
901826,20199,solar,47.4,2017,,Q13-0238
901827,17462,wind,214.7,2017,,Q13-0247
901828,5801,solar,219.3,2017,,Q13-0261
901829,22035,gas,1500.0,2017,,Q12-0121
901830,7630,gas,79.3,2017,,Q14-0331
901831,19594,gas,356.2,2017,,Q14-0347
901832,22018,solar,174.9,2017,,Q14-0354
901833,20033,gas,153.2,2017,,Q14-0356
901834,17749,solar,277.4,2017,,Q14-0370
901835,18616,gas,1195.2,2017,,Q12-0167
901836,22797,solar,127.5,2017,,Q13-0272
901837,10279,gas,752.3,2017,,Q13-0294
901838,10193,storage,159.4,2017,,Q14-0314
901839,9778,gas,132.6,2017,,Q12-0174
901840,20169,gas,767.6,2017,,Q13-0191
901841,8222,gas,536.2,2017,,Q13-0288
901842,9633,gas,295.1,2017,,Q14-0367
901843,9502,other,9.0,2017,,Q12-0187
901844,7181,wind,169.0,2017,,Q13-0281
901845,23119,solar,105.6,2017,,Q14-0302
901846,21983,gas,347.7,2017,,Q14-0375
901847,22035,solar,467.4,2017,,Q14-0377
901848,20280,wind,187.9,2017,,Q14-0406
901849,5299,gas,211.1,2017,,Q12-0128
901850,22035,wind,199.1,2017,,Q12-0147
901851,7429,gas,164.8,2017,,Q12-0171
901852,17423,wind,241.5,2017,,Q13-0232
901853,9751,solar,133.4,2017,,Q15-0475
901854,10277,solar,38.1,2017,,Q13-0235
901855,17275,solar,30.6,2017,,Q13-0251
901856,16484,wind,170.0,2017,,Q13-0258
901857,9563,gas,820.4,2017,,Q13-0262
901858,23498,other,105.1,2017,,Q13-0291
901859,9335,gas,50.0,2017,,Q14-0330
901860,8324,solar,229.0,2017,,Q14-0369
901861,7114,gas,576.6,2018,,Q12-0143
901862,18368,gas,1500.0,2018,,Q13-0228
901863,22035,solar,54.9,2018,,Q13-0276
901864,18282,wind,302.5,2018,,Q13-0298
901865,18063,solar,175.0,2018,,Q14-0313
901866,24041,wind,135.6,2018,,Q14-0339
901867,18377,gas,562.0,2018,,Q12-0129
901868,22789,solar,62.3,2018,,Q13-0280
901869,25115,wind,252.1,2018,,Q13-0286
901870,9619,wind,95.2,2018,,Q14-0366
901871,9133,gas,491.4,2018,,Q15-0473
901872,5767,wind,247.6,2018,,Q12-0113
901873,22751,solar,47.7,2018,,Q13-0205
901874,8170,wind,121.1,2018,,Q13-0297
901875,18471,gas,1129.2,2018,,Q14-0305
901876,10027,wind,204.6,2018,,Q14-0319
901877,22018,gas,168.2,2018,,Q14-0327
901878,9633,gas,334.5,2018,,Q12-0145
901879,9633,solar,256.8,2018,,Q13-0204
901880,22595,wind,222.3,2018,,Q14-0316
901881,19580,solar,88.7,2018,,Q14-0340
901882,5231,gas,105.5,2018,,Q14-0341
901883,10123,other,70.1,2018,,Q14-0373
901884,6734,wind,210.6,2018,,Q14-0410
901885,23449,wind,152.7,2018,,Q12-0181
901886,5318,solar,149.7,2018,,Q13-0241
901887,20130,solar,27.6,2018,,Q14-0389
901888,22018,wind,105.3,2018,,Q12-0130
901889,19400,wind,137.2,2018,,Q12-0162
901890,22967,gas,291.6,2018,,Q12-0180
901891,22035,other,34.0,2018,,Q13-0270
901892,8504,wind,168.3,2018,,Q13-0292
901893,8293,gas,1075.8,2018,,Q14-0348
901894,8905,solar,223.6,2018,,Q14-0399
901895,17885,other,174.6,2018,,Q15-0506
901896,9716,wind,113.3,2018,,Q13-0196
901897,6693,gas,318.8,2018,,Q13-0248
901898,9419,wind,81.2,2018,,Q13-0269
901899,19648,gas,936.8,2018,,Q13-0290
901900,18690,solar,171.9,2018,,Q13-0300
901901,5613,solar,84.4,2018,,Q14-0321
901902,8499,gas,689.3,2018,,Q14-0342
901903,19417,wind,329.3,2018,,Q14-0357
901904,11146,gas,353.3,2018,,Q15-0471
901905,5930,solar,119.2,2018,,Q15-0474
901906,22996,wind,260.0,2018,,Q15-0494
901907,9150,gas,839.7,2018,,Q15-0498
901908,7938,gas,1500.0,2018,,Q15-0524
901909,23523,solar,238.4,2018,,Q15-0536
901910,9542,wind,338.7,2018,,Q14-0411
901911,22782,wind,151.2,2018,,Q14-0412
901912,9633,solar,75.0,2018,,Q15-0511
901913,19308,solar,390.7,2018,,Q13-0234
901914,22987,wind,210.7,2018,,Q13-0265
901915,9639,solar,82.2,2018,,Q14-0381
901916,7974,solar,130.0,2018,,Q14-0384
901917,8515,gas,566.0,2018,,Q15-0523
901918,19338,wind,220.8,2018,,Q13-0267
901919,6467,other,114.1,2018,,Q13-0295
901920,22035,solar,76.6,2018,,Q14-0317
901921,22965,other,24.0,2018,,Q14-0336
901922,23508,gas,502.0,2018,,Q14-0358
901923,23127,wind,78.4,2018,,Q14-0364
901924,8673,solar,71.0,2018,,Q14-0415
901925,10285,gas,869.2,2018,,Q15-0422
901926,9638,solar,75.1,2018,,Q15-0479
901927,8326,gas,264.5,2018,,Q14-0312
901928,9630,gas,582.4,2018,,Q14-0337
901929,9399,wind,169.6,2018,,Q14-0361
901930,22965,gas,1500.0,2018,,Q14-0417
901931,9645,wind,196.4,2018,,Q15-0430
901932,22594,wind,160.7,2019,,Q14-0345
901933,7251,solar,140.6,2019,,Q14-0390
901934,9243,wind,324.1,2019,,Q14-0419
901935,6783,solar,118.2,2019,,Q15-0424
901936,10279,gas,1056.2,2019,,Q15-0463
901937,21664,solar,140.9,2019,,Q15-0499
901938,17348,wind,55.4,2019,,Q16-0567
901939,20035,wind,133.2,2019,,Q13-0244
901940,6939,solar,107.5,2019,,Q14-0328
901941,9793,other,13.4,2019,,Q14-0360
901942,21769,gas,243.4,2019,,Q14-0379
901943,5876,solar,258.5,2019,,Q15-0530
901944,17036,solar,63.8,2019,,Q16-0580
901945,7088,solar,161.7,2019,,Q16-0624
901946,8900,wind,447.2,2019,,Q13-0226
901947,19154,gas,223.7,2019,,Q14-0402
901948,21664,wind,75.4,2019,,Q14-0405
901949,8251,gas,452.8,2019,,Q16-0591
901950,8635,solar,52.8,2019,,Q16-0631
901951,5653,gas,550.3,2019,,Q13-0242
901952,19827,solar,85.3,2019,,Q13-0296
901953,9152,solar,74.7,2019,,Q14-0372
901954,19620,gas,1359.8,2019,,Q15-0478
901955,19134,gas,869.7,2019,,Q14-0322
901956,21763,wind,265.5,2019,,Q14-0353
901957,10026,gas,556.5,2019,,Q14-0363
901958,8499,solar,147.5,2019,,Q15-0436
901959,17217,solar,93.3,2019,,Q15-0453
901960,22493,storage,70.7,2019,,Q15-0483
901961,23287,solar,64.9,2019,,Q16-0586
901962,8160,wind,241.8,2019,,Q16-0668
901963,23491,solar,45.7,2019,,Q14-0350
901964,8700,storage,173.5,2019,,Q14-0371
901965,9638,gas,234.5,2019,,Q14-0409
901966,9006,wind,78.9,2019,,Q15-0451
901967,22749,gas,922.5,2019,,Q15-0470
901968,18768,solar,74.2,2019,,Q15-0505
901969,9247,solar,126.3,2019,,Q15-0544
901970,10354,wind,295.3,2019,,Q14-0355
901971,23498,solar,153.1,2019,,Q14-0386
901972,10279,gas,560.3,2019,,Q14-0400
901973,20103,solar,190.7,2019,,Q15-0446
901974,21682,gas,680.3,2019,,Q15-0449
901975,24211,solar,150.9,2019,,Q15-0466
901976,8627,solar,210.4,2019,,Q15-0467
901977,9314,gas,734.4,2019,,Q15-0510
901978,17994,solar,250.6,2019,,Q16-0578
901979,22220,wind,336.7,2019,,Q14-0393
901980,9159,wind,87.1,2019,,Q14-0396
901981,16945,solar,73.7,2019,,Q15-0462
901982,20169,gas,334.3,2019,,Q15-0533
901983,18553,wind,222.3,2019,,Q15-0555
901984,9387,gas,295.7,2019,,Q14-0335
901985,18242,gas,750.6,2019,,Q14-0397
901986,18687,gas,1110.7,2019,,Q15-0520
901987,19970,wind,98.6,2019,,Q15-0529
901988,5259,solar,122.5,2019,,Q16-0659
901989,7925,solar,62.2,2019,,Q16-0697
901990,17873,gas,891.8,2019,,Q16-0715
901991,10279,wind,186.5,2019,,Q14-0351
901992,23512,gas,1083.8,2019,,Q15-0425
901993,6095,gas,125.6,2019,,Q15-0448
901994,21000,solar,118.9,2019,,Q15-0501
901995,24642,storage,190.3,2019,,Q15-0512
901996,9633,solar,169.4,2019,,Q16-0583
901997,17228,gas,469.5,2019,,Q16-0648
901998,7828,solar,128.9,2019,,Q16-0662
901999,9816,storage,205.0,2019,,Q16-0707
902000,23176,solar,78.0,2019,,Q14-0368
902001,9243,wind,327.0,2019,,Q14-0401
902002,8824,solar,212.8,2019,,Q15-0484
902003,8017,gas,303.4,2019,,Q15-0488
902004,22933,solar,81.5,2019,,Q15-0553
902005,9633,solar,176.1,2019,,Q15-0558
902006,6662,solar,125.2,2019,,Q16-0634
902007,10264,gas,169.5,2020,,Q14-0304
902008,5724,solar,81.6,2020,,Q15-0447
902009,17581,wind,218.7,2020,,Q15-0514
902010,7086,wind,184.8,2020,,Q15-0540
902011,23245,storage,161.2,2020,,Q16-0589
902012,8128,solar,78.9,2020,,Q16-0604
902013,7389,solar,61.3,2020,,Q14-0324
902014,9613,solar,164.9,2020,,Q14-0413
902015,23227,solar,81.1,2020,,Q15-0421
902016,16957,gas,400.6,2020,,Q15-0519
902017,18773,wind,182.9,2020,,Q15-0527
902018,19760,gas,1057.6,2020,,Q15-0528
902019,10063,solar,262.4,2020,,Q15-0542
902020,5569,wind,146.6,2020,,Q16-0582
902021,17238,gas,284.2,2020,,Q16-0621
902022,18990,gas,381.4,2020,,Q16-0657
902023,17907,solar,71.6,2020,,Q17-0788
902024,23508,gas,1214.0,2020,,Q17-0832
902025,22674,gas,43.7,2020,,Q17-0866
902026,5753,wind,129.8,2020,,Q14-0383
902027,22971,storage,90.9,2020,,Q15-0442
902028,21664,solar,161.9,2020,,Q15-0461
902029,23187,storage,217.2,2020,,Q16-0563
902030,22965,gas,703.7,2020,,Q16-0619
902031,9238,solar,74.1,2020,,Q16-0661
902032,21664,solar,88.4,2020,,Q16-0698
902033,9293,solar,70.6,2020,,Q16-0710
902034,23349,gas,52.6,2020,,Q15-0441
902035,9529,solar,69.5,2020,,Q15-0538
902036,7273,wind,343.7,2020,,Q15-0543
902037,10279,solar,318.6,2020,,Q16-0641
902038,18097,gas,1500.0,2020,,Q16-0643
902039,9046,gas,576.9,2020,,Q16-0688
902040,8463,gas,188.6,2020,,Q17-0815
902041,9156,wind,252.1,2020,,Q14-0398
902042,19557,wind,401.8,2020,,Q15-0497
902043,9729,gas,1009.0,2020,,Q15-0503
902044,9728,wind,302.0,2020,,Q16-0574
902045,7831,solar,137.6,2020,,Q16-0660
902046,22035,gas,514.1,2020,,Q16-0664
902047,19767,solar,88.7,2020,,Q17-0726
902048,18204,solar,149.4,2020,,Q17-0766
902049,8282,storage,132.0,2020,,Q17-0793
902050,8254,solar,128.3,2020,,Q17-0819
902051,18088,wind,600.0,2020,,Q14-0414
902052,6002,solar,108.7,2020,,Q15-0458
902053,22035,gas,1190.6,2020,,Q16-0612
902054,23245,wind,191.8,2020,,Q16-0633
902055,19865,gas,176.7,2020,,Q16-0682
902056,9330,solar,92.8,2020,,Q16-0704
902057,10344,wind,163.0,2020,,Q17-0751
902058,22574,gas,284.8,2020,,Q17-0760
902059,5434,solar,88.2,2020,,Q15-0496
902060,18830,solar,59.0,2020,,Q15-0532
902061,17238,gas,65.8,2020,,Q16-0629
902062,23887,wind,274.6,2020,,Q16-0693
902063,6665,storage,10.4,2020,,Q16-0702
902064,5871,solar,406.3,2020,,Q17-0884
902065,19648,gas,1500.0,2020,,Q14-0376
902066,9633,wind,334.6,2020,,Q15-0454
902067,8362,solar,69.4,2020,,Q15-0481
902068,23227,solar,62.0,2020,,Q15-0495
902069,18337,solar,149.8,2020,,Q16-0640
902070,23506,gas,1342.4,2020,,Q16-0680
902071,9681,solar,270.0,2020,,Q16-0685
902072,22035,gas,828.3,2020,,Q16-0696
902073,9815,wind,278.0,2020,,Q16-0699
902074,5584,gas,1028.6,2020,,Q16-0568
902075,10147,solar,103.4,2020,,Q16-0587
902076,23408,solar,144.1,2020,,Q16-0676
902077,6839,solar,317.6,2020,,Q18-0917
902078,6062,solar,185.0,2020,,Q15-0509
902079,17313,wind,475.6,2020,,Q15-0546
902080,6006,solar,109.0,2020,,Q15-0554
902081,22965,solar,151.7,2020,,Q16-0638
902082,7233,gas,561.7,2020,,Q17-0785
902083,19914,solar,215.1,2020,,Q17-0842
902084,21744,other,135.5,2020,,Q15-0443
902085,9193,storage,60.0,2020,,Q16-0588
902086,22904,gas,268.5,2020,,Q16-0594
902087,8313,solar,143.1,2020,,Q16-0601
902088,19919,solar,184.1,2020,,Q16-0610
902089,16804,wind,221.6,2020,,Q16-0626
902090,9046,solar,57.0,2020,,Q16-0652
902091,7785,wind,287.0,2020,,Q16-0562
902092,8130,solar,97.3,2020,,Q16-0570
902093,5509,solar,72.4,2020,,Q16-0585
902094,17217,solar,98.2,2020,,Q16-0611
902095,22965,solar,60.0,2020,,Q16-0671
902096,16806,storage,35.7,2020,,Q16-0675
902097,21810,solar,164.1,2020,,Q16-0683
902098,10245,wind,138.6,2020,,Q16-0716
902099,18789,wind,91.0,2020,,Q17-0748
902100,9551,solar,269.8,2020,,Q17-0754
902101,8907,other,91.5,2021,,Q16-0581
902102,22015,solar,80.1,2021,,Q16-0666
902103,18118,solar,536.7,2021,,Q16-0681
902104,22035,solar,66.8,2021,,Q17-0732
902105,9921,solar,145.5,2021,,Q17-0823
902106,9276,wind,169.4,2021,,Q17-0878
902107,7946,solar,108.8,2021,,Q18-0967
902108,22035,gas,1500.0,2021,,Q18-0971
902109,19648,gas,986.3,2021,,Q15-0557
902110,8499,solar,105.7,2021,,Q16-0592
902111,22018,solar,301.1,2021,,Q16-0632
902112,17792,storage,107.8,2021,,Q16-0654
902113,23177,solar,91.9,2021,,Q16-0689
902114,5826,gas,668.2,2021,,Q16-0691
902115,19604,solar,247.3,2021,,Q17-0741
902116,8659,storage,466.0,2021,,Q17-0765
902117,20177,solar,488.7,2021,,Q17-0778
902118,8222,wind,153.6,2021,,Q17-0791
902119,22765,gas,1143.5,2021,,Q17-0897
902120,17834,gas,1339.3,2021,,Q18-0934
902121,22855,gas,134.5,2021,,Q18-1011
902122,19048,gas,1034.2,2021,,Q15-0545
902123,22749,solar,192.8,2021,,Q15-0548
902124,9693,gas,414.7,2021,,Q16-0642
902125,19535,solar,211.6,2021,,Q16-0673
902126,5339,solar,52.4,2021,,Q17-0755
902127,5372,solar,587.1,2021,,Q17-0807
902128,8740,gas,619.4,2021,,Q18-0986
902129,22308,solar,40.0,2021,,Q16-0599
902130,9133,solar,95.5,2021,,Q17-0829
902131,9156,gas,289.7,2021,,Q17-0834
902132,7923,gas,705.7,2021,,Q17-0843
902133,23046,solar,142.1,2021,,Q17-0845
902134,8542,solar,141.3,2021,,Q17-0849
902135,9633,gas,1455.3,2021,,Q17-0910
902136,6521,wind,392.6,2021,,Q18-0921
902137,9529,solar,95.5,2021,,Q18-0977
902138,9545,solar,123.9,2021,,Q18-1021
902139,11146,other,100.7,2021,,Q15-0534
902140,22749,solar,98.5,2021,,Q16-0598
902141,17656,solar,31.6,2021,,Q16-0701
902142,19045,solar,70.8,2021,,Q17-0775
902143,21801,solar,74.3,2021,,Q17-0787
902144,9677,solar,101.6,2021,,Q17-0906
902145,9633,storage,280.5,2021,,Q18-0926
902146,17325,solar,56.2,2021,,Q16-0627
902147,5810,wind,110.5,2021,,Q16-0650
902148,24600,gas,1169.8,2021,,Q17-0776
902149,21211,solar,31.6,2021,,Q17-0797
902150,9312,solar,129.9,2021,,Q17-0858
902151,5930,solar,78.1,2021,,Q18-0920
902152,22965,solar,150.0,2021,,Q16-0593
902153,10274,solar,120.1,2021,,Q17-0870
902154,9530,gas,285.4,2021,,Q15-0551
902155,17570,gas,904.9,2021,,Q16-0602
902156,22886,solar,122.9,2021,,Q16-0706
902157,18290,wind,107.7,2021,,Q16-0720
902158,21989,solar,49.0,2021,,Q17-0744
902159,22749,solar,155.1,2021,,Q17-0764
902160,19953,solar,145.7,2021,,Q17-0777
902161,17146,solar,77.1,2021,,Q17-0862
902162,19154,gas,473.3,2021,,Q17-0867
902163,9250,solar,219.4,2021,,Q18-1003
902164,9546,solar,57.8,2021,,Q18-1088
902165,18367,solar,301.2,2021,,Q16-0620
902166,6524,solar,46.0,2021,,Q16-0637
902167,8370,solar,91.7,2021,,Q17-0742
902168,16877,solar,105.1,2021,,Q17-0762
902169,9614,storage,75.9,2021,,Q17-0847
902170,11151,solar,127.6,2021,,Q17-0877
902171,21772,solar,155.4,2021,,Q16-0566
902172,9989,storage,67.6,2021,,Q16-0630
902173,9645,solar,77.0,2021,,Q16-0663
902174,7123,wind,330.0,2021,,Q16-0709
902175,6549,gas,222.5,2021,,Q17-0749
902176,9317,wind,238.9,2021,,Q17-0861
902177,17917,gas,463.4,2021,,Q17-0891
902178,22749,wind,249.0,2021,,Q17-0894
902179,22394,solar,212.7,2021,,Q17-0903
902180,10037,storage,60.4,2021,,Q18-0965
902181,9070,solar,161.5,2021,,Q18-0990
902182,19962,solar,116.1,2021,,Q18-1081
902183,19594,storage,31.0,2021,,Q19-1146
902184,7087,solar,92.7,2021,,Q16-0616
902185,5756,solar,131.2,2021,,Q16-0679
902186,9946,solar,70.1,2021,,Q16-0711
902187,23256,solar,105.5,2021,,Q17-0806
902188,9773,gas,231.9,2021,,Q17-0836
902189,22035,gas,830.9,2021,,Q18-0988
902190,5534,gas,46.9,2021,,Q18-1017
902191,20169,solar,114.8,2021,,Q18-1121
902192,18034,gas,894.7,2021,,Q16-0647
902193,6653,gas,361.7,2021,,Q17-0729
902194,23509,solar,213.6,2021,,Q17-0768
902195,22765,wind,146.7,2021,,Q17-0781
902196,19544,gas,678.8,2021,,Q17-0841
902197,9374,gas,452.5,2021,,Q18-0939
902198,6787,solar,106.3,2021,,Q18-0950
902199,5243,solar,77.6,2021,,Q18-0963
902200,9250,solar,121.5,2021,,Q18-0969
902201,22965,gas,201.1,2021,,Q18-0970
902202,19950,solar,105.4,2021,,Q18-0978
902203,7286,gas,541.3,2021,,Q18-1099
902204,22749,solar,170.3,2021,,Q19-1205
902205,17461,solar,111.6,2022,,Q17-0820
902206,21769,wind,173.6,2022,,Q17-0846
902207,18801,solar,114.2,2022,,Q18-1071
902208,9065,wind,259.8,2022,,Q18-1113
902209,9633,solar,279.7,2022,,Q18-1130
902210,6164,storage,251.1,2022,,Q19-1139
902211,23390,solar,56.2,2022,,Q16-0576
902212,17386,solar,202.6,2022,,Q17-0759
902213,22903,gas,1070.4,2022,,Q17-0779
902214,18043,storage,117.2,2022,,Q17-0809
902215,20197,wind,227.9,2022,,Q17-0853
902216,5238,solar,147.7,2022,,Q17-0854
902217,6376,solar,77.8,2022,,Q17-0855
902218,5382,wind,178.1,2022,,Q17-0883
902219,10228,solar,281.2,2022,,Q17-0909
902220,16955,solar,211.3,2022,,Q18-0989
902221,17940,gas,446.1,2022,,Q18-0994
902222,7653,gas,826.4,2022,,Q18-1006
902223,5512,solar,61.5,2022,,Q18-1105
902224,9872,storage,123.1,2022,,Q19-1171
902225,22491,gas,299.1,2022,,Q16-0678
902226,23508,gas,222.4,2022,,Q17-0740
902227,9587,gas,637.1,2022,,Q17-0814
902228,5917,gas,863.9,2022,,Q17-0840
902229,7548,solar,156.7,2022,,Q18-0982
902230,20033,solar,81.6,2022,,Q18-1007
902231,5184,solar,139.7,2022,,Q19-1145
902232,9242,wind,111.9,2022,,Q19-1176
902233,17040,solar,43.6,2022,,Q19-1196
902234,8343,solar,407.3,2022,,Q16-0677
902235,9670,other,74.4,2022,,Q17-0757
902236,5947,gas,736.7,2022,,Q17-0817
902237,17931,storage,103.1,2022,,Q17-0822
902238,9855,solar,58.9,2022,,Q17-0824
902239,8347,solar,124.9,2022,,Q17-0872
902240,8499,other,107.4,2022,,Q17-0879
902241,8207,solar,69.4,2022,,Q17-0900
902242,10241,solar,63.1,2022,,Q18-0942
902243,9275,solar,71.3,2022,,Q18-0946
902244,22886,solar,98.4,2022,,Q18-1032
902245,18699,solar,76.2,2022,,Q18-1036
902246,8499,solar,165.6,2022,,Q18-1052
902247,9444,wind,153.6,2022,,Q18-1123
902248,8276,storage,85.0,2022,,Q19-1242
902249,9929,solar,261.9,2022,,Q19-1263
902250,7630,hybrid,184.5,2022,,Q19-1281
902251,23302,solar,69.2,2022,,Q17-0723
902252,10280,gas,216.9,2022,,Q17-0770
902253,9024,solar,160.0,2022,,Q17-0827
902254,18853,solar,388.3,2022,,Q17-0844
902255,23302,wind,287.1,2022,,Q17-0886
902256,10749,solar,158.8,2022,,Q17-0890
902257,23495,solar,52.8,2022,,Q17-0904
902258,11146,storage,500.0,2022,,Q18-0913
902259,8371,other,39.6,2022,,Q18-1034
902260,8852,solar,187.4,2022,,Q18-1046
902261,11130,gas,358.2,2022,,Q19-1143
902262,10186,solar,46.7,2022,,Q17-0810
902263,7328,gas,127.7,2022,,Q17-0825
902264,18801,solar,132.7,2022,,Q17-0837
902265,6085,gas,598.5,2022,,Q17-0850
902266,9812,wind,100.8,2022,,Q17-0885
902267,8015,solar,284.1,2022,,Q17-0896
902268,23276,solar,43.6,2022,,Q18-0937
902269,9633,solar,46.6,2022,,Q18-0962
902270,21986,solar,241.5,2022,,Q18-1027
902271,19645,gas,254.8,2022,,Q18-1070
902272,9007,solar,184.6,2022,,Q19-1156
902273,17623,solar,61.8,2022,,Q19-1193
902274,17008,storage,332.7,2022,,Q19-1206
902275,9510,solar,111.3,2022,,Q16-0695
902276,17599,other,49.9,2022,,Q17-0753
902277,22595,solar,121.5,2022,,Q17-0889
902278,23508,gas,174.4,2022,,Q17-0899
902279,5653,storage,35.8,2022,,Q18-0930
902280,9273,solar,148.4,2022,,Q18-0960
902281,6580,wind,600.0,2022,,Q18-0961
902282,22869,gas,155.7,2022,,Q18-1008
902283,6091,gas,468.3,2022,,Q18-1018
902284,17100,solar,305.6,2022,,Q18-1061
902285,9716,gas,41.9,2022,,Q18-1074
902286,10286,solar,92.8,2022,,Q18-1094
902287,9244,storage,103.6,2022,,Q19-1160
902288,22493,hybrid,181.7,2022,,Q19-1180
902289,20254,solar,117.1,2022,,Q19-1207
902290,18252,solar,144.5,2022,,Q19-1220
902291,23348,wind,188.5,2022,,Q18-0949
902292,22749,wind,141.8,2022,,Q18-0973
902293,19554,wind,143.9,2022,,Q18-1014
902294,9633,gas,781.8,2022,,Q18-1024
902295,24606,gas,743.2,2022,,Q18-1041
902296,22493,solar,137.8,2022,,Q18-1073
902297,9662,solar,84.5,2022,,Q18-1112
902298,9912,solar,72.7,2022,,Q19-1161
902299,22749,solar,72.5,2022,,Q19-1172
902300,22575,solar,80.1,2022,,Q19-1185
902301,23329,solar,234.3,2022,,Q19-1202
902302,8250,solar,212.1,2022,,Q19-1233
902303,10111,solar,362.3,2022,,Q19-1273
902304,9540,solar,74.3,2022,,Q17-0794
902305,6507,gas,273.2,2022,,Q17-0813
902306,7629,solar,136.7,2022,,Q17-0821
902307,9301,wind,125.4,2022,,Q17-0828
902308,9633,solar,121.2,2022,,Q18-0916
902309,6619,storage,67.6,2022,,Q18-0956
902310,9336,solar,206.9,2022,,Q18-0983
902311,24612,solar,175.2,2022,,Q18-1022
902312,23328,wind,193.0,2022,,Q18-1087
902313,8384,solar,139.2,2022,,Q19-1159
902314,5960,hybrid,144.6,2022,,Q19-1169
902315,9528,storage,135.9,2022,,Q19-1203
902316,18986,solar,108.9,2022,,Q19-1249
902317,20185,storage,58.2,2022,,Q19-1293
902318,23512,solar,141.4,2022,,Q19-1313
902319,19952,solar,112.9,2022,,Q19-1342
902320,23508,solar,234.0,2022,,Q16-0719
902321,16919,solar,59.2,2022,,Q17-0738
902322,9084,wind,437.9,2022,,Q17-0804
902323,6198,wind,121.1,2022,,Q17-0816
902324,20286,gas,1500.0,2022,,Q17-0901
902325,7518,storage,130.0,2022,,Q18-1019
902326,9764,wind,179.4,2022,,Q18-1078
902327,22035,wind,241.7,2022,,Q18-1117
902328,9896,storage,237.7,2022,,Q19-1231
902329,23495,solar,245.8,2022,,Q19-1232
902330,5342,solar,116.8,2022,,Q19-1240
902331,9841,solar,104.4,2022,,Q19-1269
902332,7668,wind,104.2,2022,,Q20-1413
902333,9514,solar,96.0,2022,,Q17-0745
902334,19554,solar,75.3,2022,,Q17-0852
902335,7938,wind,152.0,2022,,Q18-1016
902336,6976,wind,273.4,2022,,Q18-1043
902337,17847,solar,84.6,2022,,Q19-1174
902338,22095,solar,319.2,2022,,Q19-1208
902339,24569,storage,500.0,2022,,Q19-1245
902340,22958,solar,156.5,2022,,Q19-1252
902341,17152,solar,86.7,2022,,Q19-1283
902342,9202,storage,105.8,2022,,Q19-1309
902343,6494,solar,340.9,2022,,Q19-1363
902344,10038,solar,81.7,2022,,Q17-0722
902345,19230,wind,257.0,2022,,Q17-0774
902346,22336,solar,128.1,2022,,Q17-0857
902347,5372,gas,421.0,2022,,Q18-0951
902348,10752,gas,1091.5,2022,,Q18-0995
902349,7936,wind,228.7,2022,,Q18-1116
902350,17049,solar,44.7,2022,,Q18-1129
902351,5482,solar,156.4,2022,,Q19-1135
902352,23520,hybrid,224.4,2022,,Q19-1184
902353,9633,wind,79.2,2022,,Q19-1195
902354,21704,solar,65.5,2022,,Q19-1201
902355,9760,solar,261.6,2022,,Q19-1218
902356,22493,gas,443.6,2023,,Q18-1035
902357,10266,gas,287.1,2023,,Q18-1040
902358,10279,solar,82.4,2023,,Q18-1059
902359,23495,storage,93.4,2023,,Q18-1067
902360,22493,solar,173.0,2023,,Q19-1261
902361,22965,solar,343.4,2023,,Q19-1364
902362,20138,solar,87.1,2023,,Q18-0940
902363,8920,other,31.0,2023,,Q18-1039
902364,9785,solar,129.1,2023,,Q18-1101
902365,22035,solar,144.7,2023,,Q18-1120
902366,20286,solar,411.8,2023,,Q19-1148
902367,7416,gas,185.0,2023,,Q19-1210
902368,18801,solar,106.2,2023,,Q19-1234
902369,21977,solar,105.4,2023,,Q19-1235
902370,5987,storage,50.4,2023,,Q19-1244
902371,9729,solar,161.8,2023,,Q19-1311
902372,7938,solar,244.3,2023,,Q19-1332
902373,9793,solar,82.9,2023,,Q20-1381
902374,17391,solar,184.3,2023,,Q20-1431
902375,8520,solar,59.3,2023,,Q17-0808
902376,10279,gas,937.6,2023,,Q17-0864
902377,6026,solar,97.8,2023,,Q18-0912
902378,5374,solar,211.7,2023,,Q18-0922
902379,19544,gas,764.8,2023,,Q18-0931
902380,9633,wind,302.3,2023,,Q18-1069
902381,19769,solar,237.5,2023,,Q18-1118
902382,7233,solar,139.1,2023,,Q19-1155
902383,9633,hybrid,114.5,2023,,Q19-1291
902384,17219,solar,47.7,2023,,Q19-1344
902385,21786,solar,64.6,2023,,Q20-1458
902386,21212,solar,174.8,2023,,Q20-1493
902387,22866,other,14.4,2023,,Q17-0835
902388,5862,solar,185.8,2023,,Q18-0955
902389,17040,solar,53.3,2023,,Q18-1005
902390,19587,wind,345.0,2023,,Q18-1075
902391,9633,solar,125.6,2023,,Q18-1079
902392,18623,solar,76.0,2023,,Q18-1098
902393,6997,solar,148.9,2023,,Q19-1154
902394,9633,solar,105.5,2023,,Q19-1224
902395,5924,gas,150.0,2023,,Q19-1267
902396,22865,solar,182.6,2023,,Q19-1274
902397,8313,solar,91.8,2023,,Q19-1294
902398,9658,solar,51.4,2023,,Q19-1341
902399,22035,storage,83.8,2023,,Q19-1369
902400,20171,solar,126.5,2023,,Q20-1420
902401,9633,gas,721.6,2023,,Q20-1439
902402,9179,storage,55.2,2023,,Q20-1500
902403,6432,gas,179.6,2023,,Q20-1534
902404,23512,solar,175.7,2023,,Q18-0915
902405,9219,solar,104.4,2023,,Q18-0941
902406,17881,solar,29.6,2023,,Q18-0976
902407,9534,solar,53.0,2023,,Q18-1028
902408,18497,solar,83.8,2023,,Q18-1063
902409,10066,solar,236.3,2023,,Q18-1111
902410,9985,storage,155.0,2023,,Q18-1126
902411,19932,storage,130.0,2023,,Q19-1131
902412,22849,storage,117.9,2023,,Q19-1222
902413,18384,solar,63.4,2023,,Q19-1223
902414,9755,storage,193.7,2023,,Q19-1228
902415,21716,solar,135.2,2023,,Q19-1270
902416,9747,solar,182.9,2023,,Q19-1301
902417,9275,solar,203.9,2023,,Q19-1334
902418,23340,solar,147.3,2023,,Q19-1348
902419,9633,wind,185.9,2023,,Q19-1350
902420,9540,wind,404.4,2023,,Q20-1409
902421,17041,solar,103.1,2023,,Q20-1423
902422,22493,wind,264.3,2023,,Q20-1562
902423,22596,solar,142.9,2023,,Q20-1567
902424,23516,wind,56.2,2023,,Q17-0818
902425,8499,gas,953.3,2023,,Q18-0975
902426,9633,solar,59.4,2023,,Q18-1097
902427,18693,wind,238.5,2023,,Q19-1189
902428,6646,storage,166.1,2023,,Q19-1268
902429,22021,solar,60.6,2023,,Q19-1300
902430,9987,gas,123.1,2023,,Q20-1391
902431,10098,wind,95.5,2023,,Q20-1511
902432,7320,solar,140.2,2023,,Q20-1551
902433,23523,solar,210.6,2023,,Q20-1615
902434,8343,solar,230.0,2023,,Q18-0945
902435,18934,wind,224.2,2023,,Q18-0980
902436,5960,wind,361.5,2023,,Q18-1009
902437,22493,solar,145.2,2023,,Q18-1062
902438,9633,gas,880.4,2023,,Q18-1110
902439,19548,solar,58.1,2023,,Q19-1157
902440,9633,solar,115.1,2023,,Q19-1163
902441,10446,storage,93.5,2023,,Q19-1194
902442,8011,solar,500.3,2023,,Q19-1360
902443,8710,solar,115.5,2023,,Q20-1395
902444,23185,solar,99.8,2023,,Q20-1498
902445,18122,solar,159.8,2023,,Q20-1506
902446,19554,storage,44.6,2023,,Q20-1514
902447,9219,solar,25.7,2023,,Q20-1612
902448,22493,gas,97.8,2023,,Q18-0914
902449,9853,solar,326.3,2023,,Q18-0936
902450,18021,wind,97.4,2023,,Q18-0943
902451,9633,other,109.0,2023,,Q18-1051
902452,23495,solar,131.7,2023,,Q19-1165
902453,9336,storage,39.3,2023,,Q19-1211
902454,10156,storage,66.6,2023,,Q19-1219
902455,5726,wind,364.1,2023,,Q19-1255
902456,20299,solar,201.9,2023,,Q19-1353
902457,22035,solar,106.5,2023,,Q19-1366
902458,10038,storage,136.2,2023,,Q20-1379
902459,8146,solar,106.2,2023,,Q20-1422
902460,9193,solar,68.8,2023,,Q17-0871
902461,23887,other,46.9,2023,,Q18-0933
902462,9567,gas,197.6,2023,,Q18-1060
902463,9532,wind,62.6,2023,,Q18-1089
902464,22001,gas,59.9,2023,,Q18-1090
902465,8009,solar,157.3,2023,,Q18-1124
902466,24600,solar,205.4,2023,,Q18-1125
902467,9253,solar,63.8,2023,,Q19-1138
902468,10240,solar,204.3,2023,,Q19-1225
902469,22035,storage,87.7,2023,,Q19-1299
902470,10182,gas,206.0,2023,,Q19-1338
902471,9811,solar,83.6,2023,,Q20-1387
902472,8146,solar,80.5,2023,,Q20-1416
902473,9078,solar,28.7,2023,,Q20-1430
902474,10134,solar,237.3,2023,,Q20-1459
902475,23185,solar,216.0,2023,,Q20-1533
902476,10068,storage,75.8,2023,,Q17-0898
902477,9159,storage,41.4,2023,,Q18-0918
902478,7750,solar,164.7,2023,,Q18-0938
902479,22965,solar,207.1,2023,,Q18-0998
902480,22982,gas,538.8,2023,,Q18-1013
902481,7936,wind,404.3,2023,,Q18-1033
902482,22035,solar,27.1,2023,,Q18-1037
902483,23508,other,99.7,2023,,Q18-1119
902484,8397,storage,65.8,2023,,Q19-1217
902485,23142,solar,233.7,2023,,Q19-1264
902486,9633,gas,216.2,2023,,Q19-1290
902487,8209,solar,119.2,2023,,Q19-1367
902488,2957,solar,89.4,2023,,Q20-1384
902489,5238,solar,71.3,2023,,Q20-1400
902490,9091,solar,379.8,2023,,Q20-1412
902491,19386,storage,63.8,2023,,Q20-1426
902492,9055,wind,314.5,2023,,Q20-1504
902493,5484,storage,188.7,2023,,Q20-1510
902494,17238,wind,79.0,2023,,Q20-1526
902495,19235,solar,188.5,2023,,Q19-1192
902496,19321,solar,124.5,2023,,Q19-1230
902497,5308,wind,140.0,2023,,Q19-1251
902498,10157,solar,95.4,2023,,Q19-1298
902499,9633,hybrid,390.5,2023,,Q20-1393
902500,9436,gas,494.2,2023,,Q20-1436
902501,17238,solar,89.6,2023,,Q20-1452
902502,9631,solar,155.8,2023,,Q20-1455
902503,24600,wind,165.4,2023,,Q20-1515
902504,19735,storage,143.9,2023,,Q20-1541
902505,11153,solar,90.7,2023,,Q20-1634
902506,22035,gas,203.9,2023,,Q21-1769
902507,10279,solar,170.2,2023,,Q18-0985
902508,10275,other,69.1,2023,,Q18-1010
902509,17238,wind,187.9,2023,,Q19-1190
902510,8180,solar,101.5,2023,,Q19-1238
902511,9633,solar,200.2,2023,,Q19-1260
902512,8710,solar,167.4,2023,,Q19-1320
902513,23508,hybrid,135.1,2023,,Q19-1325
902514,17394,storage,20.8,2023,,Q20-1425
902515,18019,storage,108.3,2023,,Q20-1490
902516,9751,solar,204.6,2023,,Q20-1582
902517,22018,solar,157.6,2023,,Q20-1613
902518,22749,solar,109.2,2023,,Q21-1644
902519,19391,wind,98.2,2024,,Q18-1109
902520,6005,gas,633.6,2024,,Q19-1166
902521,7507,hybrid,144.0,2024,,Q19-1284
902522,18984,storage,69.4,2024,,Q19-1322
902523,8698,solar,97.6,2024,,Q20-1396
902524,22493,wind,358.9,2024,,Q20-1473
902525,19544,solar,642.1,2024,,Q20-1482
902526,9633,gas,559.6,2024,,Q20-1497
902527,22578,solar,157.1,2024,,Q20-1580
902528,7567,wind,142.8,2024,,Q20-1591
902529,19492,solar,175.4,2024,,Q18-1092
902530,9633,solar,221.1,2024,,Q19-1142
902531,9633,wind,158.0,2024,,Q19-1221
902532,10264,gas,363.4,2024,,Q19-1236
902533,19017,wind,92.0,2024,,Q19-1276
902534,10210,solar,75.5,2024,,Q19-1310
902535,22965,storage,94.7,2024,,Q19-1324
902536,18567,storage,96.9,2024,,Q19-1365
902537,20087,solar,210.2,2024,,Q20-1371
902538,21763,wind,287.6,2024,,Q20-1434
902539,10054,hybrid,128.1,2024,,Q20-1438
902540,22311,solar,128.1,2024,,Q20-1453
902541,19544,storage,98.0,2024,,Q20-1491
902542,22965,storage,59.7,2024,,Q20-1519
902543,9633,solar,202.3,2024,,Q21-1685
902544,11129,solar,295.6,2024,,Q21-1733
902545,8395,solar,56.5,2024,,Q21-1740
902546,23201,solar,240.9,2024,,Q18-0992
902547,9810,gas,340.6,2024,,Q18-1064
902548,18005,solar,211.1,2024,,Q18-1103
902549,16921,solar,100.0,2024,,Q19-1177
902550,22493,solar,104.9,2024,,Q19-1257
902551,8841,hybrid,200.3,2024,,Q19-1272
902552,20100,solar,63.2,2024,,Q20-1394
902553,10279,hybrid,72.6,2024,,Q20-1399
902554,9662,gas,285.4,2024,,Q20-1456
902555,24600,gas,1500.0,2024,,Q20-1476
902556,9278,solar,139.7,2024,,Q20-1508
902557,9633,storage,70.3,2024,,Q20-1552
902558,23495,wind,193.1,2024,,Q20-1553
902559,18692,solar,437.3,2024,,Q20-1603
902560,21664,hybrid,132.2,2024,,Q21-1718
902561,18683,solar,56.8,2024,,Q18-1025
902562,9633,solar,71.1,2024,,Q18-1029
902563,19554,solar,63.0,2024,,Q19-1133
902564,23495,wind,318.9,2024,,Q19-1178
902565,18442,hybrid,274.2,2024,,Q19-1182
902566,18028,solar,217.3,2024,,Q19-1191
902567,20199,storage,153.1,2024,,Q20-1378
902568,8244,storage,48.8,2024,,Q20-1402
902569,7526,solar,305.9,2024,,Q20-1418
902570,23508,storage,84.2,2024,,Q20-1480
902571,21710,solar,53.7,2024,,Q20-1513
902572,18222,storage,209.0,2024,,Q20-1544
902573,22901,solar,134.0,2024,,Q20-1573
902574,9225,solar,163.7,2024,,Q20-1611
902575,6999,storage,54.6,2024,,Q20-1626
902576,7837,solar,106.4,2024,,Q21-1679
902577,9024,storage,151.4,2024,,Q18-1076
902578,23104,solar,207.8,2024,,Q19-1151
902579,22035,storage,56.8,2024,,Q19-1333
902580,23504,solar,129.9,2024,,Q19-1357
902581,23495,hybrid,500.0,2024,,Q20-1404
902582,22578,solar,100.4,2024,,Q20-1475
902583,22749,storage,211.9,2024,,Q20-1521
902584,9633,solar,228.1,2024,,Q21-1680
902585,16805,gas,786.6,2024,,Q21-1734
902586,22035,solar,61.3,2024,,Q21-1899
902587,9627,solar,175.3,2024,,Q18-1057
902588,9633,wind,167.0,2024,,Q19-1134
902589,19588,solar,69.3,2024,,Q19-1136
902590,24642,wind,262.4,2024,,Q19-1253
902591,20299,solar,26.7,2024,,Q19-1278
902592,22493,solar,89.7,2024,,Q19-1304
902593,17957,gas,73.7,2024,,Q20-1392
902594,22035,storage,75.9,2024,,Q20-1405
902595,9219,storage,303.6,2024,,Q20-1512
902596,23035,hybrid,109.0,2024,,Q20-1523
902597,11130,storage,68.9,2024,,Q21-1751
902598,22035,solar,300.9,2024,,Q21-1828
902599,17320,solar,41.2,2024,,Q21-1947
902600,22024,gas,141.6,2024,,Q18-1107
902601,9078,hybrid,383.5,2024,,Q19-1243
902602,20286,solar,72.6,2024,,Q19-1329
902603,23320,solar,231.2,2024,,Q19-1331
902604,19569,solar,197.6,2024,,Q20-1427
902605,9590,hybrid,122.9,2024,,Q20-1586
902606,19344,solar,73.0,2024,,Q20-1616
902607,7447,solar,77.1,2024,,Q20-1617
902608,22962,storage,100.7,2024,,Q21-1674
902609,5221,solar,124.4,2024,,Q21-1704
902610,10018,hybrid,213.0,2024,,Q21-1806
902611,9912,storage,161.3,2024,,Q21-1833
902612,7811,storage,84.0,2024,,Q21-1908
902613,17673,gas,246.6,2024,,Q18-1095
902614,24211,solar,86.8,2024,,Q19-1152
902615,7936,storage,91.9,2024,,Q19-1246
902616,7109,storage,167.5,2024,,Q19-1335
902617,22965,solar,104.2,2024,,Q20-1397
902618,9722,solar,113.2,2024,,Q20-1501
902619,8350,solar,164.9,2024,,Q20-1564
902620,19993,wind,172.0,2024,,Q20-1577
902621,22493,storage,42.1,2024,,Q21-1708
902622,21719,gas,205.8,2024,,Q21-1741
902623,17027,solar,105.4,2024,,Q21-1875
902624,23527,gas,55.9,2024,,Q21-1876
902625,17420,solar,49.3,2024,,Q21-1965
902626,6435,solar,94.0,2024,,Q19-1144
902627,10071,solar,65.6,2024,,Q19-1209
902628,19914,solar,123.5,2024,,Q19-1212
902629,23227,solar,55.0,2024,,Q19-1226
902630,5628,gas,260.3,2024,,Q19-1314
902631,22493,solar,164.8,2024,,Q19-1339
902632,9219,storage,68.4,2024,,Q19-1355
902633,9867,solar,85.6,2024,,Q20-1380
902634,22965,storage,25.3,2024,,Q20-1424
902635,10279,solar,149.5,2024,,Q20-1570
902636,9971,solar,90.6,2024,,Q20-1587
902637,7233,solar,164.8,2024,,Q20-1596
902638,5642,solar,81.4,2024,,Q20-1602
902639,20962,solar,83.2,2024,,Q20-1633
902640,19905,solar,185.5,2024,,Q21-1666
902641,19554,solar,70.3,2024,,Q21-1667
902642,6174,storage,140.2,2024,,Q21-1761
902643,7144,solar,115.7,2024,,Q21-1955
902644,23357,storage,42.8,2024,,Q18-1082
902645,23508,solar,205.0,2024,,Q19-1175
902646,7784,solar,109.0,2024,,Q20-1383
902647,23153,solar,127.9,2024,,Q20-1464
902648,19437,hybrid,377.8,2024,,Q20-1469
902649,8130,solar,144.2,2024,,Q20-1484
902650,11146,solar,148.7,2024,,Q20-1547
902651,7287,solar,45.0,2024,,Q20-1635
902652,9782,solar,95.3,2024,,Q21-1665
902653,19580,hybrid,305.2,2024,,Q21-1717
902654,22767,solar,268.2,2024,,Q21-1756
902655,19236,solar,141.4,2024,,Q21-1765
902656,10167,gas,205.7,2024,,Q21-1776
902657,11146,solar,120.3,2024,,Q21-1861
902658,9207,storage,76.5,2024,,Q22-2028
902659,9062,solar,135.5,2024,,Q19-1346
902660,20038,storage,28.5,2024,,Q20-1382
902661,22765,wind,297.8,2024,,Q20-1403
902662,5970,solar,72.5,2024,,Q20-1446
902663,9844,solar,170.9,2024,,Q20-1472
902664,22982,storage,162.5,2024,,Q20-1527
902665,9633,solar,78.3,2024,,Q20-1529
902666,5184,wind,221.5,2024,,Q20-1592
902667,9070,solar,168.7,2024,,Q21-1651
902668,9275,solar,177.4,2024,,Q21-1719
902669,9480,solar,262.0,2024,,Q19-1215
902670,9044,solar,32.4,2024,,Q19-1250
902671,10095,storage,165.0,2024,,Q20-1525
902672,11146,solar,43.8,2024,,Q21-1660
902673,11209,wind,459.1,2024,,Q21-1678
902674,22959,solar,57.9,2024,,Q21-1712
902675,8244,storage,66.2,2024,,Q21-1825
902676,9301,solar,406.5,2024,,Q21-1900
902677,22035,gas,573.2,2024,,Q21-1918
902678,21977,solar,127.6,2025,,Q19-1237
902679,9172,storage,109.2,2025,,Q19-1279
902680,9280,hybrid,175.9,2025,,Q19-1347
902681,8523,solar,145.1,2025,,Q20-1385
902682,18949,solar,157.9,2025,,Q20-1388
902683,5998,wind,256.9,2025,,Q20-1445
902684,5773,wind,76.4,2025,,Q20-1598
902685,7117,solar,163.6,2025,,Q21-1760
902686,19576,solar,63.0,2025,,Q21-1935
902687,5977,solar,302.2,2025,,Q19-1352
902688,17954,hybrid,116.5,2025,,Q19-1358
902689,9159,solar,235.7,2025,,Q20-1401
902690,9633,storage,63.0,2025,,Q20-1454
902691,18757,gas,86.1,2025,,Q20-1479
902692,21664,solar,96.4,2025,,Q20-1531
902693,23512,hybrid,141.9,2025,,Q21-1648
902694,23508,storage,36.9,2025,,Q21-1730
902695,11099,storage,71.5,2025,,Q21-1752
902696,7233,gas,343.8,2025,,Q21-1803
902697,9387,storage,500.0,2025,,Q21-1815
902698,9633,solar,106.9,2025,,Q21-1829
902699,19554,wind,212.7,2025,,Q21-1836
902700,18964,solar,52.8,2025,,Q21-1859
902701,10209,solar,132.2,2025,,Q21-1906
902702,20032,wind,162.7,2025,,Q19-1214
902703,7067,solar,235.8,2025,,Q19-1292
902704,16995,storage,23.4,2025,,Q19-1349
902705,19760,solar,130.2,2025,,Q19-1351
902706,23458,storage,35.5,2025,,Q20-1437
902707,22933,wind,95.7,2025,,Q20-1555
902708,9633,solar,231.7,2025,,Q20-1557
902709,11121,storage,47.0,2025,,Q20-1576
902710,9959,storage,86.7,2025,,Q21-1694
902711,18462,solar,65.7,2025,,Q21-1763
902712,10445,solar,48.7,2025,,Q21-1891
902713,18515,solar,133.9,2025,,Q19-1213
902714,16972,wind,134.9,2025,,Q20-1389
902715,5286,storage,109.6,2025,,Q20-1470
902716,22035,solar,141.5,2025,,Q20-1486
902717,19554,solar,118.0,2025,,Q20-1543
902718,7233,solar,195.4,2025,,Q21-1676
902719,22965,storage,339.8,2025,,Q21-1703
902720,6123,storage,199.6,2025,,Q21-1711
902721,23302,wind,50.2,2025,,Q21-1847
902722,5960,storage,148.4,2025,,Q21-1869
902723,23316,solar,116.2,2025,,Q21-1887
902724,9793,solar,120.3,2025,,Q22-2081
902725,19998,solar,57.5,2025,,Q22-2110
902726,20015,solar,68.9,2025,,Q19-1227
902727,22965,solar,195.5,2025,,Q20-1386
902728,6064,hybrid,341.2,2025,,Q20-1429
902729,9203,solar,297.1,2025,,Q20-1443
902730,7233,solar,89.7,2025,,Q20-1463
902731,22921,solar,196.3,2025,,Q20-1545
902732,19616,solar,202.0,2025,,Q20-1600
902733,19048,solar,138.1,2025,,Q21-1670
902734,5505,gas,167.8,2025,,Q21-1728
902735,6382,solar,37.9,2025,,Q21-1746
902736,22493,solar,100.8,2025,,Q21-1768
902737,19554,gas,639.4,2025,,Q21-1811
902738,9453,gas,1411.7,2025,,Q21-1820
902739,18699,storage,74.1,2025,,Q21-1839
902740,8324,gas,171.5,2025,,Q21-1850
902741,22024,gas,843.2,2025,,Q21-1897
902742,8341,solar,637.6,2025,,Q22-2109
902743,10965,solar,71.4,2025,,Q19-1359
902744,9185,solar,382.7,2025,,Q20-1377
902745,6967,storage,66.3,2025,,Q20-1604
902746,6717,solar,122.3,2025,,Q21-1646
902747,6253,solar,281.0,2025,,Q21-1661
902748,9227,solar,267.3,2025,,Q21-1735
902749,20223,solar,182.4,2025,,Q21-1747
902750,9399,solar,249.7,2025,,Q21-1764
902751,8926,solar,275.8,2025,,Q21-1812
902752,9913,hybrid,149.3,2025,,Q21-1823
902753,10279,storage,41.5,2025,,Q21-1824
902754,9418,gas,1053.5,2025,,Q21-1883
902755,19557,gas,435.1,2025,,Q22-1977
902756,9971,storage,54.2,2025,,Q22-1986
902757,19554,storage,135.1,2025,,Q22-2025
902758,23495,solar,112.0,2025,,Q22-2089
902759,9724,storage,74.0,2025,,Q22-2097
902760,5372,solar,240.9,2025,,Q22-2119
902761,5925,gas,333.3,2025,,Q19-1254
902762,18758,storage,163.8,2025,,Q20-1440
902763,5690,solar,77.9,2025,,Q20-1451
902764,9510,solar,57.4,2025,,Q20-1495
902765,19172,solar,222.6,2025,,Q20-1502
902766,18390,storage,101.5,2025,,Q20-1584
902767,22035,solar,221.3,2025,,Q20-1638
902768,22491,solar,133.3,2025,,Q21-1677
902769,22749,wind,271.6,2025,,Q21-1690
902770,5925,solar,83.1,2025,,Q21-1727
902771,10048,storage,274.0,2025,,Q21-1758
902772,10345,storage,89.6,2025,,Q21-1821
902773,8198,solar,115.7,2025,,Q21-1842
902774,19865,storage,122.0,2025,,Q21-1867
902775,5571,wind,137.3,2025,,Q21-1878
902776,5616,storage,61.3,2025,,Q21-1895
902777,9633,gas,429.0,2025,,Q21-1923
902778,9633,storage,82.2,2025,,Q21-1925
902779,9774,wind,150.2,2025,,Q21-1966
902780,21719,solar,114.3,2025,,Q22-2030
902781,5930,wind,259.0,2025,,Q19-1286
902782,5756,solar,92.4,2025,,Q19-1315
902783,19208,gas,198.5,2025,,Q20-1467
902784,7847,solar,77.2,2025,,Q20-1517
902785,9084,wind,65.4,2025,,Q20-1632
902786,24642,solar,390.6,2025,,Q21-1681
902787,5960,solar,105.0,2025,,Q21-1707
902788,23061,storage,107.0,2025,,Q21-1781
902789,23520,solar,88.9,2025,,Q21-1844
902790,9633,storage,42.6,2025,,Q21-1866
902791,10014,storage,500.0,2025,,Q21-1903
902792,6052,storage,396.5,2025,,Q21-1933
902793,5709,storage,36.8,2025,,Q21-1970
902794,6928,storage,79.7,2025,,Q22-2071
902795,8095,gas,1023.0,2025,,Q22-2091
902796,9633,solar,335.6,2025,,Q22-2164
902797,9703,solar,181.9,2025,,Q20-1466
902798,7184,solar,79.1,2025,,Q20-1477
902799,10344,solar,267.6,2025,,Q20-1536
902800,17222,gas,673.7,2025,,Q20-1542
902801,5843,gas,142.3,2025,,Q21-1662
902802,10157,solar,124.4,2025,,Q21-1786
902803,23495,storage,151.5,2025,,Q21-1808
902804,9919,solar,250.7,2025,,Q21-1840
902805,9946,solar,275.6,2025,,Q21-1857
902806,21810,hybrid,474.4,2025,,Q21-1872
902807,22209,wind,262.7,2025,,Q21-1877
902808,9633,storage,82.6,2025,,Q21-1894
902809,22749,hybrid,126.6,2025,,Q21-1917
902810,5863,solar,63.4,2025,,Q21-1945
902811,17850,solar,47.0,2025,,Q21-1962
902812,10098,solar,78.6,2025,,Q22-2032
902813,9633,gas,726.2,2025,,Q22-2141
902814,17402,solar,136.9,2025,,Q22-2173
902815,22024,wind,121.8,2025,,Q22-2212
902816,7889,solar,51.1,2025,,Q20-1636
902817,18712,solar,112.4,2025,,Q21-1664
902818,22035,solar,244.1,2025,,Q21-1804
902819,18759,solar,75.5,2025,,Q21-1810
902820,23512,wind,285.6,2025,,Q21-1964
902821,18432,solar,113.6,2025,,Q22-2022
902822,17710,solar,290.0,2025,,Q22-2029
902823,21381,solar,74.2,2025,,Q22-2057
902824,22965,storage,94.1,2025,,Q22-2058
902825,23072,storage,65.8,2025,,Q22-2137
902826,16969,hybrid,133.4,2025,,Q22-2143
902827,7328,solar,70.6,2025,,Q22-2162
902828,10698,solar,178.1,2025,,Q20-1492
902829,19235,solar,191.5,2025,,Q20-1565
902830,19684,solar,319.1,2025,,Q20-1590
902831,5440,solar,226.8,2025,,Q21-1641
902832,9633,solar,150.1,2025,,Q21-1724
902833,9740,wind,151.5,2025,,Q21-1797
902834,6029,solar,105.2,2025,,Q21-1892
902835,21380,solar,123.3,2025,,Q21-1909
902836,9703,solar,99.4,2025,,Q21-1944
902837,9851,gas,41.0,2025,,Q22-2014
902838,6702,storage,106.6,2025,,Q22-2044
902839,6882,storage,144.2,2025,,Q22-2053
902840,22024,solar,137.3,2025,,Q22-2211
902841,5574,storage,113.7,2025,,Q20-1518
902842,6666,wind,211.3,2025,,Q20-1622
902843,20199,solar,96.9,2025,,Q21-1770
902844,9405,solar,63.9,2025,,Q21-1777
902845,19986,storage,105.1,2025,,Q21-1902
902846,17238,gas,230.2,2025,,Q22-2005
902847,5610,gas,176.1,2025,,Q22-2023
902848,18081,wind,165.8,2025,,Q22-2046
902849,10224,solar,204.9,2025,,Q22-2056
902850,9327,solar,89.8,2025,,Q22-2092
902851,9633,solar,20.3,2025,,Q22-2128
902852,8655,solar,131.3,2025,,Q22-2166
