datetime,constraint_name,shadow_price,flow_mw
2016-01-19 08:00:00,BRYANT - CASTO 138 KV L,0.94,262.5
2016-01-19 08:00:00,EARLIMART - JEFFERSON TAP 138 KV,2.17,193.9
2016-01-19 08:00:00,LA CONNER - FIVE FALLS 138 KV L,26.75,241.1
2016-01-19 08:00:00,BRIDGEPORT - GRISWALD 138 KV,6.38,237.3
2016-01-19 08:00:00,DEL BAC - ELGIN 138 KV,147.42,164.7
2016-01-19 08:00:00,LOGANS FERRY - SS3143 138 KV,10.43,250.5
2016-01-19 08:00:00,DETROIT - RIDGELEY 345 KV,6.56,1287.3
2016-01-19 08:00:00,TYHEE - CTR 138 KV,5.59,238.9
2016-01-19 08:00:00,STATION G - CLOVER 345 KV,13.53,1432.2
2016-01-19 08:00:00,GEYSERS TAP 2 - WALTHALL 138 KV,3.82,235.8
2016-01-19 08:00:00,POSSUM POINT 345 kV/138 kV Autotransformer,3.5,206.3
2016-01-19 08:00:00,HILLTOP 230115KV - SURRY 138 KV #1,12.36,285.3
2016-01-19 08:00:00,FOURTH PLAIN SUBSTATION - AMOS 345 KV,16.4,1131.0
2016-01-19 08:00:00,SPORN SUBSTATION 345-230 kV Autotransformer,10.21,387.7
2016-01-19 08:00:00,ROCHESTER HYDRO - SONORA 100 KV,38.0,148.3
2016-01-19 08:00:00,KILLEN 100-1 kV Transformer,148.6,191.3
2016-01-19 08:00:00,DEDEDO - CHICOPEE HYDROELETRIC STATION 230 KV L,14.4,489.2
2016-01-19 08:00:00,FIRSTENERGY EDGEWATER - BARNES JCT 100 KV L,86.15,136.1
2016-01-19 08:00:00,KEMMERER - FIRSTENERGY BAY SHORE 230 KV,2.36,505.0
2016-02-13 19:00:00,PRAIRIE - MOTOROLA 138 KV,0.65,216.7
2016-02-13 19:00:00,BRYANT - CASTO 138 KV L,1.37,262.4
2016-02-13 19:00:00,EARLIMART - JEFFERSON TAP 138 KV,8.68,193.9
2016-02-13 19:00:00,LA CONNER - FIVE FALLS 138 KV L,74.52,241.1
2016-02-13 19:00:00,DEL BAC - ELGIN 138 KV,138.26,164.7
2016-02-13 19:00:00,LOGANS FERRY - SS3143 138 KV,8.67,250.5
2016-02-13 19:00:00,TYHEE - CTR 138 KV,4.13,238.9
2016-02-13 19:00:00,DAM NO. 4 HYDRO STATION - TIMBER SWAMP 138 KV L,9.69,218.7
2016-02-13 19:00:00,STATION G - CLOVER 345 KV,13.54,1432.2
2016-02-13 19:00:00,JENNINGS LODGE - AGANA 138 KV,0.7,233.6
2016-02-13 19:00:00,GEYSERS TAP 2 - WALTHALL 138 KV,1.29,235.8
2016-02-13 19:00:00,POSSUM POINT 345 kV/138 kV Autotransformer,2.73,206.3
2016-02-13 19:00:00,BUTTS - ALLINGS CROSSING 138 KV L,910.83,224.8
2016-02-13 19:00:00,FOURTH PLAIN SUBSTATION - AMOS 345 KV,14.89,1131.0
2016-02-13 19:00:00,FIRSTENERGY EDGEWATER - BARNES JCT 100 KV L,24.99,136.1
2016-02-13 19:00:00,KEMMERER - FIRSTENERGY BAY SHORE 230 KV,2.44,505.0
2016-03-03 19:00:00,GARY WORKS - MOLINO 161 KV,266.05,220.3
2016-03-03 19:00:00,BLAKESLEE JCT 138/1 kV Transformer Bank,265.72,101.4
2016-03-03 19:00:00,DIAMOND BAR - BAYONNE MUA- LEITNER-POMA WIND TURBINE 138 KV,4.24,211.3
2016-03-03 19:00:00,NORTHSIDE - NJT MEADOWLANDS RAIL SUBSTAION 138 KV Circuit 2,2.15,270.1
2016-03-03 19:00:00,24TH & GARDNDALE 161/138 kV Transformer,2000.0,142.2
2016-03-03 19:00:00,LA CONNER - FIVE FALLS 138 KV L,75.65,241.1
2016-03-03 19:00:00,LOGANS FERRY - SS3143 138 KV,5.45,250.5
2016-03-03 19:00:00,TYHEE - CTR 138 KV,7.87,238.9
2016-03-03 19:00:00,CONOWINGO - HOLLAND 138 KV Line,13.89,245.9
2016-03-03 19:00:00,STATION G - CLOVER 345 KV,7.15,1432.2
2016-03-03 19:00:00,JENNINGS LODGE - AGANA 138 KV,5.02,233.6
2016-03-03 19:00:00,GEYSERS TAP 2 - WALTHALL 138 KV,10.16,235.8
2016-03-03 19:00:00,POSSUM POINT 345 kV/138 kV Autotransformer,9.1,206.4
2016-03-03 19:00:00,CAYUCOS 138 kV/69 kV TX Unit 1,239.97,102.3
2016-03-03 19:00:00,N RANDOLPH - PAUL SWEET 138 KV,762.88,260.5
2016-03-03 19:00:00,FOURTH PLAIN SUBSTATION - AMOS 345 KV,9.73,1131.0
2016-03-03 19:00:00,KILLEN 100-1 kV Transformer,27.96,191.3
2016-03-03 19:00:00,SOUTHPOINT - CAPSULE 100 KV,6.17,109.7
2016-04-06 08:00:00,GARY WORKS - MOLINO 161 KV,382.62,220.3
2016-04-06 08:00:00,BLAKESLEE JCT 138/1 kV Transformer Bank,327.9,101.3
2016-04-06 08:00:00,DIAMOND BAR - BAYONNE MUA- LEITNER-POMA WIND TURBINE 138 KV,0.74,211.3
2016-04-06 08:00:00,LA CONNER - FIVE FALLS 138 KV L,51.65,241.1
2016-04-06 08:00:00,LOGANS FERRY - SS3143 138 KV,5.09,250.5
2016-04-06 08:00:00,TYHEE - CTR 138 KV,11.35,238.9
2016-04-06 08:00:00,GEYSERS TAP 2 - WALTHALL 138 KV,16.66,235.8
2016-04-06 08:00:00,POSSUM POINT 345 kV/138 kV Autotransformer,11.36,206.3
2016-04-06 08:00:00,CAYUCOS 138 kV/69 kV TX Unit 1,2000.0,104.9
2016-04-06 08:00:00,CAYUCOS 138 kV/69 kV Autotransformer,2000.0,104.9
2016-04-06 08:00:00,N RANDOLPH - PAUL SWEET 138 KV,1055.32,260.5
2016-04-06 08:00:00,FOURTH PLAIN SUBSTATION - AMOS 345 KV,7.32,1131.0
2016-04-06 08:00:00,GREENLAND GAP - STEVENSVILLE 345 KV,10.99,1391.5
2016-04-06 08:00:00,SOUTHPAC - BRIDGEHAMPTON 100 KV,2000.0,156.6
2016-04-06 08:00:00,HAWTHORNE OCB ELECTRIC - N YUMA 100 KV,1869.85,135.2
2016-05-31 18:00:00,BRYANT - CASTO 138 KV L,6.79,262.5
2016-05-31 18:00:00,BRIDGEPORT - GRISWALD 138 KV,19.68,237.3
2016-05-31 18:00:00,DEL BAC - ELGIN 138 KV,111.07,164.7
2016-05-31 18:00:00,LOGANS FERRY - SS3143 138 KV,7.37,250.5
2016-05-31 18:00:00,CONOWINGO - HOLLAND 138 KV Line,33.82,245.9
2016-05-31 18:00:00,JOLLYVILLE - E HAGERSTOWN 138 KV,122.35,260.6
2016-05-31 18:00:00,STATION G - CLOVER 345 KV,15.89,1432.2
2016-05-31 18:00:00,FLUVANNA P.S - LOUISA GENERATION FACILITY 345 KV,0.57,1425.9
2016-05-31 18:00:00,POSSUM POINT 345 kV/138 kV Autotransformer,1.25,206.3
2016-05-31 18:00:00,N RANDOLPH - PAUL SWEET 138 KV,617.55,260.5
2016-05-31 18:00:00,FOURTH PLAIN SUBSTATION - AMOS 345 KV,13.63,1131.0
2016-05-31 18:00:00,GREENLAND GAP - STEVENSVILLE 345 KV,15.56,1391.5
2016-05-31 18:00:00,KILLEN 100-1 kV Transformer,70.14,191.3
2016-05-31 18:00:00,DEDEDO - CHICOPEE HYDROELETRIC STATION 230 KV L,1.38,489.2
2016-05-31 18:00:00,CONCORD - MT. HARRIS 230 KV,7.12,434.8
2016-06-20 17:00:00,LA CONNER - FIVE FALLS 138 KV L,101.58,241.1
2016-06-20 17:00:00,BRIDGEPORT - GRISWALD 138 KV,37.22,237.3
2016-06-20 17:00:00,DEL BAC - ELGIN 138 KV,156.91,164.7
2016-06-20 17:00:00,EDDYSTONE - BUCKS CRK 138 KV,32.89,229.3
2016-06-20 17:00:00,LOGANS FERRY - SS3143 138 KV,7.54,250.5
2016-06-20 17:00:00,TYHEE - CTR 138 KV,1.68,238.9
2016-06-20 17:00:00,DAM NO. 4 HYDRO STATION - TIMBER SWAMP 138 KV L,11.25,218.7
2016-06-20 17:00:00,STATION G - CLOVER 345 KV,16.35,1432.2
2016-06-20 17:00:00,POSSUM POINT 345 kV/138 kV Autotransformer,2.56,206.3
2016-06-20 17:00:00,FOURTH PLAIN SUBSTATION - AMOS 345 KV,18.0,1131.0
2016-06-20 17:00:00,SPORN SUBSTATION 345-230 kV Autotransformer,1.21,387.7
2016-06-20 17:00:00,KILLEN 100-1 kV Transformer,122.64,191.3
2016-06-20 17:00:00,DEDEDO - CHICOPEE HYDROELETRIC STATION 230 KV L,24.69,489.2
2016-06-20 17:00:00,KEMMERER - FIRSTENERGY BAY SHORE 230 KV,2.45,505.0
2016-06-20 17:00:00,MCMICHEN - MT. HARRIS 230 KV,25.95,508.3
2016-06-20 17:00:00,CRIST ROAD - BIPORT 100 KV,160.35,137.3
2016-07-25 16:00:00,PAPER - TECUMSEH RD 138 KV,0.57,264.5
2016-07-25 16:00:00,LA CONNER - FIVE FALLS 138 KV L,123.01,241.1
2016-07-25 16:00:00,BRIDGEPORT - GRISWALD 138 KV,214.79,237.3
2016-07-25 16:00:00,LIBERTY ELECTRIC POWER PLANT - GRISWALD 138 KV,94.84,254.4
2016-07-25 16:00:00,PLYMOUTH MEETING - BARBADOES 138 KV,152.69,255.6
2016-07-25 16:00:00,EDDYSTONE - BUCKS CRK 138 KV,227.4,229.3
2016-07-25 16:00:00,LOGANS FERRY - SS3143 138 KV,9.63,250.5
2016-07-25 16:00:00,DETROIT - RIDGELEY 345 KV,2.27,1287.3
2016-07-25 16:00:00,CONOWINGO - HOLLAND 138 KV Line,157.2,245.9
2016-07-25 16:00:00,JOLLYVILLE - E HAGERSTOWN 138 KV,91.43,260.6
2016-07-25 16:00:00,STATION G - CLOVER 345 KV,25.08,1432.2
2016-07-25 16:00:00,NEXEN TAP - MILLER REDWOOD 138 KV,18.87,274.9
2016-07-25 16:00:00,FOURTH PLAIN SUBSTATION - AMOS 345 KV,15.37,1131.0
2016-07-25 16:00:00,SPORN SUBSTATION 345-230 kV Autotransformer,10.67,387.7
2016-07-25 16:00:00,ROCHESTER HYDRO - SONORA 100 KV,35.22,148.3
2016-07-25 16:00:00,KILLEN 100-1 kV Transformer,148.84,191.3
2016-07-25 16:00:00,DEDEDO - CHICOPEE HYDROELETRIC STATION 230 KV L,14.42,489.2
2016-07-25 16:00:00,FIRSTENERGY EDGEWATER - BARNES JCT 100 KV L,124.16,136.1
2016-07-25 16:00:00,KEMMERER - FIRSTENERGY BAY SHORE 230 KV,3.2,505.0
2016-07-25 16:00:00,CONCORD - MT. HARRIS 230 KV,10.66,434.8
2016-08-12 16:00:00,EARLIMART SUBSTATION - NEW HOGAN 138 KV,58.06,244.2
2016-08-12 16:00:00,LA CONNER - FIVE FALLS 138 KV L,190.41,241.1
2016-08-12 16:00:00,HIGHLANDS - BEVERLY 138 KV,24.56,233.2
2016-08-12 16:00:00,BRIDGEPORT - GRISWALD 138 KV,165.36,237.3
2016-08-12 16:00:00,LIBERTY ELECTRIC POWER PLANT - GRISWALD 138 KV,38.68,254.4
2016-08-12 16:00:00,EDDYSTONE - BUCKS CRK 138 KV,192.76,229.3
2016-08-12 16:00:00,YUKON - SEVIERVILLE 138 KV,4.56,265.3
2016-08-12 16:00:00,LOGANS FERRY - SS3143 138 KV,10.37,250.5
2016-08-12 16:00:00,NORFORK 500 kV/345 kV XFMR,1.31,461.3
2016-08-12 16:00:00,CONOWINGO - HOLLAND 138 KV Line,108.3,245.9
2016-08-12 16:00:00,STATION G - CLOVER 345 KV,23.07,1432.2
2016-08-12 16:00:00,FLUVANNA P.S - LOUISA GENERATION FACILITY 345 KV,2.5,1425.9
2016-08-12 16:00:00,YADKIN - WHEELABRATOR PORTSMOUTH 138 KV,10.83,253.1
2016-08-12 16:00:00,FOURTH PLAIN SUBSTATION - AMOS 345 KV,11.01,1131.0
2016-08-12 16:00:00,GREENLAND GAP - STEVENSVILLE 345 KV,12.99,1391.5
2016-08-12 16:00:00,SPORN SUBSTATION 345-230 kV Autotransformer,11.33,387.7
2016-08-12 16:00:00,ROCHESTER HYDRO - SONORA 100 KV,23.78,148.3
2016-08-12 16:00:00,KILLEN 100-1 kV Transformer,146.66,191.3
2016-08-12 16:00:00,DEDEDO - CHICOPEE HYDROELETRIC STATION 230 KV L,15.28,489.2
2016-08-12 16:00:00,FIRSTENERGY EDGEWATER - BARNES JCT 100 KV L,254.76,136.1
2016-08-12 16:00:00,KEMMERER - FIRSTENERGY BAY SHORE 230 KV,7.36,505.0
2016-08-12 16:00:00,RANCHO MISSION VIEJO - FERMI 100 KV Line 1,421.11,160.9
2016-09-08 17:00:00,LA CONNER - FIVE FALLS 138 KV L,10.37,241.1
2016-09-08 17:00:00,HIGHLANDS - BEVERLY 138 KV,15.87,233.2
2016-09-08 17:00:00,BRIDGEPORT - GRISWALD 138 KV,92.94,237.3
2016-09-08 17:00:00,DEL BAC - ELGIN 138 KV,214.03,164.7
2016-09-08 17:00:00,EDDYSTONE - BUCKS CRK 138 KV,79.53,229.3
2016-09-08 17:00:00,LOGANS FERRY - SS3143 138 KV,10.55,250.5
2016-09-08 17:00:00,DETROIT - RIDGELEY 345 KV,4.78,1287.3
2016-09-08 17:00:00,JOLLYVILLE - E HAGERSTOWN 138 KV,88.23,260.6
2016-09-08 17:00:00,WESTROCK SOUTHEAST LLC - CASON LNE 345 KV line,3.34,1270.4
2016-09-08 17:00:00,STATION G - CLOVER 345 KV,20.53,1432.2
2016-09-08 17:00:00,JIM BRANCH - LOUISA GENERATION FACILITY 138 KV,4.58,275.7
2016-09-08 17:00:00,PERSON - MECKLENBURG POWER STATION 345 KV,2.89,1409.5
2016-09-08 17:00:00,NEXEN TAP - MILLER REDWOOD 138 KV,12.87,274.9
2016-09-08 17:00:00,FOURTH PLAIN SUBSTATION - AMOS 345 KV,14.74,1131.0
2016-09-08 17:00:00,SPORN SUBSTATION 345-230 kV Autotransformer,10.52,387.7
2016-09-08 17:00:00,LOMA VISTA - CEDAR HILL 100 KV,23.53,133.9
2016-09-08 17:00:00,KILLEN 100-1 kV Transformer,127.11,191.3
2016-09-08 17:00:00,DEDEDO - CHICOPEE HYDROELETRIC STATION 230 KV L,17.18,489.2
2016-09-08 17:00:00,FIRSTENERGY EDGEWATER - BARNES JCT 100 KV L,227.63,136.1
2016-09-08 17:00:00,KEMMERER - FIRSTENERGY BAY SHORE 230 KV,10.33,505.0
2016-09-08 17:00:00,BELLE GLADE - CASTALIA 100 KV,2000.0,156.3
2016-09-08 17:00:00,CONCORD - MT. HARRIS 230 KV,15.42,434.8
2016-10-19 17:00:00,GARY WORKS - MOLINO 161 KV,295.05,220.3
2016-10-19 17:00:00,BLAKESLEE JCT 138/1 kV Transformer Bank,272.25,101.4
2016-10-19 17:00:00,LA CONNER - FIVE FALLS 138 KV L,91.39,241.1
2016-10-19 17:00:00,LOGANS FERRY - SS3143 138 KV,2.91,250.5
2016-10-19 17:00:00,TYHEE - CTR 138 KV,3.71,238.9
2016-10-19 17:00:00,HERMANAS DAVILA 1705 - GUADALUPE GENERATING 138 KV L,81.05,227.7
2016-10-19 17:00:00,STATION G - CLOVER 345 KV,5.11,1432.2
2016-10-19 17:00:00,JENNINGS LODGE - AGANA 138 KV,4.76,233.5
2016-10-19 17:00:00,GEYSERS TAP 2 - WALTHALL 138 KV,12.86,235.8
2016-10-19 17:00:00,POSSUM POINT 345 kV/138 kV Autotransformer,6.94,206.4
2016-10-19 17:00:00,CAYUCOS 138 kV/69 kV TX Unit 1,173.18,102.3
2016-10-19 17:00:00,ALLINGS CROSSING - ERIN 138 KV,1271.21,251.6
2016-10-19 17:00:00,N RANDOLPH - PAUL SWEET 138 KV,2000.0,260.7
2016-10-19 17:00:00,FOURTH PLAIN SUBSTATION - AMOS 345 KV,2.8,1131.0
2016-10-19 17:00:00,GREENLAND GAP - STEVENSVILLE 345 KV,7.09,1391.5
2016-10-19 17:00:00,W BELLAIRE 138 kV/1 kV Transformer,44.71,152.3
2016-11-21 19:00:00,GARY WORKS - MOLINO 161 KV,306.58,220.3
2016-11-21 19:00:00,BLAKESLEE JCT 138/1 kV Transformer Bank,267.66,101.4
2016-11-21 19:00:00,LA CONNER - FIVE FALLS 138 KV L,86.91,241.1
2016-11-21 19:00:00,LOGANS FERRY - SS3143 138 KV,5.41,250.5
2016-11-21 19:00:00,TYHEE - CTR 138 KV,8.63,238.9
2016-11-21 19:00:00,CONOWINGO - HOLLAND 138 KV Line,4.49,245.9
2016-11-21 19:00:00,PERSON - MECKLENBURG POWER STATION 345 KV,5.94,1409.5
2016-11-21 19:00:00,JENNINGS LODGE - AGANA 138 KV,3.79,233.6
2016-11-21 19:00:00,GEYSERS TAP 2 - WALTHALL 138 KV,7.31,235.8
2016-11-21 19:00:00,POSSUM POINT 345 kV/138 kV Autotransformer,8.09,206.3
2016-11-21 19:00:00,CAYUCOS 138 kV/69 kV TX Unit 1,12.08,102.3
2016-11-21 19:00:00,N RANDOLPH - PAUL SWEET 138 KV,920.82,260.5
2016-11-21 19:00:00,FOURTH PLAIN SUBSTATION - AMOS 345 KV,9.7,1131.0
2016-11-21 19:00:00,KILLEN 100-1 kV Transformer,22.63,191.3
2016-12-15 19:00:00,BRIDGEPORT - GRISWALD 138 KV,36.79,237.3
2016-12-15 19:00:00,DEL BAC - ELGIN 138 KV,147.1,164.7
2016-12-15 19:00:00,EDDYSTONE - BUCKS CRK 138 KV,30.84,229.3
2016-12-15 19:00:00,LOGANS FERRY - SS3143 138 KV,10.3,250.5
2016-12-15 19:00:00,TYHEE - CTR 138 KV,6.29,238.9
2016-12-15 19:00:00,CONOWINGO - HOLLAND 138 KV Line,25.98,245.9
2016-12-15 19:00:00,DAM NO. 4 HYDRO STATION - TIMBER SWAMP 138 KV L,78.83,218.7
2016-12-15 19:00:00,STATION G - CLOVER 345 KV,16.29,1432.2
2016-12-15 19:00:00,POSSUM POINT 345 kV/138 kV Autotransformer,3.45,206.3
2016-12-15 19:00:00,FOURTH PLAIN SUBSTATION - AMOS 345 KV,17.06,1131.0
2016-12-15 19:00:00,SPORN SUBSTATION 345-230 kV Autotransformer,9.44,387.7
2016-12-15 19:00:00,ROCHESTER HYDRO - SONORA 100 KV,33.82,148.3
2016-12-15 19:00:00,KILLEN 100-1 kV Transformer,151.28,191.3
2016-12-15 19:00:00,DEDEDO - CHICOPEE HYDROELETRIC STATION 230 KV L,13.51,489.2
2016-12-15 19:00:00,FIRSTENERGY EDGEWATER - BARNES JCT 100 KV L,134.56,136.1
2016-12-15 19:00:00,KEMMERER - FIRSTENERGY BAY SHORE 230 KV,3.23,505.0
2016-12-15 19:00:00,CONCORD - MT. HARRIS 230 KV,2.4,434.8
2016-12-15 19:00:00,ENDAKO CUST SUBSTATION - LOS OSITOS 230 KV Line,3.62,619.9
2012-01-03 19:00:00,BLAKESLEE JCT 138/1 kV Transformer Bank,19.61,102.3
2012-01-03 19:00:00,MOTOROLA - W ORANGE 138 KV,8.78,189.4
2012-01-03 19:00:00,EARLIMART - JEFFERSON TAP 138 KV,1.54,196.7
2012-01-03 19:00:00,SODA SPRINGS POWER PLANT - HICROSS 138 KV,6.87,190.1
2012-01-03 19:00:00,WALLENPAUPACK 500-345 kV Transformer,18.8,1043.8
2012-01-03 19:00:00,YOST BRIDGE - N STRASBURG SUBSTATION 138 KV,60.66,254.4
2012-01-03 19:00:00,GEYSERS TAP 2 - WALTHALL 138 KV,1.37,235.8
2012-02-13 08:00:00,GARY WORKS - MOLINO 161 KV,326.41,220.3
2012-02-13 08:00:00,BLAKESLEE JCT 138/1 kV Transformer Bank,282.41,102.3
2012-02-13 08:00:00,LA CONNER - FIVE FALLS 138 KV L,15.39,307.3
2012-02-13 08:00:00,WESTPORT - WHEELABRATOR BALTIMORE REFUSE 138 KV Line,7.45,189.0
2012-02-13 08:00:00,JENNINGS LODGE - AGANA 138 KV,5.17,233.5
2012-02-13 08:00:00,GEYSERS TAP 2 - WALTHALL 138 KV,13.86,235.8
2012-02-13 08:00:00,CAYUCOS 138 kV/69 kV TX Unit 1,75.15,113.0
2012-03-05 20:00:00,GARY WORKS - MOLINO 161 KV,392.65,220.3
2012-03-05 20:00:00,BLAKESLEE JCT 138/1 kV Transformer Bank,332.2,102.3
2012-03-05 20:00:00,DIAMOND BAR - BAYONNE MUA- LEITNER-POMA WIND TURBINE 138 KV,0.72,211.3
2012-03-05 20:00:00,LA CONNER - FIVE FALLS 138 KV L,27.86,307.3
2012-03-05 20:00:00,WESTPORT - WHEELABRATOR BALTIMORE REFUSE 138 KV Line,9.69,189.0
2012-03-05 20:00:00,JENNINGS LODGE - AGANA 138 KV,6.73,233.5
2012-03-05 20:00:00,GEYSERS TAP 2 - WALTHALL 138 KV,16.68,235.8
2012-04-16 21:00:00,GARY WORKS - MOLINO 161 KV,404.33,220.3
2012-04-16 21:00:00,BLAKESLEE JCT 138/1 kV Transformer Bank,342.67,102.3
2012-04-16 21:00:00,EARLIMART - JEFFERSON TAP 138 KV,6.44,196.7
2012-04-16 21:00:00,LA CONNER - FIVE FALLS 138 KV L,77.2,307.3
2012-04-16 21:00:00,WESTPORT - WHEELABRATOR BALTIMORE REFUSE 138 KV Line,8.89,189.0
2012-04-16 21:00:00,JENNINGS LODGE - AGANA 138 KV,7.07,233.5
2012-04-16 21:00:00,GEYSERS TAP 2 - WALTHALL 138 KV,17.88,235.8
2012-04-16 21:00:00,NORTH RANDOLPH - CAMPO FRESCO 2 138 KV,244.01,256.5
2012-04-16 21:00:00,CONCORD - MT. HARRIS 230 KV,1.94,520.5
2012-04-16 21:00:00,MAALAEA - FARRAGUT 230 KV line,41.97,559.8
2012-05-29 17:00:00,EARLIMART - JEFFERSON TAP 138 KV,22.47,196.7
2012-05-29 17:00:00,LA CONNER - FIVE FALLS 138 KV L,117.11,307.3
2012-05-29 17:00:00,WALLENPAUPACK 500-345 kV Transformer,29.19,1043.8
2012-05-29 17:00:00,WESTROCK SOUTHEAST LLC - RIDGELEY 345 KV,6.2,1320.5
2012-05-29 17:00:00,FOURTH PLAIN - MILROY 345 KV,4.27,1068.9
2012-05-29 17:00:00,SOUTHPAC - SUNRISE POWER 100 KV Line,2000.0,143.4
2012-05-29 17:00:00,CONCORD - MT. HARRIS 230 KV,7.49,520.5
2012-06-21 17:00:00,TOKIO - JOSE 138 KV,110.82,279.5
2012-06-21 17:00:00,LA CONNER - FIVE FALLS 138 KV L,61.32,307.3
2012-06-21 17:00:00,N LAKE - PLAQUEMINE COGENERATION PLANT 138 KV,64.09,279.7
2012-06-21 17:00:00,BRIDGEPORT - GRISWALD 138 KV,43.03,293.5
2012-06-21 17:00:00,RIVERPLACE - HIGH RIDGE 138 KV,5.94,252.1
2012-06-21 17:00:00,WESTROCK SOUTHEAST LLC - RIDGELEY 345 KV,0.68,1320.5
2012-06-21 17:00:00,KEMMERER - DANIEL SIDING 230 KV,1.83,632.9
2012-06-21 17:00:00,CONCORD - MT. HARRIS 230 KV,2.54,520.5
2012-07-18 15:00:00,LA CONNER - FIVE FALLS 138 KV L,128.66,307.3
2012-07-18 15:00:00,BRIDGEPORT - GRISWALD 138 KV,46.01,293.5
2012-07-18 15:00:00,WALLENPAUPACK 500-345 kV Transformer,37.04,1043.8
2012-07-18 15:00:00,WESTROCK SOUTHEAST LLC - RIDGELEY 345 KV,0.8,1320.5
2012-07-18 15:00:00,OPP - CICO 138 KV Ckt 2,27.7,307.2
2012-07-18 15:00:00,KEMMERER - DANIEL SIDING 230 KV,1.94,632.9
2012-07-18 15:00:00,CONCORD - MT. HARRIS 230 KV,11.3,520.5
2012-08-03 16:00:00,EARLIMART - JEFFERSON TAP 138 KV,18.64,196.7
2012-08-03 16:00:00,LA CONNER - FIVE FALLS 138 KV L,79.26,307.3
2012-08-03 16:00:00,BRIDGEPORT - GRISWALD 138 KV,4.88,293.5
2012-08-03 16:00:00,WALLENPAUPACK 500-345 kV Transformer,33.14,1043.8
2012-08-03 16:00:00,FAYETTEVILLE S - SAN BRUNO SUBSTATION 100 KV,1.48,144.8
2012-08-03 16:00:00,KEMMERER - DANIEL SIDING 230 KV,1.07,632.9
2012-08-03 16:00:00,CONCORD - MT. HARRIS 230 KV,13.51,520.5
2012-09-07 17:00:00,BRYANT - CASTO 138 KV L,2.29,262.4
2012-09-07 17:00:00,EARLIMART - JEFFERSON TAP 138 KV,23.6,196.7
2012-09-07 17:00:00,LA CONNER - FIVE FALLS 138 KV L,86.54,307.3
2012-09-07 17:00:00,WALLENPAUPACK 500-345 kV Transformer,20.48,1043.8
2012-09-07 17:00:00,TYHEE - CTR 138 KV,1.66,289.8
2012-09-07 17:00:00,WESTROCK SOUTHEAST LLC - RIDGELEY 345 KV,4.86,1320.5
2012-09-07 17:00:00,FOURTH PLAIN - MILROY 345 KV,3.24,1068.9
2012-10-03 20:00:00,GARY WORKS - MOLINO 161 KV,425.45,220.3
2012-10-03 20:00:00,BLAKESLEE JCT 138/1 kV Transformer Bank,362.59,102.3
2012-10-03 20:00:00,LA CONNER - FIVE FALLS 138 KV L,59.19,307.3
2012-10-03 20:00:00,WESTPORT - WHEELABRATOR BALTIMORE REFUSE 138 KV Line,8.31,189.0
2012-10-03 20:00:00,WESTROCK SOUTHEAST LLC - RIDGELEY 345 KV,10.07,1320.5
2012-10-03 20:00:00,JENNINGS LODGE - AGANA 138 KV,6.62,233.5
2012-10-03 20:00:00,GEYSERS TAP 2 - WALTHALL 138 KV,16.34,235.8
2012-10-03 20:00:00,NORTH RANDOLPH - CAMPO FRESCO 2 138 KV,269.52,256.5
2012-10-03 20:00:00,MILLHOPPER - TURQUOISE 138 KV,24.17,214.1
2012-11-27 18:00:00,GARY WORKS - MOLINO 161 KV,324.27,220.3
2012-11-27 18:00:00,BLAKESLEE JCT 138/1 kV Transformer Bank,290.63,102.3
2012-11-27 18:00:00,LA CONNER - FIVE FALLS 138 KV L,61.26,307.3
2012-11-27 18:00:00,WESTPORT - WHEELABRATOR BALTIMORE REFUSE 138 KV Line,6.18,189.0
2012-11-27 18:00:00,JENNINGS LODGE - AGANA 138 KV,5.52,233.6
2012-11-27 18:00:00,GEYSERS TAP 2 - WALTHALL 138 KV,13.96,235.8
2012-11-27 18:00:00,NORTH RANDOLPH - CAMPO FRESCO 2 138 KV,127.98,256.5
2012-12-26 18:00:00,GARY WORKS - MOLINO 161 KV,321.69,220.3
2012-12-26 18:00:00,BLAKESLEE JCT 138/1 kV Transformer Bank,274.8,102.3
2012-12-26 18:00:00,LA CONNER - FIVE FALLS 138 KV L,28.46,307.3
2012-12-26 18:00:00,WESTPORT - WHEELABRATOR BALTIMORE REFUSE 138 KV Line,4.06,189.0
2012-12-26 18:00:00,BADGER CREEK SUBSTATION - CHIPETA LAKE 138 KV,17.76,180.0
2012-12-26 18:00:00,WESTROCK SOUTHEAST LLC - RIDGELEY 345 KV,10.11,1320.5
2012-12-26 18:00:00,JENNINGS LODGE - AGANA 138 KV,5.91,233.6
2012-12-26 18:00:00,GILBOA - ORMOD 138 KV,17.2,261.7
2012-12-26 18:00:00,SPORN SUBSTATION 345-230 kV Autotransformer,5.1,581.1
2013-01-22 19:00:00,BLAKESLEE JCT 138/1 kV Transformer Bank,1.48,105.2
2013-01-22 19:00:00,MOTOROLA - W ORANGE 138 KV,6.67,189.4
2013-01-22 19:00:00,WALLENPAUPACK 500-345 kV Transformer,19.83,1128.0
2013-01-22 19:00:00,TYHEE - CTR 138 KV,5.87,289.8
2013-01-22 19:00:00,THURMONT - CALEDONIA SWITCHING YARD 138 KV,12.54,297.8
2013-01-22 19:00:00,POSSUM POINT 345 kV/138 kV Autotransformer,3.9,315.5
2013-02-01 19:00:00,GARY WORKS - MOLINO 161 KV,239.76,220.3
2013-02-01 19:00:00,BLAKESLEE JCT 138/1 kV Transformer Bank,205.28,105.2
2013-02-01 19:00:00,WESTPORT - WHEELABRATOR BALTIMORE REFUSE 138 KV Line,7.15,189.0
2013-02-01 19:00:00,JENNINGS LODGE - AGANA 138 KV,2.3,233.6
2013-03-06 19:00:00,BLAKESLEE JCT 138/1 kV Transformer Bank,48.3,105.2
2013-03-06 19:00:00,MOTOROLA - W ORANGE 138 KV,6.83,189.4
2013-03-06 19:00:00,BRYANT - CASTO 138 KV L,12.79,262.4
2013-03-06 19:00:00,CAPE CANAVERAL - HUNTERSTOWN POWER PLANT 138 KV,45.51,212.8
2013-03-06 19:00:00,DEL BAC - BRADLEY LAKE 138 KV line,48.58,269.7
2013-03-06 19:00:00,WESTPORT - WHEELABRATOR BALTIMORE REFUSE 138 KV Line,4.9,189.0
2013-03-06 19:00:00,TIMBERWOLF SUBSTATION - EAST LONGMEADOW 138 KV,23.24,257.2
2013-03-06 19:00:00,JENNINGS LODGE - AGANA 138 KV,3.5,233.5
2013-03-06 19:00:00,GEYSERS TAP 2 - WALTHALL 138 KV,6.29,266.0
2013-04-04 08:00:00,GARY WORKS - MOLINO 161 KV,527.05,220.3
2013-04-04 08:00:00,BLAKESLEE JCT 138/1 kV Transformer Bank,407.92,105.2
2013-04-04 08:00:00,JET - BELLEVILLE 138 KV,2.63,205.5
2013-04-04 08:00:00,WESTPORT - WHEELABRATOR BALTIMORE REFUSE 138 KV Line,12.27,189.0
2013-04-04 08:00:00,JENNINGS LODGE - AGANA 138 KV,7.27,233.5
2013-04-04 08:00:00,BAYAMON SUBSTATION - KANSAS 138 KV L,86.4,186.0
2013-05-31 17:00:00,BRYANT - CASTO 138 KV L,1.04,262.5
2013-05-31 17:00:00,PULPGEN - FIVE FALLS 138 KV L,65.61,358.3
2013-05-31 17:00:00,WALLENPAUPACK 500-345 kV Transformer,22.02,1128.0
2013-05-31 17:00:00,TYHEE - CTR 138 KV,2.84,289.8
2013-05-31 17:00:00,POSSUM POINT 345 kV/138 kV Autotransformer,1.69,315.5
2013-06-25 16:00:00,WALLENPAUPACK 500-345 kV Transformer,41.16,1128.0
2013-06-25 16:00:00,TYHEE - CTR 138 KV,1.76,289.8
2013-06-25 16:00:00,BORREGO - BADGER CREEK SUBSTATION 138 KV,65.12,166.1
2013-06-25 16:00:00,CONCORD - MT. HARRIS 230 KV,3.34,617.6
2013-07-19 16:00:00,PULPGEN - FIVE FALLS 138 KV L,58.32,358.3
2013-07-19 16:00:00,BRIDGEPORT - GRISWALD 138 KV,35.64,351.6
2013-07-19 16:00:00,WALLENPAUPACK 500-345 kV Transformer,36.77,1128.0
2013-07-19 16:00:00,HINTON AP - BETSY LAYNE 138 KV,47.55,209.2
2013-07-19 16:00:00,CONCORD - MT. HARRIS 230 KV,10.61,617.6
2013-07-19 16:00:00,CAMANCHE DAM - UNIVERSITY PARK N 100 KV Ckt 2,166.27,156.2
2013-08-27 18:00:00,PULPGEN - FIVE FALLS 138 KV L,5.29,358.3
2013-08-27 18:00:00,WALLENPAUPACK 500-345 kV Transformer,32.85,1128.0
2013-08-27 18:00:00,TYHEE - CTR 138 KV,4.87,289.8
2013-08-27 18:00:00,WESTROCK SOUTHEAST LLC - RIDGELEY 345 KV,15.65,1454.4
2013-08-27 18:00:00,TIMBERWOLF SUBSTATION - EAST LONGMEADOW 138 KV,5.93,257.2
2013-08-27 18:00:00,POSSUM POINT 345 kV/138 kV Autotransformer,2.03,315.5
2013-08-27 18:00:00,CONCORD - MT. HARRIS 230 KV,21.59,617.6
2013-09-11 15:00:00,CEDAR GROVE - YAUCO PLAZA 138 KV,6.4,260.4
2013-09-11 15:00:00,PULPGEN - FIVE FALLS 138 KV L,20.13,358.3
2013-09-11 15:00:00,WALLENPAUPACK 500-345 kV Transformer,30.83,1128.0
2013-09-11 15:00:00,TYHEE - CTR 138 KV,1.68,289.8
2013-09-11 15:00:00,WESTROCK SOUTHEAST LLC - RIDGELEY 345 KV,11.15,1454.4
2013-09-11 15:00:00,CONCORD - MT. HARRIS 230 KV,8.98,617.6
2013-10-04 17:00:00,MOTOROLA - W ORANGE 138 KV,36.52,189.4
2013-10-04 17:00:00,PULPGEN - FIVE FALLS 138 KV L,80.12,358.3
2013-10-04 17:00:00,GOLD RIV - SWITCH SUBSTATION 138 KV,30.85,210.5
2013-10-04 17:00:00,WESTPORT - WHEELABRATOR BALTIMORE REFUSE 138 KV Line,3.27,189.0
2013-10-04 17:00:00,BAYAMON SUBSTATION - KANSAS 138 KV L,38.09,186.0
2013-10-04 17:00:00,NORTH RANDOLPH - CAMPO FRESCO 2 138 KV,173.57,265.4
2013-11-25 19:00:00,GARY WORKS - MOLINO 161 KV,324.8,220.3
2013-11-25 19:00:00,BLAKESLEE JCT 138/1 kV Transformer Bank,276.21,105.2
2013-11-25 19:00:00,WESTPORT - WHEELABRATOR BALTIMORE REFUSE 138 KV Line,9.27,189.0
2013-11-25 19:00:00,JENNINGS LODGE - AGANA 138 KV,4.49,233.6
2013-12-12 19:00:00,GARY WORKS - MOLINO 161 KV,92.43,220.3
2013-12-12 19:00:00,BLAKESLEE JCT 138/1 kV Transformer Bank,110.7,105.2
2013-12-12 19:00:00,MOTOROLA - W ORANGE 138 KV,5.71,189.4
2013-12-12 19:00:00,WALLENPAUPACK 500-345 kV Transformer,1.06,1128.0
2013-12-12 19:00:00,WESTPORT - WHEELABRATOR BALTIMORE REFUSE 138 KV Line,4.39,189.0
2013-12-12 19:00:00,THURMONT - CALEDONIA SWITCHING YARD 138 KV,34.54,297.8
2013-12-12 19:00:00,JENNINGS LODGE - AGANA 138 KV,0.67,233.6
2014-01-07 19:00:00,WALLENPAUPACK 500-345 kV Transformer,32.47,1249.6
2014-01-07 19:00:00,TYHEE - CTR 138 KV,0.66,295.2
2014-01-07 19:00:00,BORREGO - BADGER CREEK SUBSTATION 138 KV,30.7,170.8
2014-01-07 19:00:00,LOCUSST - INTERNATIONAL PAPER VICKSBURG MILL 138 KV,8.65,178.6
2014-02-12 08:00:00,BRYANT - CASTO 138 KV L,2.66,262.4
2014-02-12 08:00:00,WALLENPAUPACK 500-345 kV Transformer,22.94,1249.6
2014-02-12 08:00:00,WESTPORT - WHEELABRATOR BALTIMORE REFUSE 138 KV Line,2.05,189.0
2014-02-12 08:00:00,BORREGO - BADGER CREEK SUBSTATION 138 KV,31.97,170.8
2014-02-12 08:00:00,POSSUM POINT 345 kV/138 kV Autotransformer,2.04,315.5
2014-03-03 20:00:00,MOTOROLA - W ORANGE 138 KV,1.63,189.4
2014-03-03 20:00:00,BRYANT - CASTO 138 KV L,4.39,262.5
2014-03-03 20:00:00,WALLENPAUPACK 500-345 kV Transformer,21.09,1249.6
2014-03-03 20:00:00,BORREGO - BADGER CREEK SUBSTATION 138 KV,35.05,170.8
2014-03-03 20:00:00,CALAVERAS 345 - OTTEN 138 KV,12.0,186.6
2014-03-03 20:00:00,POSSUM POINT 345 kV/138 kV Autotransformer,1.91,315.5
2014-03-03 20:00:00,VASCO - CAJALCO 100 KV,57.49,149.4
2014-03-03 20:00:00,CONCORD - MT. HARRIS 230 KV,0.62,727.6
2014-04-07 20:00:00,GARY WORKS - MOLINO 161 KV,511.02,220.3
2014-04-07 20:00:00,BLAKESLEE JCT 138/1 kV Transformer Bank,417.96,105.6
2014-04-07 20:00:00,JET - BELLEVILLE 138 KV,2.15,205.5
2014-04-07 20:00:00,WESTPORT - WHEELABRATOR BALTIMORE REFUSE 138 KV Line,12.48,189.0
2014-04-07 20:00:00,TIMBERWOLF SUBSTATION - EAST LONGMEADOW 138 KV,31.52,257.2
2014-04-07 20:00:00,JENNINGS LODGE - AGANA 138 KV,5.99,233.5
2014-04-07 20:00:00,E DUNKIRK - W ADAMSVILLE 138 KV,26.45,185.0
2014-04-07 20:00:00,NORTH RANDOLPH - CAMPO FRESCO 2 138 KV,332.15,266.0
2014-04-07 20:00:00,CADIZ - AMO 230 KV,24.66,990.9
2014-05-27 17:00:00,BLAKESLEE JCT 138/1 kV Transformer Bank,2.96,105.6
2014-05-27 17:00:00,MOTOROLA - W ORANGE 138 KV,18.32,189.4
2014-05-27 17:00:00,BRYANT - CASTO 138 KV L,6.74,262.5
2014-05-27 17:00:00,PULPGEN - FIVE FALLS 138 KV L,28.04,449.2
2014-05-27 17:00:00,SODA SPRINGS POWER PLANT - HICROSS 138 KV,18.15,190.1
2014-05-27 17:00:00,WALLENPAUPACK 500-345 kV Transformer,15.53,1249.6
2014-05-27 17:00:00,TIMBERWOLF SUBSTATION - EAST LONGMEADOW 138 KV,63.49,257.2
2014-05-27 17:00:00,TANNERS LAKE - HARROWGATE 138 KV Line,1.45,186.6
2014-05-27 17:00:00,POSSUM POINT 345 kV/138 kV Autotransformer,5.38,315.5
2014-05-27 17:00:00,E DUNKIRK - W ADAMSVILLE 138 KV,27.47,185.0
2014-05-27 17:00:00,NORTH RANDOLPH - CAMPO FRESCO 2 138 KV,256.5,266.0
2014-05-27 17:00:00,DPC ARGYLE SUBSTATION - ODESSA 100 KV #2,15.37,153.2
2014-05-27 17:00:00,CONCORD - MT. HARRIS 230 KV,14.11,727.6
2014-06-18 18:00:00,W RECEIVING - CASKY 138 KV L,62.59,232.2
2014-06-18 18:00:00,WALLENPAUPACK 500-345 kV Transformer,34.9,1249.6
2014-06-18 18:00:00,WESTROCK SOUTHEAST LLC - CASON LNE 345 KV line,6.52,1570.2
2014-06-18 18:00:00,TIMBERWOLF SUBSTATION - EAST LONGMEADOW 138 KV,16.23,257.2
2014-06-18 18:00:00,E DUNKIRK - W ADAMSVILLE 138 KV,37.76,185.0
2014-06-18 18:00:00,CONCORD - MT. HARRIS 230 KV,3.01,727.6
2014-07-02 16:00:00,WILLMAR - DELL CITY 138 KV Line,2.45,257.8
2014-07-02 16:00:00,W RECEIVING - CASKY 138 KV L,46.28,232.2
2014-07-02 16:00:00,PULPGEN - FIVE FALLS 138 KV L,42.18,449.2
2014-07-02 16:00:00,WALLENPAUPACK 500-345 kV Transformer,43.36,1249.6
2014-07-02 16:00:00,DETROIT - RIDGELEY 345 KV,8.43,1601.4
2014-07-02 16:00:00,BORREGO - BADGER CREEK SUBSTATION 138 KV,35.94,170.8
2014-07-02 16:00:00,E DUNKIRK - W ADAMSVILLE 138 KV,48.93,185.0
2014-08-27 18:00:00,BRYANT - CASTO 138 KV L,6.3,262.4
2014-08-27 18:00:00,PULPGEN - FIVE FALLS 138 KV L,22.07,449.2
2014-08-27 18:00:00,WALLENPAUPACK 500-345 kV Transformer,27.92,1249.6
2014-08-27 18:00:00,TYHEE - CTR 138 KV,1.63,295.2
2014-08-27 18:00:00,BORREGO - BADGER CREEK SUBSTATION 138 KV,10.0,170.8
2014-08-27 18:00:00,WESTROCK SOUTHEAST LLC - CASON LNE 345 KV line,10.9,1570.2
2014-08-27 18:00:00,TIMBERWOLF SUBSTATION - EAST LONGMEADOW 138 KV,7.5,257.2
2014-08-27 18:00:00,CONCORD - MT. HARRIS 230 KV,5.58,727.6
2014-09-02 17:00:00,WALLENPAUPACK 500-345 kV Transformer,39.84,1249.6
2014-09-02 17:00:00,BORREGO - BADGER CREEK SUBSTATION 138 KV,97.43,170.8
2014-09-02 17:00:00,BRIGHTON - ACKLEY 138 KV L,12.94,210.9
2014-09-02 17:00:00,E DUNKIRK - W ADAMSVILLE 138 KV,48.51,185.0
2014-09-02 17:00:00,CONCORD - MT. HARRIS 230 KV,7.95,727.6
2014-10-15 20:00:00,GARY WORKS - MOLINO 161 KV,502.65,220.3
2014-10-15 20:00:00,BLAKESLEE JCT 138/1 kV Transformer Bank,412.14,105.6
2014-10-15 20:00:00,JET - BELLEVILLE 138 KV,0.79,205.5
2014-10-15 20:00:00,WESTPORT - WHEELABRATOR BALTIMORE REFUSE 138 KV Line,11.87,189.0
2014-10-15 20:00:00,TIMBERWOLF SUBSTATION - EAST LONGMEADOW 138 KV,55.57,257.2
2014-10-15 20:00:00,JENNINGS LODGE - AGANA 138 KV,3.99,233.5
2014-10-15 20:00:00,E DUNKIRK - W ADAMSVILLE 138 KV,49.99,185.0
2014-10-15 20:00:00,NORTH RANDOLPH - CAMPO FRESCO 2 138 KV,500.99,266.0
2014-10-15 20:00:00,FAYETTEVILLE S - GIBSONIA SUBSTATION 100 KV,41.59,143.4
2014-11-18 19:00:00,BLAKESLEE JCT 138/1 kV Transformer Bank,5.43,105.6
2014-11-18 19:00:00,MOTOROLA - W ORANGE 138 KV,15.64,189.4
2014-11-18 19:00:00,BRYANT - CASTO 138 KV L,5.95,262.4
2014-11-18 19:00:00,WALLENPAUPACK 500-345 kV Transformer,11.53,1249.6
2014-11-18 19:00:00,KEENEY - MET CENTER 138 KV,10.78,195.6
2014-11-18 19:00:00,WESTPORT - WHEELABRATOR BALTIMORE REFUSE 138 KV Line,4.61,189.0
2014-11-18 19:00:00,TIMBERWOLF SUBSTATION - EAST LONGMEADOW 138 KV,35.95,257.2
2014-11-18 19:00:00,CONCORD - MT. HARRIS 230 KV,3.61,727.6
2014-12-08 18:00:00,BLAKESLEE JCT 138/1 kV Transformer Bank,3.7,105.6
2014-12-08 18:00:00,MOTOROLA - W ORANGE 138 KV,16.92,189.4
2014-12-08 18:00:00,BRYANT - CASTO 138 KV L,5.76,262.5
2014-12-08 18:00:00,SODA SPRINGS POWER PLANT - HICROSS 138 KV,14.81,190.1
2014-12-08 18:00:00,WALLENPAUPACK 500-345 kV Transformer,13.76,1249.6
2014-12-08 18:00:00,CTR - EAST TOWSON 138 KV,1.48,293.2
2014-12-08 18:00:00,TIMBERWOLF SUBSTATION - EAST LONGMEADOW 138 KV,54.48,257.2
2014-12-08 18:00:00,POSSUM POINT 345 kV/138 kV Autotransformer,5.24,315.5
2015-01-07 19:00:00,BREMERTON - W CROSSVILLE 138 KV,9.34,234.7
2015-01-07 19:00:00,NESBIT SUBSTATION - SCHOHARIE 345 KV,13.92,1266.0
2015-01-07 19:00:00,TYHEE - CTR 138 KV,3.69,295.2
2015-01-07 19:00:00,POSSUM POINT 345 kV/138 kV Autotransformer,1.83,315.5
2015-01-07 19:00:00,INTERNATIONAL PAPER VICKSBURG MILL - DEWEY 138 KV,11.01,194.7
2015-02-20 08:00:00,BRYANT - CASTO 138 KV L,16.14,262.4
2015-02-20 08:00:00,NESBIT SUBSTATION - SCHOHARIE 345 KV,11.38,1266.0
2015-02-20 08:00:00,TYHEE - CTR 138 KV,1.82,295.2
2015-02-20 08:00:00,INTERNATIONAL PAPER VICKSBURG MILL - DEWEY 138 KV,31.01,194.7
2015-02-20 08:00:00,W BATESVILLE 100/1 kV TX,85.05,293.6
2015-03-05 19:00:00,MOTOROLA - W ORANGE 138 KV,11.55,189.4
2015-03-05 19:00:00,BRYANT - CASTO 138 KV L,12.72,262.4
2015-03-05 19:00:00,NESBIT SUBSTATION - SCHOHARIE 345 KV,13.4,1266.0
2015-03-05 19:00:00,SODA SPRINGS POWER PLANT - HICROSS 138 KV,10.42,190.1
2015-03-05 19:00:00,WESTPORT - WHEELABRATOR BALTIMORE REFUSE 138 KV Line,5.78,189.0
2015-03-05 19:00:00,TIMBERWOLF SUBSTATION - EAST LONGMEADOW 138 KV,27.6,317.4
2015-03-05 19:00:00,POSSUM POINT 345 kV/138 kV Autotransformer,4.9,315.5
2015-04-01 08:00:00,GARY WORKS - MOLINO 161 KV,380.84,220.3
2015-04-01 08:00:00,BLAKESLEE JCT 138/1 kV Transformer Bank,344.14,114.2
2015-04-01 08:00:00,DIAMOND BAR - BAYONNE MUA- LEITNER-POMA WIND TURBINE 138 KV,3.93,211.3
2015-04-01 08:00:00,LILAC - COLDSPRING 138 KV,17.18,264.2
2015-04-01 08:00:00,CROZET - CHURCH 138 KV,29.19,166.9
2015-04-01 08:00:00,JENNINGS LODGE - AGANA 138 KV,6.3,233.5
2015-04-01 08:00:00,BAYAMON SUBSTATION - KANSAS 138 KV L,36.8,186.0
2015-05-28 17:00:00,MOTOROLA - W ORANGE 138 KV,6.68,189.4
2015-05-28 17:00:00,LAUREL AVE - YAUCO PLAZA 138 KV Cir. 1,17.13,306.4
2015-05-28 17:00:00,NESBIT SUBSTATION - SCHOHARIE 345 KV,17.33,1266.0
2015-05-28 17:00:00,SODA SPRINGS POWER PLANT - HICROSS 138 KV,6.34,190.1
2015-05-28 17:00:00,LAS MONJAS 1416 - BATH COUNTY 138 KV Line 2,109.69,310.0
2015-05-28 17:00:00,POSSUM POINT 345 kV/138 kV Autotransformer,3.89,315.5
2015-05-28 17:00:00,CONCORD - MT. HARRIS 230 KV,1.0,727.6
2015-06-23 17:00:00,BRYANT - CASTO 138 KV L,1.71,262.5
2015-06-23 17:00:00,NESBIT SUBSTATION - SCHOHARIE 345 KV,36.9,1266.0
2015-06-23 17:00:00,TYHEE - CTR 138 KV,1.25,295.2
2015-06-23 17:00:00,TIMBERWOLF SUBSTATION - EAST LONGMEADOW 138 KV,44.3,317.4
2015-06-23 17:00:00,INTERNATIONAL PAPER VICKSBURG MILL - DEWEY 138 KV,24.55,194.7
2015-06-23 17:00:00,CONCORD - MT. HARRIS 230 KV,1.17,727.6
2015-07-20 17:00:00,NESBIT SUBSTATION - SCHOHARIE 345 KV,43.05,1266.0
2015-07-20 17:00:00,TIMBERWOLF SUBSTATION - EAST LONGMEADOW 138 KV,23.85,317.4
2015-07-20 17:00:00,INTERNATIONAL PAPER VICKSBURG MILL - DEWEY 138 KV,39.79,194.7
2015-08-17 17:00:00,NESBIT SUBSTATION - SCHOHARIE 345 KV,33.66,1266.0
2015-08-17 17:00:00,TIMBERWOLF SUBSTATION - EAST LONGMEADOW 138 KV,11.46,317.4
2015-08-17 17:00:00,INTERNATIONAL PAPER VICKSBURG MILL - DEWEY 138 KV,36.78,194.7
2015-08-17 17:00:00,CONCORD - MT. HARRIS 230 KV,2.4,727.6
2015-09-08 17:00:00,TOKIO - JOSE 138 KV,122.0,421.7
2015-09-08 17:00:00,TIMBERWOLF SUBSTATION - EAST LONGMEADOW 138 KV,23.39,317.4
2015-09-08 17:00:00,INTERNATIONAL PAPER VICKSBURG MILL - DEWEY 138 KV,41.13,194.7
2015-09-08 17:00:00,DOLLARHIDE 230-138 kV TX,14.73,148.4
2015-10-19 08:00:00,GARY WORKS - MOLINO 161 KV,609.24,220.3
2015-10-19 08:00:00,BLAKESLEE JCT 138/1 kV Transformer Bank,419.4,114.2
2015-10-19 08:00:00,JET - BELLEVILLE 138 KV,14.5,205.5
2015-10-19 08:00:00,WESTPORT - WHEELABRATOR BALTIMORE REFUSE 138 KV Line,14.1,189.0
2015-10-19 08:00:00,JENNINGS LODGE - AGANA 138 KV,7.37,233.5
2015-10-19 08:00:00,BAYAMON SUBSTATION - KANSAS 138 KV L,256.77,186.0
2015-11-23 19:00:00,BLAKESLEE JCT 138/1 kV Transformer Bank,8.74,114.2
2015-11-23 19:00:00,MOTOROLA - W ORANGE 138 KV,18.7,189.4
2015-11-23 19:00:00,BRYANT - CASTO 138 KV L,8.74,262.5
2015-11-23 19:00:00,NESBIT SUBSTATION - SCHOHARIE 345 KV,18.19,1266.0
2015-11-23 19:00:00,WESTPORT - WHEELABRATOR BALTIMORE REFUSE 138 KV Line,6.23,189.0
2015-11-23 19:00:00,TIMBERWOLF SUBSTATION - EAST LONGMEADOW 138 KV,25.53,317.4
2015-11-23 19:00:00,JENNINGS LODGE - AGANA 138 KV,3.57,233.5
2015-11-23 19:00:00,GEYSERS TAP 2 - WALTHALL 138 KV,6.5,266.0
2015-12-08 19:00:00,GARY WORKS - MOLINO 161 KV,374.83,220.3
2015-12-08 19:00:00,BLAKESLEE JCT 138/1 kV Transformer Bank,323.75,114.2
2015-12-08 19:00:00,WESTPORT - WHEELABRATOR BALTIMORE REFUSE 138 KV Line,11.09,189.0
2015-12-08 19:00:00,TIMBERWOLF SUBSTATION - EAST LONGMEADOW 138 KV,3.44,317.4
2015-12-08 19:00:00,KINGS - PORTERVILLE 138 KV,5.18,185.5
2015-12-08 19:00:00,JENNINGS LODGE - AGANA 138 KV,6.26,233.5
2016-01-19 08:00:00,GARY WORKS - MOLINO 161 KV,62.46,220.3
2016-01-19 08:00:00,MOTOROLA - W ORANGE 138 KV,6.97,189.4
2016-01-19 08:00:00,BRYANT - CASTO 138 KV L,2.7,262.4
2016-01-19 08:00:00,WESTPORT - WHEELABRATOR BALTIMORE REFUSE 138 KV Line,3.8,189.0
2016-01-19 08:00:00,POSSUM POINT 345 kV/138 kV Autotransformer,2.66,315.5
2016-01-19 08:00:00,WHIRLPOOL CORPORATION - OTTAWA WIND FARM - DEERFIELD 100 KV,122.24,153.2
2016-02-13 19:00:00,GARY WORKS - MOLINO 161 KV,2.97,220.3
2016-02-13 19:00:00,MOTOROLA - W ORANGE 138 KV,14.89,189.4
2016-02-13 19:00:00,BRYANT - CASTO 138 KV L,15.92,262.4
2016-02-13 19:00:00,SODA SPRINGS POWER PLANT - HICROSS 138 KV,9.0,190.1
2016-02-13 19:00:00,WESTPORT - WHEELABRATOR BALTIMORE REFUSE 138 KV Line,5.38,189.0
2016-02-13 19:00:00,POSSUM POINT 345 kV/138 kV Autotransformer,4.22,315.5
2016-02-13 19:00:00,JANES CREEK - HARPER SUBSTATION 100 KV L,19.72,145.4
2016-03-03 19:00:00,GARY WORKS - MOLINO 161 KV,325.81,220.3
2016-03-03 19:00:00,BLAKESLEE JCT 138/1 kV Transformer Bank,239.52,121.8
2016-03-03 19:00:00,WESTPORT - WHEELABRATOR BALTIMORE REFUSE 138 KV Line,8.95,189.0
2016-03-03 19:00:00,JENNINGS LODGE - AGANA 138 KV,4.16,233.5
2016-04-06 08:00:00,GARY WORKS - MOLINO 161 KV,347.0,220.3
2016-04-06 08:00:00,BLAKESLEE JCT 138/1 kV Transformer Bank,297.87,121.8
2016-04-06 08:00:00,WESTPORT - WHEELABRATOR BALTIMORE REFUSE 138 KV Line,9.47,189.0
2016-04-06 08:00:00,JENNINGS LODGE - AGANA 138 KV,4.01,233.5
2016-04-06 08:00:00,BAYAMON SUBSTATION - KANSAS 138 KV L,184.77,186.0
2016-04-06 08:00:00,TOLLGATE SUBSTATION - TRWBRIDGE 138 KV L,2000.0,243.2
2016-04-06 08:00:00,TROWBRIDGE 138/69 kV Auto #1,2000.0,114.7
2016-04-06 08:00:00,TROWBRIDGE SUBSTATION 138-69 kV Autotransformer #2,2000.0,114.7
2016-04-06 08:00:00,TOWER AUTOMOTIVE - HEGEWISCH 100 KV,2000.0,174.1
2016-05-31 18:00:00,MOTOROLA - W ORANGE 138 KV,16.57,189.4
2016-05-31 18:00:00,BRYANT - CASTO 138 KV L,15.35,262.4
2016-05-31 18:00:00,SODA SPRINGS POWER PLANT - HICROSS 138 KV,24.25,190.1
2016-05-31 18:00:00,NESBIT - WALLENPAUPACK 345 KV,2.49,1324.5
2016-05-31 18:00:00,WESTPORT - WHEELABRATOR BALTIMORE REFUSE 138 KV Line,4.22,189.0
2016-05-31 18:00:00,CROZET - CHURCH 138 KV,24.62,166.9
2016-05-31 18:00:00,POSSUM POINT 345 kV/138 kV Autotransformer,4.82,315.5
2016-06-20 17:00:00,MOTOROLA - W ORANGE 138 KV,9.0,189.4
2016-06-20 17:00:00,BRYANT - CASTO 138 KV L,12.02,262.5
2016-06-20 17:00:00,SODA SPRINGS POWER PLANT - HICROSS 138 KV,1.36,190.1
2016-06-20 17:00:00,POSSUM POINT 345 kV/138 kV Autotransformer,2.75,315.5
2016-06-20 17:00:00,LOCUSST SUBSTATION - GREENACRES 138 KV,2.4,240.8
2016-06-20 17:00:00,CONCORD - MT. HARRIS 230 KV,2.65,863.9
2016-07-25 16:00:00,BRYANT - CASTO 138 KV L,6.06,262.4
2016-07-25 16:00:00,LA CONNER - FIVE FALLS 138 KV L,6.5,621.0
2016-07-25 16:00:00,NESBIT - WALLENPAUPACK 345 KV,16.89,1324.5
2016-07-25 16:00:00,DEVILS DEN SUBSTATION - WEST PAINTSVILLE 138 KV,15.84,372.6
2016-07-25 16:00:00,SURF SUBSTATION - RATCLIFFE 138 KV,5.93,226.5
2016-07-25 16:00:00,KNOX - AQUALINDA 230 KV,2.22,358.5
2016-08-12 16:00:00,NESBIT - WALLENPAUPACK 345 KV,35.49,1324.5
2016-08-12 16:00:00,TUOLUMNE - CIBOLO 138 KV,12.59,306.5
2016-08-12 16:00:00,DEVILS DEN SUBSTATION - WEST PAINTSVILLE 138 KV,6.52,372.6
2016-08-12 16:00:00,LOCUSST SUBSTATION - GREENACRES 138 KV,26.71,240.8
2016-09-08 17:00:00,BRYANT - CASTO 138 KV L,12.17,262.4
2016-09-08 17:00:00,NESBIT - WALLENPAUPACK 345 KV,19.03,1324.5
2016-09-08 17:00:00,TYHEE - CTR 138 KV,1.48,323.3
2016-09-08 17:00:00,ACKLEY - PLUESS 138 KV,0.55,233.6
2016-09-08 17:00:00,POSSUM POINT 345 kV/138 kV Autotransformer,0.54,315.5
2016-09-08 17:00:00,DEVILS DEN SUBSTATION - WEST PAINTSVILLE 138 KV,6.07,372.6
2016-09-08 17:00:00,LOCUSST SUBSTATION - GREENACRES 138 KV,25.82,240.8
2016-09-08 17:00:00,WAUNA - LONE PINE 3 SUBSTATION 100 KV Line 1,12.94,160.1
2016-10-19 17:00:00,GARY WORKS - MOLINO 161 KV,327.39,220.3
2016-10-19 17:00:00,BLAKESLEE JCT 138/1 kV Transformer Bank,258.45,121.8
2016-10-19 17:00:00,WESTPORT - WHEELABRATOR BALTIMORE REFUSE 138 KV Line,9.07,189.0
2016-10-19 17:00:00,JENNINGS LODGE - AGANA 138 KV,5.55,233.5
2016-11-21 19:00:00,GARY WORKS - MOLINO 161 KV,313.33,220.3
2016-11-21 19:00:00,BLAKESLEE JCT 138/1 kV Transformer Bank,233.58,121.8
2016-11-21 19:00:00,WESTPORT - WHEELABRATOR BALTIMORE REFUSE 138 KV Line,7.04,189.0
2016-11-21 19:00:00,JENNINGS LODGE - AGANA 138 KV,4.14,233.5
2016-12-15 19:00:00,MOTOROLA - W ORANGE 138 KV,7.62,189.4
2016-12-15 19:00:00,BRYANT - CASTO 138 KV L,11.24,262.4
2016-12-15 19:00:00,WESTPORT - WHEELABRATOR BALTIMORE REFUSE 138 KV Line,2.12,189.0
2016-12-15 19:00:00,POSSUM POINT 345 kV/138 kV Autotransformer,1.82,315.5
2016-12-15 19:00:00,DEVILS DEN SUBSTATION - WEST PAINTSVILLE 138 KV,6.64,372.6
2017-01-09 19:00:00,WHIPPANY SUBSTATION - GOLDFIELD 138 KV Line,20.98,248.8
2017-01-09 19:00:00,ROUND VLY - SWITZERLAND 138 KV,9.29,235.7
2017-01-09 19:00:00,SODA SPRINGS POWER PLANT - HICROSS 138 KV,2.79,190.1
2017-01-09 19:00:00,WESTPORT - WHEELABRATOR BALTIMORE REFUSE 138 KV Line,3.13,189.0
2017-01-09 19:00:00,POSSUM POINT 345 kV/138 kV Autotransformer,1.78,315.5
2017-01-09 19:00:00,SAN RAFAEL - DAYTON'S BLUFF 100 KV L,163.03,157.7
2017-02-09 19:00:00,MOTOROLA - W ORANGE 138 KV,25.32,189.4
2017-02-09 19:00:00,ROUND VLY - SWITZERLAND 138 KV,4.96,235.7
2017-02-09 19:00:00,WESTPORT - WHEELABRATOR BALTIMORE REFUSE 138 KV Line,5.54,189.0
2017-02-09 19:00:00,POSSUM POINT 345 kV/138 kV Autotransformer,4.4,315.5
2017-02-09 19:00:00,TROWBRIDGE 138/69 kV Auto #1,2000.0,99.0
2017-03-15 20:00:00,MOTOROLA - W ORANGE 138 KV,21.81,189.4
2017-03-15 20:00:00,GRAYLING GENERATING STATION - SWITZERLAND 138 KV,5.31,226.1
2017-03-15 20:00:00,SODA SPRINGS POWER PLANT - HICROSS 138 KV,15.13,190.1
2017-03-15 20:00:00,WESTPORT - WHEELABRATOR BALTIMORE REFUSE 138 KV Line,6.25,189.0
2017-03-15 20:00:00,JENNINGS LODGE - AGANA 138 KV,0.7,233.6
2017-03-15 20:00:00,POSSUM POINT 345 kV/138 kV Autotransformer,5.13,315.5
2017-03-15 20:00:00,BLUE RACER - MUSKOGEE 100 KV,22.02,143.0
2017-04-28 18:00:00,GARY WORKS - MOLINO 161 KV,343.71,244.1
2017-04-28 18:00:00,BLAKESLEE JCT 138/1 kV Transformer Bank,300.96,121.8
2017-04-28 18:00:00,WESTPORT - WHEELABRATOR BALTIMORE REFUSE 138 KV Line,11.58,189.0
2017-04-28 18:00:00,JENNINGS LODGE - AGANA 138 KV,6.48,233.5
2017-04-28 18:00:00,BAYAMON SUBSTATION - KANSAS 138 KV L,36.68,186.0
2017-05-19 17:00:00,MOTOROLA - W ORANGE 138 KV,24.83,189.4
2017-05-19 17:00:00,ROUND VLY - SWITZERLAND 138 KV,2.16,235.7
2017-05-19 17:00:00,SODA SPRINGS POWER PLANT - HICROSS 138 KV,8.26,190.1
2017-05-19 17:00:00,WESTPORT - WHEELABRATOR BALTIMORE REFUSE 138 KV Line,3.78,189.0
2017-05-19 17:00:00,POSSUM POINT 345 kV/138 kV Autotransformer,1.93,315.5
2017-05-19 17:00:00,AVE 52 - SUB 18310 138 KV,53.83,209.8
2017-05-19 17:00:00,IMPERIAL - CHAMBERLIN 230 KV,5.17,549.8
2017-06-13 18:00:00,MILL CTEEK - SALMON CRK 1 138 KV,125.42,228.8
2017-06-13 18:00:00,PARK AVE - PLUESS 138 KV,6.32,406.9
2017-06-13 18:00:00,THALIA - SEMINOLE ELECTRIC COOPERATIVE 138 KV Circuit 1,51.41,310.9
2017-06-13 18:00:00,LESLIE SUBSTATION - SCOTT ST 138 KV,0.86,231.8
2017-06-13 18:00:00,E DUNKIRK - W ADAMSVILLE 138 KV,13.8,308.5
2017-06-13 18:00:00,DOLLARHIDE 230-138 kV TX,30.12,201.0
2017-06-13 18:00:00,SHINROCK - N SHORE BEACH 100 KV,30.79,120.8
2017-07-20 17:00:00,BRYANT - ROUND VLY 138 KV,12.94,288.9
2017-07-20 17:00:00,N PT 345 kV/138 kV Auto,4.81,362.0
2017-07-20 17:00:00,CHERAW CASH ROAD - ECOELECTRICA 138 KV L,40.72,230.8
2017-08-22 17:00:00,BRYANT - ROUND VLY 138 KV,16.88,288.9
2017-08-22 17:00:00,CHOLAME - ARMAWALK SUBSTATION 138 KV,4.3,289.6
2017-08-22 17:00:00,CURRENT CRK - 40TH ST 138 KV,13.32,224.1
2017-08-22 17:00:00,LESLIE SUBSTATION - SCOTT ST 138 KV,8.53,231.8
2017-08-22 17:00:00,DOLLARHIDE 230-138 kV TX,48.43,201.0
2017-09-25 17:00:00,MOTOROLA - W ORANGE 138 KV,17.49,189.4
2017-09-25 17:00:00,ROUND VLY - SWITZERLAND 138 KV,5.64,235.7
2017-09-25 17:00:00,ALPLA CARIBE SUBSTATION - HOWARD 138 KV Line,10.99,156.9
2017-09-25 17:00:00,FAYETTE PLANT 2 - THALIA 138 KV Line,11.99,234.5
2017-09-25 17:00:00,POSSUM POINT 345 kV/138 kV Autotransformer,0.96,315.5
2017-10-10 17:00:00,KIRBY - JAMACHA TAP 138 KV,9.3,226.7
2017-10-10 17:00:00,MOTOROLA - W ORANGE 138 KV,32.7,189.4
2017-10-10 17:00:00,GRAYLING GENERATING STATION - SWITZERLAND 138 KV,2.27,226.1
2017-10-10 17:00:00,SODA SPRINGS POWER PLANT - HICROSS 138 KV,19.83,190.1
2017-10-10 17:00:00,WESTPORT - WHEELABRATOR BALTIMORE REFUSE 138 KV Line,6.97,189.0
2017-10-10 17:00:00,JENNINGS LODGE - AGANA 138 KV,1.3,233.6
2017-10-10 17:00:00,POSSUM POINT 345 kV/138 kV Autotransformer,5.93,315.5
2017-10-10 17:00:00,BULAN - HAZARD 138 KV Circuit 1,8.16,348.5
2017-11-10 19:00:00,GARY WORKS - MOLINO 161 KV,164.05,244.1
2017-11-10 19:00:00,BLAKESLEE JCT 138/1 kV Transformer Bank,173.6,121.8
2017-11-10 19:00:00,WESTPORT - WHEELABRATOR BALTIMORE REFUSE 138 KV Line,8.51,189.0
2017-11-10 19:00:00,JENNINGS LODGE - AGANA 138 KV,3.42,233.6
2017-12-28 19:00:00,MOTOROLA - W ORANGE 138 KV,20.21,189.4
2017-12-28 19:00:00,WESTPORT - WHEELABRATOR BALTIMORE REFUSE 138 KV Line,3.09,189.0
2017-12-28 19:00:00,POSSUM POINT 345 kV/138 kV Autotransformer,1.72,315.5
2018-01-05 19:00:00,BRYANT - CASTO 138 KV L,4.65,376.4
2018-01-05 19:00:00,TYHEE - CTR 138 KV,0.82,346.0
2018-01-05 19:00:00,MCMINNVILLE - KELIM SUBSTATION 138 KV Line,37.51,295.3
2018-01-05 19:00:00,WILLOWBROOK - NEW HVEN HARBOR 138 KV,8.45,207.8
2018-01-05 19:00:00,CONCORD - UNIVERSITY 230 KV #1,16.56,658.6
2018-02-02 19:00:00,BLAKESLEE JCT 138/1 kV Transformer Bank,19.51,122.0
2018-02-02 19:00:00,GRAYLING GENERATING STATION - SWITZERLAND 138 KV,8.2,275.5
2018-02-02 19:00:00,SODA SPRINGS POWER PLANT - HICROSS 138 KV,6.83,190.1
2018-02-02 19:00:00,POSSUM POINT 345 kV/138 kV Autotransformer,4.53,315.5
2018-02-02 19:00:00,EAGLE EYE - BRIGATANO 100 KV,13.55,149.9
2018-03-20 20:00:00,KIRBY - JAMACHA TAP 138 KV,38.62,226.7
2018-03-20 20:00:00,BLAKESLEE JCT 138/1 kV Transformer Bank,69.24,122.0
2018-03-20 20:00:00,TYHEE - CTR 138 KV,6.09,346.0
2018-03-20 20:00:00,JENNINGS LODGE - AGANA 138 KV,4.18,233.5
2018-03-20 20:00:00,POSSUM POINT 345 kV/138 kV Autotransformer,8.95,315.5
2018-04-09 08:00:00,GARY WORKS - MOLINO 161 KV,66.72,296.9
2018-04-09 08:00:00,BLAKESLEE JCT 138/1 kV Transformer Bank,156.48,122.0
2018-04-09 08:00:00,HILLCREST SOLAR - JAMACHA TAP 138 KV,5.31,206.2
2018-04-09 08:00:00,TYHEE - CTR 138 KV,8.01,346.0
2018-04-09 08:00:00,JENNINGS LODGE - AGANA 138 KV,5.3,233.5
2018-04-09 08:00:00,BAYAMON SUBSTATION - KANSAS 138 KV L,37.72,186.0
2018-05-29 18:00:00,KIRBY - JAMACHA TAP 138 KV,8.23,226.7
2018-05-29 18:00:00,BLAKESLEE JCT 138/1 kV Transformer Bank,28.0,122.0
2018-05-29 18:00:00,GRAYLING GENERATING STATION - SWITZERLAND 138 KV,2.08,275.5
2018-05-29 18:00:00,POSSUM POINT 345 kV/138 kV Autotransformer,3.87,315.5
2018-06-18 17:00:00,GRAYLING GENERATING STATION - SWITZERLAND 138 KV,0.87,275.5
2018-06-18 17:00:00,HAZARD - WEST ADAMSVILLE 138 KV line,18.61,246.0
2018-06-18 17:00:00,MOREAU - ROSE HILL 100 KV,30.86,117.5
2018-07-02 18:00:00,BRYANT - CASTO 138 KV L,13.21,376.4
2018-07-02 18:00:00,CHOLAME - ARMAWALK SUBSTATION 138 KV,34.16,289.6
2018-07-02 18:00:00,LESLIE SUBSTATION - SCOTT ST 138 KV,23.66,231.8
2018-08-01 18:00:00,GRAYLING GENERATING STATION - SWITZERLAND 138 KV,7.65,275.5
2018-08-01 18:00:00,BELLINGHAM COGENERATION FACILITY 500-345 kV Autotransformer,21.05,554.5
2018-08-01 18:00:00,POSSUM POINT 345 kV/138 kV Autotransformer,1.02,315.5
2018-08-01 18:00:00,LESLIE SUBSTATION - SCOTT ST 138 KV,21.85,231.8
2018-08-01 18:00:00,NAVY-1 - BARATARIA 138 KV L,6.52,306.2
2016-01-19 08:00:00,GRAYLING GENERATING STATION - SWITZERLAND 138 KV,7.58,275.5
2016-01-19 08:00:00,POSSUM POINT 345 kV/138 kV Autotransformer,2.62,315.5
2016-01-19 08:00:00,JANES CREEK - HARPER SUBSTATION 100 KV L,44.35,145.4
2016-02-13 19:00:00,GRAYLING GENERATING STATION - SWITZERLAND 138 KV,7.55,275.5
2016-02-13 19:00:00,POSSUM POINT 345 kV/138 kV Autotransformer,3.09,315.5
2016-02-13 19:00:00,JANES CREEK - HARPER SUBSTATION 100 KV L,59.64,145.4
2016-03-03 19:00:00,BLAKESLEE JCT 138/1 kV Transformer Bank,43.52,122.0
2016-03-03 19:00:00,GRAYLING GENERATING STATION - SWITZERLAND 138 KV,11.97,275.5
2016-03-03 19:00:00,BIG STONE S - POMERADO 138 KV L,5.24,193.9
2016-04-06 08:00:00,KIRBY - JAMACHA TAP 138 KV,34.67,226.7
2016-04-06 08:00:00,BLAKESLEE JCT 138/1 kV Transformer Bank,76.67,122.0
2016-04-06 08:00:00,BAYAMON SUBSTATION - KANSAS 138 KV L,38.11,186.0
2016-04-06 08:00:00,CENTERVILLE SW - FROSTKRAFT 100 KV L,66.18,135.6
2016-05-31 18:00:00,GRAYLING GENERATING STATION - SWITZERLAND 138 KV,11.78,275.5
2016-05-31 18:00:00,SODA SPRINGS POWER PLANT - HICROSS 138 KV,12.8,190.1
2016-05-31 18:00:00,POSSUM POINT 345 kV/138 kV Autotransformer,4.97,315.5
2016-06-20 17:00:00,GRAYLING GENERATING STATION - SWITZERLAND 138 KV,8.0,275.5
2016-06-20 17:00:00,MCKAMY - GROTTOES 138 KV,15.26,234.3
2016-06-20 17:00:00,ELLIS HYDRO - VERONA 138 KV,7.81,242.6
2016-06-20 17:00:00,POSSUM POINT 345 kV/138 kV Autotransformer,1.45,315.5
2016-07-25 16:00:00,CLEVELAND THERMAL - ANETH 100 KV,30.01,129.6
2016-08-12 16:00:00,JONESBORO SPA - WISSOTA SUBSTATION 138 KV,5.95,247.7
2016-08-12 16:00:00,MANIS RD - NICKAJACK DAM 138 KV,10.83,282.3
2016-08-12 16:00:00,MODEL CITY ENEGY FACILITY - WAGLEY ROBERTSON 100 KV line,218.95,148.5
2016-09-08 17:00:00,GRAYLING GENERATING STATION - SWITZERLAND 138 KV,1.0,275.5
2016-09-08 17:00:00,MANIS RD - NICKAJACK DAM 138 KV,0.55,282.3
2016-09-08 17:00:00,WAUNA - DELTONA 100 KV,6.44,156.4
2016-10-19 17:00:00,KIRBY - JAMACHA TAP 138 KV,40.2,226.7
2016-10-19 17:00:00,BLAKESLEE JCT 138/1 kV Transformer Bank,65.71,122.0
2016-10-19 17:00:00,BAYAMON SUBSTATION - KANSAS 138 KV L,38.08,186.0
2016-11-21 19:00:00,BLAKESLEE JCT 138/1 kV Transformer Bank,88.46,122.0
2016-12-15 19:00:00,GRAYLING GENERATING STATION - SWITZERLAND 138 KV,6.37,275.5
2016-12-15 19:00:00,POSSUM POINT 345 kV/138 kV Autotransformer,1.05,315.5
2016-12-15 19:00:00,CALIFORNIA AVE SUBSTATION - WALNUT CITY 100 KV #2,3.81,218.7
2016-12-15 19:00:00,CONCORD - UNIVERSITY 230 KV #1,1.38,667.7
2016-01-19 08:00:00,GRAYLING GENERATING STATION - SWITZERLAND 138 KV,6.2,301.0
2016-01-19 08:00:00,POSSUM POINT 345 kV/138 kV Autotransformer,2.81,315.5
2016-01-19 08:00:00,JANES CREEK - HARPER SUBSTATION 100 KV L,56.03,150.2
2016-02-13 19:00:00,GRAYLING GENERATING STATION - SWITZERLAND 138 KV,6.46,301.0
2016-02-13 19:00:00,POSSUM POINT 345 kV/138 kV Autotransformer,3.01,315.5
2016-02-13 19:00:00,JANES CREEK - HARPER SUBSTATION 100 KV L,64.68,150.2
2016-03-03 19:00:00,BLAKESLEE JCT 138/1 kV Transformer Bank,103.7,122.0
2016-04-06 08:00:00,KIRBY - JAMACHA TAP 138 KV,18.14,226.7
2016-04-06 08:00:00,BLAKESLEE JCT 138/1 kV Transformer Bank,106.91,122.0
2016-04-06 08:00:00,JANES CREEK - HARPER SUBSTATION 100 KV L,18.04,150.2
2016-05-31 18:00:00,GRAYLING GENERATING STATION - SWITZERLAND 138 KV,9.73,301.0
2016-05-31 18:00:00,SODA SPRINGS POWER PLANT - HICROSS 138 KV,5.46,190.1
2016-05-31 18:00:00,POSSUM POINT 345 kV/138 kV Autotransformer,2.55,315.5
2016-05-31 18:00:00,RIDGELEY 345-138 kV TX,16.11,862.6
2016-08-12 16:00:00,EASTERN-MARCONI - CHANNEL ISLAND 138 KV Line,8.47,155.5
2016-08-12 16:00:00,JANES CREEK - HARPER SUBSTATION 100 KV L,50.81,150.2
2016-09-08 17:00:00,TELKWA - RATHDRUM 100 KV,86.0,144.6
2016-10-19 17:00:00,KIRBY - JAMACHA TAP 138 KV,38.22,226.7
2016-10-19 17:00:00,BLAKESLEE JCT 138/1 kV Transformer Bank,89.93,122.0
2016-10-19 17:00:00,SODA SPRINGS POWER PLANT - HICROSS 138 KV,36.69,190.1
2016-10-19 17:00:00,TYHEE - CTR 138 KV,4.95,407.3
2016-11-21 19:00:00,BLAKESLEE JCT 138/1 kV Transformer Bank,83.83,122.0
2016-12-15 19:00:00,GRAYLING GENERATING STATION - SWITZERLAND 138 KV,2.34,301.0
2016-12-15 19:00:00,RUBICON - HUNTERS PT 138 KV,0.85,224.4
2016-12-15 19:00:00,TYHEE - CTR 138 KV,1.94,407.3
2016-12-15 19:00:00,POSSUM POINT 345 kV/138 kV Autotransformer,0.5,315.5
2016-12-15 19:00:00,JANES CREEK - HARPER SUBSTATION 100 KV L,30.06,150.2
2016-01-19 08:00:00,KIRBY - JAMACHA TAP 138 KV,8.54,230.9
2016-01-19 08:00:00,POSSUM POINT 345 kV/138 kV Autotransformer,2.33,315.5
2016-01-19 08:00:00,WHIRLPOOL CORPORATION - OTTAWA WIND FARM - DEERFIELD 100 KV,46.01,182.3
2016-01-19 08:00:00,INVENERGY NELSON EXPANSION LLC - VINELAND 100 KV L,33.76,145.6
2016-02-13 19:00:00,KIRBY - JAMACHA TAP 138 KV,7.67,230.9
2016-02-13 19:00:00,BLAKESLEE JCT 138/1 kV Transformer Bank,7.29,128.4
2016-02-13 19:00:00,POSSUM POINT 345 kV/138 kV Autotransformer,2.49,315.5
2016-02-13 19:00:00,JANES CREEK - HARPER SUBSTATION 100 KV L,51.73,184.6
2016-03-03 19:00:00,BERGEN - HVDC B2B STATION HUDSON 161 KV,190.21,203.2
2016-03-03 19:00:00,BLAKESLEE JCT 138/1 kV Transformer Bank,104.09,128.4
2016-03-03 19:00:00,TYHEE - CTR 138 KV,1.93,407.3
2016-03-03 19:00:00,POSSUM POINT 345 kV/138 kV Autotransformer,7.63,315.5
2016-04-06 08:00:00,KIRBY - JAMACHA TAP 138 KV,37.93,230.9
2016-04-06 08:00:00,BLAKESLEE JCT 138/1 kV Transformer Bank,64.31,128.4
2016-05-31 18:00:00,KIRBY - JAMACHA TAP 138 KV,21.36,230.9
2016-05-31 18:00:00,BLAKESLEE JCT 138/1 kV Transformer Bank,14.93,128.4
2016-05-31 18:00:00,SODA SPRINGS POWER PLANT - HICROSS 138 KV,4.85,190.1
2016-05-31 18:00:00,POSSUM POINT 345 kV/138 kV Autotransformer,4.11,315.5
2016-06-20 17:00:00,KIRBY - JAMACHA TAP 138 KV,1.35,230.9
2016-06-20 17:00:00,POSSUM POINT 345 kV/138 kV Autotransformer,1.06,315.5
2016-08-12 16:00:00,W MEDINA - RYAN 100 KV,68.59,148.1
2016-10-19 17:00:00,KIRBY - JAMACHA TAP 138 KV,13.51,230.9
2016-10-19 17:00:00,BLAKESLEE JCT 138/1 kV Transformer Bank,75.47,128.4
2016-10-19 17:00:00,SODA SPRINGS POWER PLANT - HICROSS 138 KV,17.79,190.1
2016-10-19 17:00:00,RUBICON - HUNTERS PT 138 KV,6.6,224.4
2016-10-19 17:00:00,POSSUM POINT 345 kV/138 kV Autotransformer,9.28,315.5
2016-11-21 19:00:00,KIRBY - JAMACHA TAP 138 KV,30.39,230.9
2016-11-21 19:00:00,BLAKESLEE JCT 138/1 kV Transformer Bank,56.9,128.4
2016-11-21 19:00:00,TYHEE - CTR 138 KV,8.1,407.3
2016-11-21 19:00:00,POSSUM POINT 345 kV/138 kV Autotransformer,6.7,315.5
2016-01-19 08:00:00,KIRBY - JAMACHA TAP 138 KV,4.66,230.9
2016-01-19 08:00:00,POSSUM POINT 345 kV/138 kV Autotransformer,1.63,315.5
2016-01-19 08:00:00,CARMEL HILL - WOODBURN 100 KV Line,44.41,118.8
2016-02-13 19:00:00,KIRBY - JAMACHA TAP 138 KV,2.63,230.9
2016-02-13 19:00:00,POSSUM POINT 345 kV/138 kV Autotransformer,1.25,315.5
2016-02-13 19:00:00,SHAWBORO - HUNTINGDON DISTRICT 100 KV,40.99,231.8
2016-03-03 19:00:00,KIRBY - JAMACHA TAP 138 KV,24.08,230.9
2016-03-03 19:00:00,BLAKESLEE JCT 138/1 kV Transformer Bank,40.4,140.9
2016-03-03 19:00:00,POSSUM POINT 345 kV/138 kV Autotransformer,6.36,315.5
2016-04-06 08:00:00,KIRBY - JAMACHA TAP 138 KV,36.74,230.9
2016-04-06 08:00:00,BLAKESLEE JCT 138/1 kV Transformer Bank,56.43,140.9
2016-04-06 08:00:00,TYHEE - CTR 138 KV,4.87,412.1
2016-04-06 08:00:00,POSSUM POINT 345 kV/138 kV Autotransformer,8.45,315.5
2016-05-31 18:00:00,KIRBY - JAMACHA TAP 138 KV,23.33,230.9
2016-05-31 18:00:00,POSSUM POINT 345 kV/138 kV Autotransformer,2.9,315.5
2016-06-20 17:00:00,TYHEE - CTR 138 KV,1.31,412.1
2016-08-12 16:00:00,NAPAVINE - MURPHY 138 KV line,8.75,265.1
2016-08-12 16:00:00,FIRSTENERGY FT MARTIN POWER STATION - HASSAYAMPA TAP 345 KV line,9.27,1099.0
2016-08-12 16:00:00,SHAWBORO - HUNTINGDON DISTRICT 100 KV,2.23,231.8
2016-09-08 17:00:00,KEYSTONE HTS ELECTRICAL - LAKE CATHERINE 100 KV,1.55,144.8
2016-10-19 17:00:00,GARY WORKS - MOLINO 161 KV,63.95,299.7
2016-10-19 17:00:00,S. MACON 138 kV/1 kV Auto,71.64,100.1
2016-10-19 17:00:00,TYHEE - CTR 138 KV,8.99,412.1
2016-10-19 17:00:00,POSSUM POINT 345 kV/138 kV Autotransformer,7.1,315.5
2016-11-21 19:00:00,GARY WORKS - MOLINO 161 KV,31.62,299.7
2016-11-21 19:00:00,KIRBY - JAMACHA TAP 138 KV,35.75,230.9
2016-11-21 19:00:00,TYHEE - CTR 138 KV,0.66,412.1
2016-11-21 19:00:00,POSSUM POINT 345 kV/138 kV Autotransformer,6.07,315.5
2016-01-19 08:00:00,KIRBY - JAMACHA TAP 138 KV,2.95,230.9
2016-01-19 08:00:00,POSSUM POINT 345 kV/138 kV Autotransformer,1.31,315.5
2016-01-19 08:00:00,CARMEL HILL - WOODBURN 100 KV Line,60.35,124.4
2016-02-13 19:00:00,KIRBY - JAMACHA TAP 138 KV,17.59,230.9
2016-02-13 19:00:00,POSSUM POINT 345 kV/138 kV Autotransformer,1.27,315.5
2016-02-13 19:00:00,PLASTER - CHEROKEE COUNTY COGEN 100 KV,8.57,138.8
2016-02-13 19:00:00,HUNTINGDON DISTRICT - LEHMA 100 KV,6.46,303.9
2016-03-03 19:00:00,KIRBY - JAMACHA TAP 138 KV,31.36,230.9
2016-03-03 19:00:00,POSSUM POINT 345 kV/138 kV Autotransformer,6.09,315.5
2016-04-06 08:00:00,KIRBY - JAMACHA TAP 138 KV,50.21,230.9
2016-04-06 08:00:00,TYHEE - CTR 138 KV,3.56,446.0
2016-04-06 08:00:00,POSSUM POINT 345 kV/138 kV Autotransformer,7.97,315.5
2016-05-31 18:00:00,KIRBY - JAMACHA TAP 138 KV,19.78,230.9
2016-05-31 18:00:00,SODA SPRINGS POWER PLANT - HICROSS 138 KV,8.93,190.1
2016-05-31 18:00:00,POSSUM POINT 345 kV/138 kV Autotransformer,3.23,315.5
2016-06-20 17:00:00,KIRBY - JAMACHA TAP 138 KV,14.7,230.9
2016-06-20 17:00:00,TYHEE - CTR 138 KV,1.41,446.0
2016-06-20 17:00:00,POSSUM POINT 345 kV/138 kV Autotransformer,1.85,315.5
2016-07-25 16:00:00,BELLOWS FALLS - GODPASTURE 100 KV L,87.87,181.1
2016-08-12 16:00:00,WESTHAVEN - VIADUCT AVENUE 138 KV L,16.1,234.5
2016-08-12 16:00:00,W MEDINA - RYAN 100 KV,58.49,165.7
2016-09-08 17:00:00,JEFFERIES STATION - DARBY 138 KV line,19.84,231.7
2016-09-08 17:00:00,GILSTRAP - CALERA T.S 100 KV Line 2,154.14,196.7
2016-10-19 17:00:00,KIRBY - JAMACHA TAP 138 KV,47.95,230.9
2016-10-19 17:00:00,TYHEE - CTR 138 KV,2.82,446.0
2016-10-19 17:00:00,POSSUM POINT 345 kV/138 kV Autotransformer,5.94,315.5
2016-11-21 19:00:00,KIRBY - JAMACHA TAP 138 KV,28.78,230.9
2016-11-21 19:00:00,SODA SPRINGS POWER PLANT - HICROSS 138 KV,15.45,190.1
2016-11-21 19:00:00,TYHEE - CTR 138 KV,0.7,446.0
2016-11-21 19:00:00,POSSUM POINT 345 kV/138 kV Autotransformer,6.08,315.5
2016-01-19 08:00:00,KIRBY - JAMACHA TAP 138 KV,6.58,230.9
2016-01-19 08:00:00,RUBICON - GRANT HILL 138 KV,6.42,235.1
2016-01-19 08:00:00,POSSUM POINT 345 kV/138 kV Autotransformer,1.92,419.4
2016-01-19 08:00:00,CARMEL HILL - WOODBURN 100 KV Line,121.28,124.4
2016-02-13 19:00:00,POSSUM POINT 345 kV/138 kV Autotransformer,0.52,419.4
2016-02-13 19:00:00,CARMEL HILL - WOODBURN 100 KV Line,81.89,124.4
2016-03-03 19:00:00,KIRBY - JAMACHA TAP 138 KV,30.15,230.9
2016-04-06 08:00:00,KIRBY - JAMACHA TAP 138 KV,49.3,230.9
2016-04-06 08:00:00,TYHEE - CTR 138 KV,0.98,483.1
2016-05-31 18:00:00,KIRBY - JAMACHA TAP 138 KV,24.54,230.9
2016-05-31 18:00:00,SODA SPRINGS POWER PLANT - HICROSS 138 KV,6.96,190.1
2016-05-31 18:00:00,POSSUM POINT 345 kV/138 kV Autotransformer,2.9,419.4
2016-05-31 18:00:00,CARMEL HILL - WOODBURN 100 KV Line,10.25,124.4
2016-06-20 17:00:00,KIRBY - JAMACHA TAP 138 KV,11.88,230.9
2016-08-12 16:00:00,USSC - ROTARY PARK 138 KV,15.72,278.6
2016-08-12 16:00:00,SUB 20105 - MT. VERNON 100 KV,4.0,137.2
2016-08-12 16:00:00,CARMEL HILL - WOODBURN 100 KV Line,112.68,124.4
2016-10-19 17:00:00,KIRBY - JAMACHA TAP 138 KV,38.31,230.9
2016-10-19 17:00:00,WHITEHURST - OLIVER DAM 138 KV L,15.24,280.2
2016-10-19 17:00:00,CARMEL HILL - WOODBURN 100 KV Line,20.7,124.4
2016-11-21 19:00:00,KIRBY - JAMACHA TAP 138 KV,30.4,230.9
2016-01-19 08:00:00,WOLF CREEK GENERATOR - W CALDWELL 138 KV,6.79,255.5
2016-01-19 08:00:00,POSSUM POINT 345 kV/138 kV Autotransformer,2.43,419.4
2016-01-19 08:00:00,HAMILTON PEAKING - HARMON 100 KV L,239.54,158.0
2016-01-19 08:00:00,WESTGATE - VISCHER FERRY 100 KV L,26.69,96.4
2016-01-19 08:00:00,PAUL D. JOHNSON 230-100 kV Autotransformer,239.25,134.9
2016-02-13 19:00:00,POSSUM POINT 345 kV/138 kV Autotransformer,0.67,419.4
2016-02-13 19:00:00,TOMBALL - ROCK ISLAND 100 KV line,16.22,104.6
2016-02-13 19:00:00,REC BRADFORD - LONGVIEW 100 KV,4.27,132.7
2016-02-13 19:00:00,PLASTER - CHEROKEE COUNTY COGEN 100 KV,26.04,159.2
2016-02-13 19:00:00,TONASKET - MULDOON MILL 100 KV,67.93,111.4
2016-03-03 19:00:00,SODA SPRINGS POWER PLANT - HICROSS 138 KV,15.35,190.1
2016-04-06 08:00:00,HILLCREST SOLAR - NEW MILFORD 138 KV L,31.04,229.4
2016-05-31 18:00:00,POSSUM POINT 345 kV/138 kV Autotransformer,3.05,419.4
2016-05-31 18:00:00,MINTOSH - WEST MEDINA 100 KV,13.3,138.8
2016-06-20 17:00:00,POSSUM POINT 345 kV/138 kV Autotransformer,1.8,419.4
2016-06-20 17:00:00,RIVERSIDE GA - RBBINS COMMUNITY POWER LLC 100 KV Circuit 2,167.37,174.5
2016-07-25 16:00:00,UNION RIDGE - WAUNETA 100 KV,39.17,154.3
2016-08-12 16:00:00,W MEDINA - RYAN 100 KV,125.47,183.9
2016-10-19 17:00:00,HILLCREST SOLAR - NEW MILFORD 138 KV L,25.89,229.4
2016-10-19 17:00:00,TYHEE - CTR 138 KV,3.41,483.1
2016-11-21 19:00:00,SODA SPRINGS POWER PLANT - HICROSS 138 KV,15.06,190.1
2016-12-15 19:00:00,BLUE RACER - ARCO WESTERN ENERGY 100 KV,86.24,193.8
