project_id,template,n_truth,n_parsed,n_resolved,tp,fp,fn,cost_ok,loading_abs_err
Q11-0004,C,5,5,5,5,0,0,True,0.0
Q11-0001,B,16,17,16,16,0,0,True,0.0
Q11-0014,B,10,11,10,10,0,0,True,0.0
Q11-0018,B,3,3,3,3,0,0,True,0.0
Q11-0006,A,25,25,25,25,0,0,True,0.0
Q11-0017,C,0,0,0,0,0,0,True,0.0
Q11-0036,C,3,3,3,3,0,0,True,0.0
Q11-0030,A,1,1,1,1,0,0,True,0.0
Q11-0034,C,24,25,24,24,0,0,True,0.0
Q11-0019,C,10,10,10,10,0,0,True,0.0
Q11-0024,B,3,3,3,3,0,0,True,0.0
Q11-0052,C,25,25,25,25,0,0,True,0.0
Q11-0003,B,0,0,0,0,0,0,True,0.0
Q11-0016,B,25,25,25,25,0,0,True,0.0
Q11-0070,C,25,25,25,25,0,0,True,0.0
Q11-0010,C,0,0,0,0,0,0,True,0.0
Q11-0011,A,4,4,4,4,0,0,True,0.0
Q11-0033,B,0,0,0,0,0,0,True,0.0
Q11-0037,A,15,16,15,15,0,0,True,0.0
Q11-0046,B,5,5,5,5,0,0,True,0.0
Q11-0005,B,0,0,0,0,0,0,True,0.0
Q11-0009,C,4,4,4,4,0,0,True,0.0
Q11-0012,B,14,14,14,14,0,0,True,0.0
Q11-0020,C,4,4,4,4,0,0,True,0.0
Q11-0026,B,20,21,20,20,0,0,True,0.0
Q11-0035,B,8,8,8,8,0,0,True,0.0
Q11-0038,C,25,25,25,25,0,0,True,0.0
Q11-0042,B,0,0,0,0,0,0,True,0.0
Q11-0044,B,0,0,0,0,0,0,True,0.0
Q11-0082,C,12,12,12,12,0,0,True,0.0
Q11-0056,B,24,25,24,24,0,0,True,0.0
Q11-0066,C,9,9,9,9,0,0,True,0.0
Q11-0072,C,2,2,2,2,0,0,True,0.0
Q11-0073,B,10,10,10,10,0,0,True,0.0
Q11-0077,A,25,25,25,25,0,0,True,0.0
Q11-0085,B,1,1,1,1,0,0,True,0.0
Q11-0090,C,13,13,13,13,0,0,True,0.0
Q12-0096,C,8,8,8,8,0,0,True,0.0
Q11-0002,A,2,2,2,2,0,0,True,0.0
Q11-0007,C,0,0,0,0,0,0,True,0.0
Q11-0013,B,23,23,23,23,0,0,True,0.0
Q11-0015,B,9,9,9,9,0,0,True,0.0
Q11-0031,C,0,0,0,0,0,0,True,0.0
Q11-0043,B,25,25,25,25,0,0,True,0.0
Q11-0054,B,9,9,9,9,0,0,True,0.0
Q11-0021,C,5,5,5,5,0,0,True,0.0
Q11-0045,B,0,0,0,0,0,0,True,0.0
Q11-0053,B,13,13,13,13,0,0,True,0.0
Q11-0055,B,5,5,5,5,0,0,True,0.0
Q11-0064,B,1,1,1,1,0,0,True,0.0
Q11-0071,C,4,6,4,4,0,0,True,0.0
Q11-0089,B,9,9,9,9,0,0,True,0.0
Q12-0097,B,5,5,5,5,0,0,True,0.0
Q11-0025,A,4,5,4,4,0,0,True,0.0
Q11-0041,C,3,4,3,3,0,0,True,0.0
Q11-0049,B,0,0,0,0,0,0,True,0.0
Q11-0062,B,6,6,6,6,0,0,True,0.0
Q11-0074,C,19,25,19,19,0,0,True,0.0
Q11-0083,C,3,3,3,3,0,0,True,0.0
Q11-0086,B,8,10,8,8,0,0,True,0.0
Q12-0107,B,21,21,21,21,0,0,True,0.0
Q11-0028,A,1,1,1,1,0,0,True,0.0
Q11-0032,B,11,11,11,11,0,0,True,0.0
Q11-0067,B,13,13,13,13,0,0,True,0.0
Q11-0069,B,25,25,25,25,0,0,True,0.0
Q11-0088,B,7,7,7,7,0,0,True,0.0
Q12-0091,C,0,0,0,0,0,0,True,0.0
Q12-0101,B,6,6,6,6,0,0,True,0.0
Q12-0111,B,2,2,2,2,0,0,True,0.0
Q12-0112,C,17,17,17,17,0,0,True,0.0
Q12-0115,B,2,2,2,2,0,0,True,0.0
Q11-0027,B,0,0,0,0,0,0,True,0.0
Q11-0061,B,3,3,3,3,0,0,True,0.0
Q12-0094,B,0,0,0,0,0,0,True,0.0
Q12-0116,B,6,6,6,6,0,0,True,0.0
Q12-0122,B,19,19,19,19,0,0,True,0.0
Q11-0039,C,14,14,14,14,0,0,True,0.0
Q11-0057,B,4,4,4,4,0,0,True,0.0
Q11-0059,B,17,19,17,17,0,0,True,0.0
Q11-0080,B,2,2,2,2,0,0,True,0.0
Q12-0106,B,16,16,16,16,0,0,True,0.0
Q12-0118,A,5,5,5,5,0,0,True,0.0
Q11-0040,C,0,0,0,0,0,0,True,0.0
Q11-0065,A,18,21,18,18,0,0,True,0.0
Q11-0076,B,2,2,2,2,0,0,True,0.0
Q12-0103,B,0,0,0,0,0,0,True,0.0
Q12-0127,A,17,17,17,17,0,0,True,0.0
Q12-0121,C,12,12,12,12,0,0,True,0.0
Q12-0142,B,1,1,1,1,0,0,True,0.0
Q11-0048,C,2,2,2,2,0,0,True,0.0
Q11-0050,A,0,0,0,0,0,0,True,0.0
Q11-0081,B,21,21,21,20,1,1,True,0.0
Q12-0095,B,2,2,2,2,0,0,True,0.0
Q12-0132,C,2,2,2,2,0,0,True,0.0
Q12-0151,B,22,25,22,22,0,0,True,0.0
Q12-0154,C,20,20,20,20,0,0,True,0.0
Q12-0157,C,9,14,9,9,0,0,True,0.0
Q12-0161,A,9,9,9,9,0,0,True,0.0
Q11-0051,B,24,25,24,24,0,0,True,0.0
Q11-0079,A,2,2,2,2,0,0,True,0.0
Q12-0098,A,0,0,0,0,0,0,True,0.0
Q12-0100,B,1,2,1,1,0,0,True,0.0
Q11-0058,B,0,0,0,0,0,0,True,0.0
Q11-0078,C,11,11,11,11,0,0,True,0.0
Q12-0131,C,8,8,8,8,0,0,True,0.0
Q12-0182,B,25,25,25,25,0,0,True,0.0
Q12-0102,B,0,0,0,0,0,0,True,0.0
Q12-0126,B,4,4,4,4,0,0,True,0.0
Q12-0141,B,1,1,1,1,0,0,True,0.0
Q12-0155,A,8,8,8,8,0,0,True,0.0
Q12-0108,C,3,3,3,3,0,0,True,0.0
Q12-0158,C,13,13,13,13,0,0,True,0.0
Q12-0167,B,20,20,20,20,0,0,True,0.0
Q12-0170,B,11,11,11,11,0,0,True,0.0
Q12-0171,B,2,2,2,2,0,0,True,0.0
Q12-0172,B,4,4,4,4,0,0,True,0.0
Q13-0198,B,17,17,17,17,0,0,True,0.0
Q11-0084,C,12,12,12,12,0,0,True,0.0
Q12-0092,B,1,1,1,1,0,0,True,0.0
Q12-0109,A,8,8,8,8,0,0,True,0.0
Q12-0110,A,25,25,25,25,0,0,True,0.0
Q12-0119,C,21,21,21,21,0,0,True,0.0
Q12-0139,B,25,25,25,25,0,0,True,0.0
Q12-0140,B,22,22,22,22,0,0,True,0.0
Q12-0147,A,25,25,25,25,0,0,True,0.0
Q12-0152,B,37,37,37,37,0,0,True,0.0
Q12-0160,B,2,2,2,2,0,0,True,0.0
Q12-0163,C,27,27,27,27,0,0,True,0.0
Q12-0164,C,25,25,25,25,0,0,True,0.0
Q12-0174,B,13,13,13,13,0,0,True,0.0
Q13-0191,B,25,25,25,25,0,0,True,0.0
Q12-0146,A,24,24,24,24,0,0,True,0.0
Q12-0186,C,25,25,25,25,0,0,True,0.0
Q12-0187,B,11,11,11,11,0,0,True,0.0
Q12-0190,A,2,2,2,2,0,0,True,0.0
Q13-0225,A,25,25,25,25,0,0,True,0.0
Q12-0099,B,5,5,5,5,0,0,True,0.0
Q12-0128,B,3,3,3,3,0,0,True,0.0
Q12-0150,B,25,25,25,25,0,0,True,0.0
Q12-0166,C,16,16,16,16,0,0,True,0.0
Q13-0208,B,25,25,25,25,0,0,True,0.0
Q13-0223,C,11,12,11,11,0,0,True,0.0
Q12-0113,B,0,0,0,0,0,0,True,0.0
Q12-0117,B,7,7,7,7,0,0,True,0.0
Q12-0120,C,0,0,0,0,0,0,True,0.0
Q12-0129,B,25,25,25,25,0,0,True,0.0
Q12-0137,A,10,10,10,10,0,0,True,0.0
Q12-0144,B,0,0,0,0,0,0,True,0.0
Q12-0145,C,25,25,25,25,0,0,True,0.0
Q12-0169,B,3,3,3,3,0,0,True,0.0
Q13-0199,B,18,18,18,18,0,0,True,0.0
Q13-0206,B,0,0,0,0,0,0,True,0.0
Q13-0222,B,2,2,2,2,0,0,True,0.0
Q13-0243,B,25,25,25,25,0,0,True,0.0
Q13-0253,B,8,8,8,8,0,0,True,0.0
Q12-0123,C,3,3,3,3,0,0,True,0.0
Q12-0130,B,25,25,25,25,0,0,True,0.0
Q12-0133,A,19,19,19,19,0,0,True,0.0
Q12-0138,A,25,25,25,25,0,0,True,0.0
Q13-0204,C,25,25,25,25,0,0,True,0.0
Q13-0224,C,0,0,0,0,0,0,True,0.0
Q13-0254,A,19,19,19,19,0,0,True,0.0
Q12-0136,C,21,25,21,21,0,0,True,0.0
Q12-0149,B,14,18,14,14,0,0,True,0.0
Q12-0159,A,13,15,13,13,0,0,True,0.0
Q12-0162,B,4,4,4,4,0,0,True,0.0
Q12-0183,B,25,25,25,25,0,0,True,0.0
Q13-0202,B,15,15,15,15,0,0,True,0.0
Q13-0205,C,5,5,5,5,0,0,True,0.0
Q13-0209,C,27,27,27,27,0,0,True,0.0
Q13-0235,B,21,22,21,21,0,0,True,0.0
Q13-0241,B,4,5,4,4,0,0,True,0.0
Q12-0135,A,25,25,25,25,0,0,True,0.0
Q12-0143,C,21,21,21,21,0,0,True,0.0
Q12-0173,B,24,24,24,24,0,0,True,0.0
Q12-0175,B,0,0,0,0,0,0,True,0.0
Q13-0207,B,0,0,0,0,0,0,True,0.0
Q13-0261,C,1,1,1,1,0,0,True,0.0
Q13-0274,A,24,25,24,24,0,0,True,0.0
Q13-0275,A,9,9,9,9,0,0,True,0.0
Q13-0282,B,3,3,3,3,0,0,True,0.0
Q12-0156,B,25,25,25,25,0,0,True,0.0
Q12-0168,B,1,1,1,1,0,0,True,0.0
Q12-0178,A,7,7,7,7,0,0,True,0.0
Q13-0193,A,4,4,4,4,0,0,True,0.0
Q13-0251,C,10,10,10,10,0,0,True,0.0
Q13-0271,B,6,6,6,6,0,0,True,0.0
Q13-0287,A,25,25,25,25,0,0,True,0.0
Q12-0181,C,0,0,0,0,0,0,True,0.0
Q12-0185,C,6,6,6,6,0,0,True,0.0
Q13-0196,B,0,0,0,0,0,0,True,0.0
Q13-0200,A,0,0,0,0,0,0,True,0.0
Q13-0214,B,6,6,6,6,0,0,True,0.0
Q13-0216,A,1,1,1,1,0,0,True,0.0
Q13-0217,B,0,0,0,0,0,0,True,0.0
Q13-0231,B,0,0,0,0,0,0,True,0.0
Q13-0288,B,22,22,22,22,0,0,True,0.0
Q13-0220,C,1,1,1,1,0,0,True,0.0
Q12-0165,B,11,11,11,11,0,0,True,0.0
Q13-0195,C,17,17,17,17,0,0,True,0.0
Q13-0221,B,1,1,1,1,0,0,True,0.0
Q13-0236,C,5,5,5,5,0,0,True,0.0
Q13-0237,B,25,25,25,25,0,0,True,0.0
Q13-0240,C,0,0,0,0,0,0,True,0.0
Q13-0256,B,0,0,0,0,0,0,True,0.0
Q13-0269,B,10,11,10,10,0,0,True,0.0
Q13-0278,C,0,0,0,0,0,0,True,0.0
Q13-0299,B,9,9,9,9,0,0,True,0.0
Q14-0320,B,4,4,4,4,0,0,True,0.0
Q12-0179,C,10,10,10,10,0,0,True,0.0
Q12-0180,C,12,15,12,12,0,0,True,0.0
Q12-0189,A,0,0,0,0,0,0,True,0.0
Q13-0194,A,0,0,0,0,0,0,True,0.0
Q13-0197,B,25,25,25,25,0,0,True,0.0
Q13-0201,B,2,2,2,2,0,0,True,0.0
Q13-0211,B,3,3,3,3,0,0,True,0.0
Q13-0212,B,2,2,2,2,0,0,True,0.0
Q13-0228,B,25,25,25,25,0,0,True,0.0
Q13-0234,B,15,15,15,15,0,0,True,0.0
Q13-0286,A,7,7,7,7,0,0,True,0.0
Q13-0297,C,4,4,4,4,0,0,True,0.0
Q14-0312,B,5,6,5,5,0,0,True,0.0
Q13-0192,B,25,25,25,25,0,0,True,0.0
Q13-0203,B,19,19,19,19,0,0,True,0.0
Q13-0215,B,11,11,11,11,0,0,True,0.0
Q13-0218,A,22,22,22,22,0,0,True,0.0
Q13-0229,B,25,25,25,25,0,0,True,0.0
Q14-0332,B,25,25,25,25,0,0,True,0.0
Q13-0213,A,19,20,19,19,0,0,True,0.0
Q13-0219,B,3,3,3,3,0,0,True,0.0
Q13-0226,C,0,0,0,0,0,0,True,0.0
Q13-0232,B,16,16,16,16,0,0,True,0.0
Q13-0249,B,20,21,20,19,1,1,True,0.0
Q13-0267,B,0,0,0,0,0,0,True,0.0
Q13-0268,B,25,25,25,25,0,0,True,0.0
Q13-0277,C,18,18,18,18,0,0,True,0.0
Q13-0298,B,25,25,25,25,0,0,True,0.0
Q14-0306,B,14,14,14,14,0,0,True,0.0
Q14-0317,C,1,1,1,1,0,0,True,0.0
Q14-0321,B,0,0,0,0,0,0,True,0.0
Q14-0329,B,0,0,0,0,0,0,True,0.0
Q14-0334,B,10,10,10,10,0,0,True,0.0
Q14-0345,B,4,5,4,4,0,0,True,0.0
Q13-0210,B,0,0,0,0,0,0,True,0.0
Q13-0230,B,19,21,19,19,0,0,True,0.0
Q13-0238,C,0,0,0,0,0,0,True,0.0
Q13-0246,B,21,21,21,21,0,0,True,0.0
Q13-0276,B,1,1,1,1,0,0,True,0.0
Q13-0280,B,0,0,0,0,0,0,True,0.0
Q13-0293,A,0,0,0,0,0,0,True,0.0
Q14-0336,B,2,2,2,2,0,0,True,0.0
Q13-0242,B,5,5,5,5,0,0,True,0.0
Q13-0244,B,0,0,0,0,0,0,True,0.0
Q13-0265,A,0,0,0,0,0,0,True,0.0
Q13-0272,B,0,0,0,0,0,0,True,0.0
Q14-0318,C,4,4,4,4,0,0,True,0.0
Q14-0328,A,0,0,0,0,0,0,True,0.0
Q13-0233,A,3,3,3,3,0,0,True,0.0
Q13-0245,B,1,1,1,1,0,0,True,0.0
Q13-0257,A,3,3,3,2,1,1,True,0.0
Q13-0283,B,5,5,5,5,0,0,True,0.0
Q13-0292,B,0,0,0,0,0,0,True,0.0
Q14-0311,C,17,17,17,17,0,0,True,0.0
Q14-0319,C,24,25,24,24,0,0,True,0.0
Q13-0248,B,5,5,5,5,0,0,True,0.0
Q13-0270,C,0,0,0,0,0,0,True,0.0
Q13-0279,B,1,1,1,1,0,0,True,0.0
Q13-0285,B,11,11,11,11,0,0,True,0.0
Q13-0290,B,13,13,13,13,0,0,True,0.0
Q14-0325,B,10,10,10,10,0,0,True,0.0
Q14-0341,B,0,0,0,0,0,0,True,0.0
Q14-0356,C,1,1,1,1,0,0,True,0.0
Q14-0363,C,25,25,25,25,0,0,True,0.0
Q14-0369,C,1,1,1,1,0,0,True,0.0
Q14-0380,B,7,9,7,7,0,0,True,0.0
Q13-0247,B,6,6,6,6,0,0,True,0.0
Q13-0250,B,15,15,15,15,0,0,True,0.0
Q13-0252,B,2,2,2,2,0,0,True,0.0
Q13-0258,B,23,23,23,23,0,0,True,0.0
Q13-0294,B,0,0,0,0,0,0,True,0.0
Q14-0301,A,3,3,3,3,0,0,True,0.0
Q14-0305,C,25,25,25,25,0,0,True,0.0
Q14-0307,B,6,6,6,6,0,0,True,0.0
Q14-0313,B,14,14,14,14,0,0,True,0.0
Q14-0355,C,21,25,21,21,0,0,True,0.0
Q14-0379,C,16,17,16,16,0,0,True,0.0
Q14-0388,A,13,13,13,13,0,0,True,0.0
Q13-0281,B,5,5,5,5,0,0,True,0.0
Q14-0303,B,25,25,25,25,0,0,True,0.0
Q14-0314,A,28,31,28,28,0,0,True,0.0
Q14-0316,C,0,0,0,0,0,0,True,0.0
Q14-0340,C,3,3,3,3,0,0,True,0.0
Q14-0366,B,25,25,25,25,0,0,True,0.0
Q14-0370,C,11,11,11,11,0,0,True,0.0
Q14-0374,B,25,25,25,25,0,0,True,0.0
Q14-0375,B,7,7,7,7,0,0,True,0.0
Q14-0377,C,5,5,5,5,0,0,True,0.0
Q14-0384,B,10,10,10,10,0,0,True,0.0
Q13-0262,B,25,25,25,25,0,0,True,0.0
Q13-0289,B,25,25,25,25,0,0,True,0.0
Q13-0295,A,5,5,5,5,0,0,True,0.0
Q13-0296,C,0,0,0,0,0,0,True,0.0
Q14-0327,B,5,5,5,5,0,0,True,0.0
Q14-0330,C,5,5,5,5,0,0,True,0.0
Q14-0354,B,2,3,2,2,0,0,True,0.0
Q13-0291,B,0,0,0,0,0,0,True,0.0
Q14-0357,B,0,0,0,0,0,0,True,0.0
Q14-0391,B,7,8,7,7,0,0,True,0.0
Q14-0396,B,12,12,11,11,0,1,True,0.0
Q14-0404,A,17,18,17,17,0,0,True,0.0
Q15-0423,B,25,25,25,25,0,0,True,0.0
Q15-0430,C,25,25,25,25,0,0,True,0.0
Q13-0300,A,8,8,8,8,0,0,True,0.0
Q14-0331,B,0,0,0,0,0,0,True,0.0
Q14-0373,A,6,6,6,6,0,0,True,0.0
Q14-0382,B,13,14,13,13,0,0,True,0.0
Q14-0390,B,13,13,12,12,0,1,True,0.0
Q14-0302,C,0,0,0,0,0,0,True,0.0
Q14-0322,A,4,4,4,4,0,0,True,0.0
Q14-0335,A,10,10,10,10,0,0,True,0.0
Q14-0346,A,9,9,9,9,0,0,True,0.0
Q14-0347,B,0,0,0,0,0,0,True,0.0
Q14-0350,A,0,0,0,0,0,0,True,0.0
Q14-0395,A,8,10,8,8,0,0,True,0.0
Q14-0416,C,2,2,2,2,0,0,True,0.0
Q14-0304,C,8,8,8,8,0,0,True,0.0
Q14-0339,A,8,9,8,8,0,0,True,0.0
Q14-0352,A,9,9,9,9,0,0,True,0.0
Q14-0353,A,7,8,7,7,0,0,True,0.0
Q14-0367,A,25,25,25,25,0,0,True,0.0
Q14-0385,B,8,13,8,8,0,0,True,0.0
Q14-0405,C,0,0,0,0,0,0,True,0.0
Q14-0406,B,0,0,0,0,0,0,True,0.0
Q15-0426,C,14,15,14,14,0,0,True,0.0
Q15-0429,B,22,25,22,22,0,0,True,0.0
Q15-0440,C,7,7,7,7,0,0,True,0.0
Q15-0447,B,0,0,0,0,0,0,True,0.0
Q15-0452,B,3,3,3,3,0,0,True,0.0
Q14-0324,B,8,8,8,8,0,0,True,0.0
Q14-0351,A,0,0,0,0,0,0,True,0.0
Q14-0358,B,0,0,0,0,0,0,True,0.0
Q15-0424,C,6,6,6,6,0,0,True,0.0
Q15-0432,C,4,5,4,4,0,0,True,0.0
Q14-0326,C,3,8,3,3,0,0,True,0.0
Q14-0342,A,0,0,0,0,0,0,True,0.0
Q14-0364,A,0,0,0,0,0,0,True,0.0
Q14-0383,A,0,0,0,0,0,0,True,0.0
Q14-0389,A,0,0,0,0,0,0,True,0.0
Q14-0407,B,8,8,8,8,0,0,True,0.0
Q14-0411,C,15,17,15,15,0,0,True,0.0
Q15-0446,A,0,0,0,0,0,0,True,0.0
Q15-0450,A,16,16,16,16,0,0,True,0.0
Q15-0462,A,24,25,24,24,0,0,True,0.0
Q15-0475,A,25,25,25,25,0,0,True,0.0
Q14-0360,C,1,1,1,1,0,0,True,0.0
Q14-0381,A,3,3,3,3,0,0,True,0.0
Q14-0397,C,25,25,24,24,0,1,True,0.0
Q14-0402,A,5,5,5,5,0,0,True,0.0
Q15-0473,A,25,25,25,25,0,0,True,0.0
Q15-0479,A,25,25,25,25,0,0,True,0.0
Q14-0337,C,25,25,25,25,0,0,True,0.0
Q14-0343,C,25,25,25,25,0,0,True,0.0
Q14-0348,A,22,22,22,22,0,0,True,0.0
Q14-0361,A,25,25,25,25,0,0,True,0.0
Q14-0386,A,0,0,0,0,0,0,True,0.0
Q14-0410,B,8,8,8,8,0,0,True,0.0
Q15-0422,B,24,25,24,24,0,0,True,0.0
Q15-0428,B,16,17,16,16,0,0,True,0.0
Q15-0474,C,0,0,0,0,0,0,True,0.0
Q15-0484,A,6,6,6,6,0,0,True,0.0
Q15-0502,C,42,43,42,42,0,0,True,0.0
Q14-0368,C,0,0,0,0,0,0,True,0.0
Q14-0371,A,21,22,21,21,0,0,True,0.0
Q14-0398,C,25,25,25,25,0,0,True,0.0
Q14-0399,A,5,6,5,5,0,0,True,0.0
Q15-0483,A,18,18,18,18,0,0,True,0.0
Q15-0488,B,19,19,19,19,0,0,True,0.0
Q14-0365,C,5,5,5,5,0,0,True,0.0
Q14-0372,C,6,6,6,6,0,0,True,0.0
Q14-0376,A,25,25,25,25,0,0,True,0.0
Q14-0393,C,1,1,1,1,0,0,True,0.0
Q15-0425,B,13,13,13,13,0,0,True,0.0
Q15-0427,A,14,16,14,14,0,0,True,0.0
Q15-0436,C,3,3,3,3,0,0,True,0.0
Q15-0448,B,20,20,20,20,0,0,True,0.0
Q15-0477,A,21,21,21,21,0,0,True,0.0
Q15-0490,B,37,37,37,37,0,0,True,0.0
Q15-0506,A,22,22,22,22,0,0,True,0.0
Q15-0517,A,17,18,17,17,0,0,True,0.0
Q14-0403,A,14,14,14,14,0,0,True,0.0
Q15-0421,A,1,1,1,1,0,0,True,0.0
Q15-0454,C,25,25,25,25,0,0,True,0.0
Q15-0466,A,5,5,5,5,0,0,True,0.0
Q15-0540,A,15,15,15,15,0,0,True,0.0
Q14-0400,C,4,7,4,4,0,0,True,0.0
Q15-0439,A,4,4,4,4,0,0,True,0.0
Q15-0485,C,23,25,23,23,0,0,True,0.0
Q15-0489,A,22,22,22,22,0,0,True,0.0
Q15-0528,C,8,8,8,8,0,0,True,0.0
Q14-0419,A,22,22,22,22,0,0,True,0.0
Q15-0431,A,6,6,6,6,0,0,True,0.0
Q15-0435,C,25,25,25,25,0,0,True,0.0
Q15-0476,C,8,8,8,8,0,0,True,0.0
Q15-0478,A,25,25,25,25,0,0,True,0.0
Q15-0487,A,25,25,25,25,0,0,True,0.0
Q15-0494,A,24,25,24,24,0,0,True,0.0
Q15-0513,A,24,25,24,24,0,0,True,0.0
Q15-0535,A,11,11,11,11,0,0,True,0.0
Q14-0401,A,3,3,3,3,0,0,True,0.0
Q14-0412,C,1,1,1,1,0,0,True,0.0
Q14-0413,A,25,25,25,25,0,0,True,0.0
Q14-0414,A,25,25,25,25,0,0,True,0.0
Q14-0417,A,13,16,13,13,0,0,True,0.0
Q15-0433,A,1,1,1,1,0,0,True,0.0
Q15-0442,C,1,1,1,1,0,0,True,0.0
Q15-0451,C,1,1,1,1,0,0,True,0.0
Q15-0453,A,8,9,8,8,0,0,True,0.0
Q15-0458,A,0,0,0,0,0,0,True,0.0
Q15-0470,C,3,3,3,3,0,0,True,0.0
Q15-0471,A,4,6,4,4,0,0,True,0.0
Q15-0498,C,25,25,25,25,0,0,True,0.0
Q15-0499,A,0,0,0,0,0,0,True,0.0
Q15-0530,A,5,5,5,5,0,0,True,0.0
Q15-0560,C,21,22,21,21,0,0,True,0.0
Q16-0562,A,25,25,25,25,0,0,True,0.0
Q16-0570,A,10,10,10,10,0,0,True,0.0
Q16-0571,B,5,5,5,5,0,0,True,0.0
Q16-0583,A,25,25,25,25,0,0,True,0.0
Q14-0409,A,25,25,25,25,0,0,True,0.0
Q14-0415,A,0,0,0,0,0,0,True,0.0
Q14-0420,A,25,25,25,25,0,0,True,0.0
Q15-0464,A,5,5,5,5,0,0,True,0.0
Q15-0481,A,4,4,4,4,0,0,True,0.0
Q15-0511,C,25,25,25,25,0,0,True,0.0
Q15-0536,C,0,0,0,0,0,0,True,0.0
Q15-0538,B,25,25,25,25,0,0,True,0.0
Q15-0553,A,7,7,7,7,0,0,True,0.0
Q15-0555,A,25,25,25,25,0,0,True,0.0
Q16-0579,C,3,3,3,3,0,0,True,0.0
Q15-0445,A,7,10,7,7,0,0,True,0.0
Q15-0463,C,0,0,0,0,0,0,True,0.0
Q15-0493,A,13,13,13,13,0,0,True,0.0
Q15-0501,C,8,10,8,8,0,0,True,0.0
Q15-0509,B,0,0,0,0,0,0,True,0.0
Q15-0516,C,8,8,8,8,0,0,True,0.0
Q15-0519,A,24,25,24,24,0,0,True,0.0
Q15-0524,B,25,25,25,25,0,0,True,0.0
Q16-0586,A,12,14,12,12,0,0,True,0.0
Q15-0434,B,13,13,13,13,0,0,True,0.0
Q15-0460,C,25,25,25,25,0,0,True,0.0
Q15-0468,A,9,9,9,9,0,0,True,0.0
Q15-0469,A,0,0,0,0,0,0,True,0.0
Q15-0529,C,1,1,1,1,0,0,True,0.0
Q16-0567,A,25,25,25,25,0,0,True,0.0
Q16-0568,A,19,19,19,19,0,0,True,0.0
Q16-0580,A,3,3,3,3,0,0,True,0.0
Q16-0585,A,0,0,0,0,0,0,True,0.0
Q16-0609,A,16,16,16,16,0,0,True,0.0
Q16-0614,A,13,13,13,13,0,0,True,0.0
Q15-0441,A,1,1,1,1,0,0,True,0.0
Q15-0443,A,6,6,6,6,0,0,True,0.0
Q15-0449,A,17,21,17,17,0,0,True,0.0
Q15-0455,A,12,14,12,12,0,0,True,0.0
Q15-0456,C,0,0,0,0,0,0,True,0.0
Q15-0467,C,0,0,0,0,0,0,True,0.0
Q15-0492,C,32,32,32,32,0,0,True,0.0
Q15-0500,C,1,1,1,1,0,0,True,0.0
Q15-0510,C,25,25,25,25,0,0,True,0.0
Q15-0512,A,7,7,7,7,0,0,True,0.0
Q15-0523,A,14,14,14,14,0,0,True,0.0
Q15-0543,C,25,25,25,25,0,0,True,0.0
Q15-0550,A,17,17,17,17,0,0,True,0.0
Q15-0558,A,25,25,25,25,0,0,True,0.0
Q16-0563,C,12,14,12,12,0,0,True,0.0
Q16-0565,A,25,25,25,25,0,0,True,0.0
Q16-0591,A,8,8,8,8,0,0,True,0.0
Q15-0461,C,0,0,0,0,0,0,True,0.0
Q15-0496,C,0,0,0,0,0,0,True,0.0
Q15-0497,A,10,10,10,10,0,0,True,0.0
Q16-0577,A,23,23,23,23,0,0,True,0.0
Q16-0623,A,1,1,1,1,0,0,True,0.0
Q16-0631,A,11,11,11,11,0,0,True,0.0
Q16-0638,A,18,25,18,18,0,0,True,0.0
Q15-0482,C,20,20,20,20,0,0,True,0.0
Q15-0548,C,11,11,11,11,0,0,True,0.0
Q16-0578,B,2,2,2,2,0,0,True,0.0
Q16-0581,C,21,21,21,21,0,0,True,0.0
Q16-0582,A,1,1,1,1,0,0,True,0.0
Q16-0651,B,34,34,34,34,0,0,True,0.0
Q16-0653,A,18,18,18,18,0,0,True,0.0
Q16-0661,A,25,25,25,25,0,0,True,0.0
Q15-0503,C,16,16,16,16,0,0,True,0.0
Q15-0504,C,20,22,20,20,0,0,True,0.0
Q15-0507,A,6,6,6,6,0,0,True,0.0
Q15-0527,C,1,1,1,1,0,0,True,0.0
Q15-0532,C,0,0,0,0,0,0,True,0.0
Q15-0534,A,3,3,3,3,0,0,True,0.0
Q15-0544,C,16,16,16,16,0,0,True,0.0
Q16-0575,A,7,7,7,7,0,0,True,0.0
Q16-0593,C,14,19,14,14,0,0,True,0.0
Q16-0603,C,17,17,17,17,0,0,True,0.0
Q16-0604,A,1,1,1,1,0,0,True,0.0
Q16-0624,A,1,1,1,1,0,0,True,0.0
Q16-0643,A,25,25,25,25,0,0,True,0.0
Q16-0657,A,1,1,1,1,0,0,True,0.0
Q16-0660,A,0,0,0,0,0,0,True,0.0
Q15-0486,A,4,5,4,4,0,0,True,0.0
Q15-0505,A,0,0,0,0,0,0,True,0.0
Q15-0508,A,25,25,25,25,0,0,True,0.0
Q15-0551,A,21,21,21,21,0,0,True,0.0
Q15-0552,A,24,24,24,24,0,0,True,0.0
Q15-0557,A,25,25,25,25,0,0,True,0.0
Q16-0564,B,4,4,4,4,0,0,True,0.0
Q16-0598,A,0,0,0,0,0,0,True,0.0
Q16-0649,C,14,15,14,14,0,0,True,0.0
Q16-0658,C,14,15,14,14,0,0,True,0.0
Q16-0666,A,1,2,1,1,0,0,True,0.0
Q16-0681,B,25,25,25,25,0,0,True,0.0
Q15-0495,A,0,0,0,0,0,0,True,0.0
Q15-0520,C,8,8,8,8,0,0,True,0.0
Q15-0521,A,3,3,3,3,0,0,True,0.0
Q16-0600,B,44,44,44,44,0,0,True,0.0
Q16-0605,A,10,11,10,10,0,0,True,0.0
Q16-0620,C,25,25,25,25,0,0,True,0.0
Q16-0621,B,4,4,4,4,0,0,True,0.0
Q16-0655,C,11,14,11,11,0,0,True,0.0
Q16-0662,B,0,0,0,0,0,0,True,0.0
Q16-0682,A,0,0,0,0,0,0,True,0.0
Q16-0683,A,1,2,1,1,0,0,True,0.0
Q16-0698,B,8,8,8,8,0,0,True,0.0
Q16-0702,A,36,36,36,36,0,0,True,0.0
Q15-0514,A,5,6,5,5,0,0,True,0.0
Q15-0525,A,21,21,21,21,0,0,True,0.0
Q15-0533,A,0,0,0,0,0,0,True,0.0
Q16-0587,C,2,2,2,2,0,0,True,0.0
Q16-0594,A,1,2,1,1,0,0,True,0.0
Q16-0612,A,0,0,0,0,0,0,True,0.0
Q16-0627,B,9,9,9,9,0,0,True,0.0
Q16-0629,C,0,0,0,0,0,0,True,0.0
Q16-0633,A,5,6,5,5,0,0,True,0.0
Q16-0665,A,13,13,13,13,0,0,True,0.0
Q16-0668,A,0,0,0,0,0,0,True,0.0
Q16-0675,C,35,35,35,35,0,0,True,0.0
Q16-0691,A,6,6,6,6,0,0,True,0.0
Q16-0706,C,0,0,0,0,0,0,True,0.0
Q16-0707,C,10,10,10,10,0,0,True,0.0
Q15-0526,A,2,2,2,2,0,0,True,0.0
Q15-0531,C,6,6,6,6,0,0,True,0.0
Q15-0542,C,10,13,10,10,0,0,True,0.0
Q15-0545,A,15,15,15,15,0,0,True,0.0
Q16-0566,B,1,1,1,1,0,0,True,0.0
Q16-0601,C,0,0,0,0,0,0,True,0.0
Q16-0641,C,0,0,0,0,0,0,True,0.0
Q16-0671,B,14,15,14,14,0,0,True,0.0
Q15-0546,C,6,6,6,6,0,0,True,0.0
Q16-0572,A,0,0,0,0,0,0,True,0.0
Q16-0574,A,17,17,17,17,0,0,True,0.0
Q16-0596,B,8,8,8,8,0,0,True,0.0
Q16-0616,C,0,0,0,0,0,0,True,0.0
Q16-0619,A,15,20,15,15,0,0,True,0.0
Q16-0635,A,7,7,7,7,0,0,True,0.0
Q16-0687,A,2,2,2,2,0,0,True,0.0
Q16-0689,C,0,0,0,0,0,0,True,0.0
Q16-0710,B,1,1,1,1,0,0,True,0.0
Q17-0725,C,25,25,25,25,0,0,True,0.0
Q17-0726,A,5,6,5,5,0,0,True,0.0
Q17-0741,B,9,9,9,9,0,0,True,0.0
Q15-0554,A,22,22,22,22,0,0,True,0.0
Q16-0592,A,0,0,0,0,0,0,True,0.0
Q16-0597,A,1,1,1,1,0,0,True,0.0
Q16-0599,C,1,1,1,1,0,0,True,0.0
Q16-0602,A,11,11,11,11,0,0,True,0.0
Q16-0610,A,4,4,4,4,0,0,True,0.0
Q16-0628,B,17,17,17,17,0,0,True,0.0
Q16-0645,A,9,9,9,9,0,0,True,0.0
Q16-0654,A,9,9,9,9,0,0,True,0.0
Q16-0667,A,18,18,18,18,0,0,True,0.0
Q16-0688,A,5,5,5,5,0,0,True,0.0
Q16-0693,A,15,15,15,15,0,0,True,0.0
Q17-0763,A,13,13,13,13,0,0,True,0.0
Q15-0559,A,20,20,20,20,0,0,True,0.0
Q16-0576,C,0,0,0,0,0,0,True,0.0
Q16-0634,A,5,5,5,5,0,0,True,0.0
Q16-0636,C,29,29,29,29,0,0,True,0.0
Q16-0673,A,3,3,3,3,0,0,True,0.0
Q16-0674,A,5,5,5,5,0,0,True,0.0
Q16-0697,B,19,19,19,19,0,0,True,0.0
Q16-0715,A,25,25,25,25,0,0,True,0.0
Q17-0735,C,22,22,22,22,0,0,True,0.0
Q16-0584,C,7,7,7,7,0,0,True,0.0
Q16-0588,B,4,4,4,4,0,0,True,0.0
Q16-0650,C,2,2,2,2,0,0,True,0.0
Q16-0659,C,1,1,1,1,0,0,True,0.0
Q16-0664,A,2,2,2,2,0,0,True,0.0
Q16-0686,A,6,6,6,6,0,0,True,0.0
Q16-0694,C,9,9,9,9,0,0,True,0.0
Q16-0696,C,21,21,21,21,0,0,True,0.0
Q16-0714,C,15,15,15,15,0,0,True,0.0
Q16-0717,A,0,0,0,0,0,0,True,0.0
Q17-0742,C,6,6,6,6,0,0,True,0.0
Q17-0754,B,9,9,9,9,0,0,True,0.0
Q17-0761,C,8,8,8,8,0,0,True,0.0
Q17-0781,A,25,25,25,25,0,0,True,0.0
Q16-0589,A,2,2,2,2,0,0,True,0.0
Q16-0615,A,0,0,0,0,0,0,True,0.0
Q16-0617,C,5,5,5,5,0,0,True,0.0
Q16-0618,A,21,21,21,21,0,0,True,0.0
Q16-0626,B,6,6,6,6,0,0,True,0.0
Q16-0642,A,3,3,3,3,0,0,True,0.0
Q16-0648,C,11,11,11,11,0,0,True,0.0
Q16-0656,A,3,3,3,3,0,0,True,0.0
Q16-0676,A,10,10,10,10,0,0,True,0.0
Q16-0704,A,2,2,2,2,0,0,True,0.0
Q16-0716,A,7,7,7,7,0,0,True,0.0
Q17-0788,C,25,25,25,25,0,0,True,0.0
Q17-0792,A,25,25,25,25,0,0,True,0.0
Q16-0611,B,0,0,0,0,0,0,True,0.0
Q16-0678,B,11,11,11,11,0,0,True,0.0
Q17-0772,B,5,5,5,5,0,0,True,0.0
Q17-0802,C,33,34,33,33,0,0,True,0.0
Q17-0832,B,25,25,25,25,0,0,True,0.0
Q16-0606,A,19,19,19,19,0,0,True,0.0
Q16-0613,C,7,7,7,7,0,0,True,0.0
Q16-0632,C,1,1,1,1,0,0,True,0.0
Q16-0646,C,6,6,6,6,0,0,True,0.0
Q16-0647,C,24,24,24,24,0,0,True,0.0
Q16-0711,A,2,2,2,2,0,0,True,0.0
Q17-0743,C,3,3,3,3,0,0,True,0.0
Q17-0750,A,8,8,8,8,0,0,True,0.0
Q17-0785,C,25,25,25,25,0,0,True,0.0
Q17-0795,A,0,0,0,0,0,0,True,0.0
Q17-0801,A,1,1,1,1,0,0,True,0.0
Q17-0814,A,21,21,21,21,0,0,True,0.0
Q17-0837,A,25,25,25,25,0,0,True,0.0
Q16-0630,A,4,5,4,4,0,0,True,0.0
Q16-0640,C,2,2,2,2,0,0,True,0.0
Q16-0663,A,6,6,6,6,0,0,True,0.0
Q16-0705,A,21,21,21,21,0,0,True,0.0
Q17-0734,A,18,18,18,18,0,0,True,0.0
Q17-0747,A,15,15,15,15,0,0,True,0.0
Q17-0757,A,3,3,3,3,0,0,True,0.0
Q17-0767,C,6,6,6,6,0,0,True,0.0
Q17-0797,C,25,25,25,25,0,0,True,0.0
Q17-0811,A,25,25,25,25,0,0,True,0.0
Q17-0815,C,3,3,3,3,0,0,True,0.0
Q17-0819,A,6,6,6,6,0,0,True,0.0
Q17-0840,C,3,3,3,3,0,0,True,0.0
Q17-0843,C,5,5,5,5,0,0,True,0.0
Q17-0866,A,7,7,7,7,0,0,True,0.0
Q16-0637,C,2,2,2,2,0,0,True,0.0
Q16-0652,C,2,2,2,2,0,0,True,0.0
Q16-0677,C,3,3,3,3,0,0,True,0.0
Q16-0679,A,0,0,0,0,0,0,True,0.0
Q16-0680,A,25,25,25,25,0,0,True,0.0
Q16-0692,C,12,12,12,12,0,0,True,0.0
Q16-0695,B,5,5,5,5,0,0,True,0.0
Q16-0703,A,0,0,0,0,0,0,True,0.0
Q16-0709,C,15,15,15,15,0,0,True,0.0
Q17-0728,C,8,8,8,8,0,0,True,0.0
Q17-0729,A,12,12,12,12,0,0,True,0.0
Q17-0753,A,25,25,25,25,0,0,True,0.0
Q17-0764,B,25,25,25,25,0,0,True,0.0
Q17-0768,A,25,25,25,25,0,0,True,0.0
Q17-0770,A,6,6,6,6,0,0,True,0.0
Q17-0777,A,25,25,25,25,0,0,True,0.0
Q17-0800,C,20,20,20,20,0,0,True,0.0
Q17-0823,C,2,2,2,2,0,0,True,0.0
Q17-0851,A,25,25,25,25,0,0,True,0.0
Q17-0858,C,11,11,11,11,0,0,True,0.0
Q17-0863,C,17,17,17,17,0,0,True,0.0
Q17-0877,B,16,20,16,16,0,0,True,0.0
Q17-0884,B,14,14,14,14,0,0,True,0.0
Q16-0670,A,7,7,7,7,0,0,True,0.0
Q16-0699,A,3,3,3,3,0,0,True,0.0
Q16-0700,C,18,18,18,18,0,0,True,0.0
Q16-0712,A,25,25,25,25,0,0,True,0.0
Q17-0727,C,25,25,25,25,0,0,True,0.0
Q17-0756,B,9,9,9,9,0,0,True,0.0
Q17-0760,C,25,25,25,25,0,0,True,0.0
Q17-0793,A,33,33,33,33,0,0,True,0.0
Q17-0850,B,12,12,12,12,0,0,True,0.0
Q17-0887,C,21,21,21,21,0,0,True,0.0
Q17-0894,C,25,25,25,25,0,0,True,0.0
Q16-0685,C,3,3,3,3,0,0,True,0.0
Q16-0708,A,25,25,25,25,0,0,True,0.0
Q17-0736,A,2,2,2,2,0,0,True,0.0
Q17-0737,A,0,0,0,0,0,0,True,0.0
Q17-0749,A,1,1,1,1,0,0,True,0.0
Q17-0751,C,11,15,11,11,0,0,True,0.0
Q17-0766,A,22,22,22,22,0,0,True,0.0
Q17-0775,A,7,7,7,7,0,0,True,0.0
Q17-0778,A,21,21,21,21,0,0,True,0.0
Q17-0799,A,24,25,24,24,0,0,True,0.0
Q17-0806,A,20,21,20,20,0,0,True,0.0
Q17-0831,A,23,23,23,23,0,0,True,0.0
Q17-0834,A,25,25,25,24,1,1,True,0.0
Q17-0844,A,6,6,6,6,0,0,True,0.0
Q17-0860,A,12,12,12,12,0,0,True,0.0
Q17-0873,A,23,25,23,23,0,0,True,0.0
Q16-0701,C,20,20,20,20,0,0,True,0.0
Q16-0719,C,0,0,0,0,0,0,True,0.0
Q17-0721,B,20,20,20,20,0,0,True,0.0
Q17-0723,C,0,0,0,0,0,0,True,0.0
Q17-0744,A,2,2,2,2,0,0,True,0.0
Q17-0745,C,8,8,8,8,0,0,True,0.0
Q17-0786,B,17,17,17,17,0,0,True,0.0
Q17-0820,A,12,12,12,12,0,0,True,0.0
Q17-0839,C,25,25,25,25,0,0,True,0.0
Q17-0854,C,1,1,1,1,0,0,True,0.0
Q17-0867,A,8,8,8,8,0,0,True,0.0
Q17-0748,A,0,0,0,0,0,0,True,0.0
Q17-0752,A,15,15,15,15,0,0,True,0.0
Q17-0816,C,0,0,0,0,0,0,True,0.0
Q17-0817,A,0,0,0,0,0,0,True,0.0
Q17-0824,C,5,7,5,5,0,0,True,0.0
Q17-0828,A,1,1,1,1,0,0,True,0.0
Q17-0838,A,0,0,0,0,0,0,True,0.0
Q17-0876,C,5,5,5,5,0,0,True,0.0
Q17-0904,A,25,25,25,25,0,0,True,0.0
Q18-0917,B,25,25,25,25,0,0,True,0.0
Q16-0720,A,1,1,1,1,0,0,True,0.0
Q17-0732,C,0,0,0,0,0,0,True,0.0
Q17-0733,C,3,3,3,3,0,0,True,0.0
Q17-0790,C,48,48,48,48,0,0,True,0.0
Q17-0809,A,35,35,35,35,0,0,True,0.0
Q17-0829,C,0,0,0,0,0,0,True,0.0
Q17-0830,A,9,10,9,9,0,0,True,0.0
Q17-0842,A,12,14,12,12,0,0,True,0.0
Q17-0845,B,2,3,2,2,0,0,True,0.0
Q17-0862,A,0,0,0,0,0,0,True,0.0
Q17-0880,C,6,6,6,6,0,0,True,0.0
Q18-0957,A,2,2,2,2,0,0,True,0.0
Q18-0960,A,5,5,5,5,0,0,True,0.0
Q17-0722,A,0,0,0,0,0,0,True,0.0
Q17-0731,A,4,4,4,4,0,0,True,0.0
Q17-0739,C,10,10,10,10,0,0,True,0.0
Q17-0740,B,1,2,1,1,0,0,True,0.0
Q17-0755,A,0,0,0,0,0,0,True,0.0
Q17-0857,C,0,0,0,0,0,0,True,0.0
Q17-0870,C,0,0,0,0,0,0,True,0.0
Q17-0882,B,25,25,25,25,0,0,True,0.0
Q17-0724,A,25,25,25,25,0,0,True,0.0
Q17-0738,A,10,10,10,10,0,0,True,0.0
Q17-0808,C,0,0,0,0,0,0,True,0.0
Q17-0810,B,0,0,0,0,0,0,True,0.0
Q17-0821,A,0,0,0,0,0,0,True,0.0
Q17-0822,A,0,0,0,0,0,0,True,0.0
Q17-0841,A,9,9,9,9,0,0,True,0.0
Q17-0847,B,11,11,11,11,0,0,True,0.0
Q17-0853,C,9,11,9,9,0,0,True,0.0
Q17-0869,A,7,7,7,7,0,0,True,0.0
Q18-0924,A,19,19,19,19,0,0,True,0.0
Q18-0930,A,0,0,0,0,0,0,True,0.0
Q18-0994,A,25,25,25,25,0,0,True,0.0
Q17-0759,C,2,2,2,2,0,0,True,0.0
Q17-0762,C,9,9,9,9,0,0,True,0.0
Q17-0765,C,18,19,18,18,0,0,True,0.0
Q17-0774,B,7,7,7,7,0,0,True,0.0
Q17-0776,A,13,13,13,13,0,0,True,0.0
Q17-0784,C,23,25,22,22,0,1,True,0.0
Q17-0789,A,17,17,17,17,0,0,True,0.0
Q17-0791,C,0,0,0,0,0,0,True,0.0
Q17-0825,A,25,25,25,25,0,0,True,0.0
Q17-0852,A,0,0,0,0,0,0,True,0.0
Q17-0861,A,4,4,4,4,0,0,True,0.0
Q17-0875,C,7,7,7,7,0,0,True,0.0
Q17-0879,C,3,3,3,3,0,0,True,0.0
Q17-0883,A,0,0,0,0,0,0,True,0.0
Q17-0896,A,17,17,17,17,0,0,True,0.0
Q18-0920,C,0,0,0,0,0,0,True,0.0
Q18-0921,A,0,0,0,0,0,0,True,0.0
Q18-0929,C,18,18,18,18,0,0,True,0.0
Q18-0931,A,5,5,5,5,0,0,True,0.0
Q18-0954,B,8,8,8,8,0,0,True,0.0
Q18-0964,A,25,25,25,25,0,0,True,0.0
Q18-0973,C,2,2,2,2,0,0,True,0.0
Q18-0977,A,12,12,12,12,0,0,True,0.0
Q17-0783,C,16,16,16,16,0,0,True,0.0
Q17-0787,A,16,16,16,16,0,0,True,0.0
Q17-0872,B,0,0,0,0,0,0,True,0.0
Q17-0892,A,1,4,1,1,0,0,True,0.0
Q17-0910,C,20,20,20,20,0,0,True,0.0
Q18-0913,C,13,13,13,13,0,0,True,0.0
Q18-0927,C,2,2,2,2,0,0,True,0.0
Q18-0934,A,4,4,4,4,0,0,True,0.0
Q18-0970,A,0,0,0,0,0,0,True,0.0
Q18-0974,A,16,16,16,16,0,0,True,0.0
Q18-0989,A,9,9,9,9,0,0,True,0.0
Q18-0995,A,21,21,21,21,0,0,True,0.0
Q18-1014,A,1,1,1,1,0,0,True,0.0
Q17-0779,B,23,25,23,23,0,0,True,0.0
Q17-0794,C,0,0,0,0,0,0,True,0.0
Q17-0804,A,9,9,9,9,0,0,True,0.0
Q17-0807,C,6,7,6,6,0,0,True,0.0
Q17-0813,A,15,15,15,15,0,0,True,0.0
Q17-0849,C,1,1,1,1,0,0,True,0.0
Q17-0868,C,5,5,5,5,0,0,True,0.0
Q17-0878,C,0,0,0,0,0,0,True,0.0
Q18-0923,C,10,10,10,10,0,0,True,0.0
Q18-0926,A,4,4,4,4,0,0,True,0.0
Q18-0981,C,1,1,1,1,0,0,True,0.0
Q18-1011,A,3,3,3,3,0,0,True,0.0
Q18-1021,B,17,17,17,17,0,0,True,0.0
Q17-0798,C,4,4,4,4,0,0,True,0.0
Q17-0812,A,18,18,18,18,0,0,True,0.0
Q17-0818,A,0,0,0,0,0,0,True,0.0
Q17-0827,A,8,8,8,8,0,0,True,0.0
Q17-0835,B,8,8,8,8,0,0,True,0.0
Q17-0836,A,5,5,5,5,0,0,True,0.0
Q17-0855,A,25,25,25,25,0,0,True,0.0
Q17-0897,B,0,0,0,0,0,0,True,0.0
Q17-0900,A,3,3,3,3,0,0,True,0.0
Q17-0902,C,14,14,14,14,0,0,True,0.0
Q18-0939,C,21,21,19,19,0,2,True,0.0
Q18-0942,B,0,0,0,0,0,0,True,0.0
Q18-0967,B,11,11,11,11,0,0,True,0.0
Q18-0971,A,0,0,0,0,0,0,True,0.0
Q18-1000,A,6,6,6,6,0,0,True,0.0
Q18-1049,B,25,25,25,25,0,0,True,0.0
Q17-0848,C,17,17,17,17,0,0,True,0.0
Q17-0864,A,0,0,0,0,0,0,True,0.0
Q17-0886,A,1,1,1,1,0,0,True,0.0
Q17-0890,A,1,1,1,1,0,0,True,0.0
Q17-0906,B,8,8,8,8,0,0,True,0.0
Q18-0936,A,4,4,4,4,0,0,True,0.0
Q18-0962,B,9,9,9,9,0,0,True,0.0
Q18-0986,C,25,25,25,25,0,0,True,0.0
Q18-0990,A,0,0,0,0,0,0,True,0.0
Q18-0996,A,3,3,3,3,0,0,True,0.0
Q18-1040,A,16,17,16,16,0,0,True,0.0
Q18-1042,C,25,25,25,25,0,0,True,0.0
Q18-1065,A,24,25,24,24,0,0,True,0.0
Q18-1070,B,20,25,20,20,0,0,True,0.0
Q17-0846,A,15,15,15,15,0,0,True,0.0
Q17-0885,C,0,0,0,0,0,0,True,0.0
Q17-0908,A,14,14,14,14,0,0,True,0.0
Q18-0914,C,0,0,0,0,0,0,True,0.0
Q18-1041,A,25,25,25,25,0,0,True,0.0
Q18-1055,A,25,25,25,25,0,0,True,0.0
Q18-1067,A,25,25,25,25,0,0,True,0.0
Q18-1074,C,3,3,3,3,0,0,True,0.0
Q17-0871,B,1,1,1,1,0,0,True,0.0
Q17-0898,A,9,9,9,9,0,0,True,0.0
Q17-0899,A,2,2,2,2,0,0,True,0.0
Q18-0938,A,12,12,12,12,0,0,True,0.0
Q18-0940,C,1,1,1,1,0,0,True,0.0
Q18-0941,C,3,3,3,3,0,0,True,0.0
Q18-0961,C,24,24,24,24,0,0,True,0.0
Q18-0972,C,11,12,11,11,0,0,True,0.0
Q18-0983,B,5,5,5,5,0,0,True,0.0
Q18-1002,C,6,6,6,6,0,0,True,0.0
Q18-1036,A,0,0,0,0,0,0,True,0.0
Q18-1069,C,25,25,25,25,0,0,True,0.0
Q18-1106,B,24,25,24,24,0,0,True,0.0
Q17-0889,C,0,0,0,0,0,0,True,0.0
Q17-0895,A,2,2,2,2,0,0,True,0.0
Q18-0915,C,0,0,0,0,0,0,True,0.0
Q18-0925,A,2,4,2,2,0,0,True,0.0
Q18-0943,C,0,0,0,0,0,0,True,0.0
Q18-0950,A,20,20,20,20,0,0,True,0.0
Q18-0965,B,28,28,28,28,0,0,True,0.0
Q18-0976,A,0,0,0,0,0,0,True,0.0
Q18-0991,A,12,12,12,12,0,0,True,0.0
Q18-1007,C,4,4,4,4,0,0,True,0.0
Q18-1012,A,8,11,8,8,0,0,True,0.0
Q18-1016,C,1,1,1,1,0,0,True,0.0
Q18-1019,A,14,14,14,14,0,0,True,0.0
Q18-1045,C,3,3,3,3,0,0,True,0.0
Q18-1072,B,5,5,5,5,0,0,True,0.0
Q18-1110,A,25,25,25,25,0,0,True,0.0
Q18-1124,C,3,3,3,3,0,0,True,0.0
Q19-1138,A,25,25,25,25,0,0,True,0.0
Q17-0891,A,18,18,18,18,0,0,True,0.0
Q17-0901,A,25,25,25,25,0,0,True,0.0
Q18-0933,A,8,8,8,8,0,0,True,0.0
Q18-0949,A,0,0,0,0,0,0,True,0.0
Q18-0978,A,7,11,7,7,0,0,True,0.0
Q18-0998,A,0,0,0,0,0,0,True,0.0
Q18-1013,A,0,0,0,0,0,0,True,0.0
Q18-1050,C,12,12,12,12,0,0,True,0.0
Q18-1059,A,0,0,0,0,0,0,True,0.0
Q18-1071,A,1,1,1,1,0,0,True,0.0
Q18-1090,A,8,8,8,8,0,0,True,0.0
Q18-1099,A,16,16,16,16,0,0,True,0.0
Q18-1105,C,0,0,0,0,0,0,True,0.0
Q18-1118,A,9,9,9,9,0,0,True,0.0
Q18-1120,A,0,0,0,0,0,0,True,0.0
Q17-0903,B,15,15,15,15,0,0,True,0.0
Q18-0912,C,0,0,0,0,0,0,True,0.0
Q18-0918,A,5,5,5,5,0,0,True,0.0
Q18-0922,B,22,22,22,22,0,0,True,0.0
Q18-1003,C,10,10,10,10,0,0,True,0.0
Q18-1009,A,0,0,0,0,0,0,True,0.0
Q18-1035,C,22,25,22,22,0,0,True,0.0
Q18-1038,C,5,5,5,5,0,0,True,0.0
Q18-1052,A,0,0,0,0,0,0,True,0.0
Q18-1053,C,3,3,2,2,0,1,True,0.0
Q18-1058,A,11,11,11,11,0,0,True,0.0
Q18-1062,B,1,1,1,1,0,0,True,0.0
Q18-1088,A,25,25,25,25,0,0,True,0.0
Q19-1139,C,20,20,20,20,0,0,True,0.0
Q17-0909,A,0,0,0,0,0,0,True,0.0
Q18-0916,A,0,0,0,0,0,0,True,0.0
Q18-0928,A,3,3,3,3,0,0,True,0.0
Q18-0937,C,2,2,2,2,0,0,True,0.0
Q18-0944,A,2,2,2,2,0,0,True,0.0
Q18-0953,C,2,2,2,2,0,0,True,0.0
Q18-0975,C,0,0,0,0,0,0,True,0.0
Q18-0982,C,13,13,13,13,0,0,True,0.0
Q18-1010,C,0,0,0,0,0,0,True,0.0
Q18-1026,C,15,15,15,15,0,0,True,0.0
Q18-1032,A,2,2,2,2,0,0,True,0.0
Q18-1043,B,22,22,22,22,0,0,True,0.0
Q18-1068,A,24,24,24,24,0,0,True,0.0
Q18-1081,C,2,2,2,2,0,0,True,0.0
Q18-1087,B,1,1,1,1,0,0,True,0.0
Q18-1097,A,25,25,25,25,0,0,True,0.0
Q18-1102,A,6,6,6,6,0,0,True,0.0
Q19-1137,B,3,3,3,3,0,0,True,0.0
Q19-1146,A,0,0,0,0,0,0,True,0.0
Q19-1200,C,22,22,22,22,0,0,True,0.0
Q18-0945,C,1,1,1,1,0,0,True,0.0
Q18-0946,A,0,0,0,0,0,0,True,0.0
Q18-0948,A,5,5,5,5,0,0,True,0.0
Q18-0969,A,0,0,0,0,0,0,True,0.0
Q18-0980,B,13,13,13,13,0,0,True,0.0
Q18-1006,A,19,19,19,19,0,0,True,0.0
Q18-1008,C,0,0,0,0,0,0,True,0.0
Q18-1017,C,0,0,0,0,0,0,True,0.0
Q18-1027,A,5,5,5,5,0,0,True,0.0
Q18-1028,A,0,0,0,0,0,0,True,0.0
Q18-1034,A,0,0,0,0,0,0,True,0.0
Q18-1046,C,13,14,13,13,0,0,True,0.0
Q18-1047,A,0,0,0,0,0,0,True,0.0
Q18-1054,A,2,2,2,2,0,0,True,0.0
Q18-1084,A,2,4,2,2,0,0,True,0.0
Q18-1112,A,25,25,25,25,0,0,True,0.0
Q18-1119,C,5,8,5,5,0,0,True,0.0
Q19-1145,A,0,0,0,0,0,0,True,0.0
Q19-1150,A,2,2,2,2,0,0,True,0.0
Q19-1173,A,4,4,4,4,0,0,True,0.0
Q19-1188,A,10,10,10,10,0,0,True,0.0
Q19-1206,C,23,25,23,23,0,0,True,0.0
Q18-0951,A,0,0,0,0,0,0,True,0.0
Q18-0956,C,7,7,7,7,0,0,True,0.0
Q18-0958,B,4,4,4,4,0,0,True,0.0
Q18-0963,B,0,0,0,0,0,0,True,0.0
Q18-0988,A,1,1,1,1,0,0,True,0.0
Q18-1005,C,0,0,0,0,0,0,True,0.0
Q18-1022,A,1,1,1,1,0,0,True,0.0
Q18-1030,C,1,1,1,1,0,0,True,0.0
Q18-1044,A,8,9,8,8,0,0,True,0.0
Q18-1061,C,6,7,6,6,0,0,True,0.0
Q18-1080,C,7,7,7,7,0,0,True,0.0
Q18-1117,A,0,0,0,0,0,0,True,0.0
Q18-1121,C,0,0,0,0,0,0,True,0.0
Q19-1161,C,3,3,3,3,0,0,True,0.0
Q19-1176,C,16,16,16,16,0,0,True,0.0
Q19-1183,B,0,0,0,0,0,0,True,0.0
Q19-1197,C,13,13,13,13,0,0,True,0.0
Q19-1201,C,1,1,1,1,0,0,True,0.0
Q19-1202,A,11,11,11,11,0,0,True,0.0
Q19-1205,A,0,0,0,0,0,0,True,0.0
Q19-1216,C,6,6,6,6,0,0,True,0.0
Q19-1230,A,6,6,6,6,0,0,True,0.0
Q18-0955,A,1,1,1,1,0,0,True,0.0
Q18-1004,A,0,0,0,0,0,0,True,0.0
Q18-1039,A,0,0,0,0,0,0,True,0.0
Q18-1064,A,5,5,5,5,0,0,True,0.0
Q18-1094,C,0,0,0,0,0,0,True,0.0
Q18-1101,A,0,0,0,0,0,0,True,0.0
Q19-1153,A,0,0,0,0,0,0,True,0.0
Q19-1157,C,1,1,1,1,0,0,True,0.0
Q19-1174,C,1,1,1,1,0,0,True,0.0
Q19-1178,B,0,0,0,0,0,0,True,0.0
Q19-1195,C,25,25,25,25,0,0,True,0.0
Q19-1238,A,11,11,11,11,0,0,True,0.0
Q18-0985,C,0,0,0,0,0,0,True,0.0
Q18-0992,A,14,15,14,14,0,0,True,0.0
Q18-1051,C,20,20,20,20,0,0,True,0.0
Q18-1076,A,5,5,5,5,0,0,True,0.0
Q18-1098,A,2,2,2,2,0,0,True,0.0
Q18-1130,C,25,25,25,25,0,0,True,0.0
Q19-1158,A,11,11,11,11,0,0,True,0.0
Q19-1180,C,0,0,0,0,0,0,True,0.0
Q19-1203,B,45,45,45,45,0,0,True,0.0
Q19-1221,A,25,25,25,25,0,0,True,0.0
Q19-1225,B,0,0,0,0,0,0,True,0.0
Q19-1229,A,25,25,25,25,0,0,True,0.0
Q19-1244,C,4,4,4,4,0,0,True,0.0
Q18-0999,B,7,7,7,7,0,0,True,0.0
Q18-1020,A,2,2,2,2,0,0,True,0.0
Q18-1089,C,0,0,0,0,0,0,True,0.0
Q18-1091,A,8,8,8,8,0,0,True,0.0
Q18-1108,C,0,0,0,0,0,0,True,0.0
Q18-1113,A,13,13,13,13,0,0,True,0.0
Q18-1127,A,5,5,5,5,0,0,True,0.0
Q19-1135,A,0,0,0,0,0,0,True,0.0
Q19-1142,B,25,25,25,25,0,0,True,0.0
Q19-1155,C,9,9,9,9,0,0,True,0.0
Q19-1164,C,25,25,25,25,0,0,True,0.0
Q19-1171,A,8,10,8,8,0,0,True,0.0
Q19-1185,C,2,2,2,2,0,0,True,0.0
Q19-1231,C,2,2,2,2,0,0,True,0.0
Q19-1242,A,1,1,1,1,0,0,True,0.0
Q19-1253,A,9,10,9,9,0,0,True,0.0
Q19-1266,A,24,25,24,24,0,0,True,0.0
Q19-1298,A,2,2,2,2,0,0,True,0.0
Q18-1018,C,12,12,12,12,0,0,True,0.0
Q18-1023,A,17,17,17,17,0,0,True,0.0
Q18-1025,C,0,0,0,0,0,0,True,0.0
Q18-1029,A,10,10,10,10,0,0,True,0.0
Q18-1037,A,0,0,0,0,0,0,True,0.0
Q18-1057,A,5,5,5,5,0,0,True,0.0
Q18-1060,C,0,0,0,0,0,0,True,0.0
Q18-1073,A,0,0,0,0,0,0,True,0.0
Q18-1078,A,0,0,0,0,0,0,True,0.0
Q19-1131,A,28,29,28,28,0,0,True,0.0
Q19-1143,A,0,0,0,0,0,0,True,0.0
Q19-1156,C,0,0,0,0,0,0,True,0.0
Q19-1163,A,25,25,25,25,0,0,True,0.0
Q19-1167,A,7,10,7,7,0,0,True,0.0
Q19-1194,A,1,1,1,1,0,0,True,0.0
Q19-1196,B,23,24,23,23,0,0,True,0.0
Q19-1199,B,24,24,24,24,0,0,True,0.0
Q19-1255,A,4,4,4,4,0,0,True,0.0
Q19-1269,A,0,0,0,0,0,0,True,0.0
Q19-1281,A,0,0,0,0,0,0,True,0.0
Q18-1024,A,7,7,7,7,0,0,True,0.0
Q18-1033,C,0,0,0,0,0,0,True,0.0
Q18-1063,A,2,2,2,2,0,0,True,0.0
Q18-1111,C,1,1,1,1,0,0,True,0.0
Q18-1116,C,1,1,1,1,0,0,True,0.0
Q19-1140,A,25,25,25,25,0,0,True,0.0
Q19-1151,A,0,0,0,0,0,0,True,0.0
Q19-1159,A,3,3,3,3,0,0,True,0.0
Q19-1160,A,18,18,18,18,0,0,True,0.0
Q19-1168,A,5,5,5,5,0,0,True,0.0
Q19-1184,B,0,0,0,0,0,0,True,0.0
Q19-1209,C,0,0,0,0,0,0,True,0.0
Q19-1219,B,2,2,2,2,0,0,True,0.0
Q19-1223,A,22,22,22,22,0,0,True,0.0
Q19-1261,C,0,0,0,0,0,0,True,0.0
Q19-1263,A,2,2,2,2,0,0,True,0.0
Q19-1306,A,16,16,16,16,0,0,True,0.0
Q19-1320,B,2,2,2,2,0,0,True,0.0
Q18-1079,A,6,6,6,6,0,0,True,0.0
Q18-1095,A,5,5,5,5,0,0,True,0.0
Q18-1109,A,0,0,0,0,0,0,True,0.0
Q18-1123,A,3,3,3,3,0,0,True,0.0
Q19-1132,A,4,4,4,4,0,0,True,0.0
Q19-1134,A,19,19,19,19,0,0,True,0.0
Q19-1136,A,2,2,2,2,0,0,True,0.0
Q19-1152,C,0,0,0,0,0,0,True,0.0
Q19-1162,A,0,0,0,0,0,0,True,0.0
Q19-1165,A,0,0,0,0,0,0,True,0.0
Q19-1177,C,10,10,10,10,0,0,True,0.0
Q19-1181,B,0,0,0,0,0,0,True,0.0
Q19-1198,C,4,4,4,4,0,0,True,0.0
Q19-1220,A,25,25,25,25,0,0,True,0.0
Q19-1234,A,1,1,1,1,0,0,True,0.0
Q19-1243,A,10,10,10,10,0,0,True,0.0
Q19-1267,C,0,0,0,0,0,0,True,0.0
Q19-1268,A,3,3,3,3,0,0,True,0.0
Q19-1282,C,2,2,2,2,0,0,True,0.0
Q19-1293,C,13,13,13,13,0,0,True,0.0
Q19-1342,C,1,2,1,1,0,0,True,0.0
Q18-1075,A,0,0,0,0,0,0,True,0.0
Q18-1077,C,10,10,10,10,0,0,True,0.0
Q18-1082,A,4,4,4,4,0,0,True,0.0
Q18-1100,C,2,2,2,2,0,0,True,0.0
Q18-1126,B,8,8,7,7,0,1,True,0.0
Q19-1144,B,10,10,10,10,0,0,True,0.0
Q19-1148,A,25,25,25,25,0,0,True,0.0
Q19-1179,A,5,5,5,5,0,0,True,0.0
Q19-1228,C,1,1,1,1,0,0,True,0.0
Q19-1232,B,0,0,0,0,0,0,True,0.0
Q19-1252,C,1,2,1,1,0,0,True,0.0
Q19-1273,A,1,1,1,1,0,0,True,0.0
Q19-1275,A,7,7,7,7,0,0,True,0.0
Q19-1276,A,0,0,0,0,0,0,True,0.0
Q19-1302,C,10,10,10,10,0,0,True,0.0
Q19-1313,A,0,0,0,0,0,0,True,0.0
Q19-1314,B,2,2,2,2,0,0,True,0.0
Q19-1323,B,7,7,7,7,0,0,True,0.0
Q19-1325,C,1,1,1,1,0,0,True,0.0
Q19-1327,C,25,25,25,25,0,0,True,0.0
Q19-1328,A,3,4,3,3,0,0,True,0.0
Q19-1335,A,8,8,8,8,0,0,True,0.0
Q19-1344,A,24,25,24,24,0,0,True,0.0
Q18-1092,A,0,0,0,0,0,0,True,0.0
Q18-1103,C,2,2,2,2,0,0,True,0.0
Q19-1133,B,0,0,0,0,0,0,True,0.0
Q19-1169,B,0,0,0,0,0,0,True,0.0
Q19-1191,A,23,23,23,23,0,0,True,0.0
Q19-1193,A,1,1,1,1,0,0,True,0.0
Q19-1207,C,0,0,0,0,0,0,True,0.0
Q19-1247,B,3,3,3,3,0,0,True,0.0
Q19-1264,A,0,0,0,0,0,0,True,0.0
Q19-1274,A,2,2,2,2,0,0,True,0.0
Q19-1277,C,16,16,16,16,0,0,True,0.0
Q19-1305,A,5,5,5,5,0,0,True,0.0
Q19-1350,B,25,25,25,25,0,0,True,0.0
Q19-1364,A,1,2,1,1,0,0,True,0.0
Q20-1381,A,9,9,9,9,0,0,True,0.0
Q20-1382,A,2,2,2,2,0,0,True,0.0
Q20-1405,C,0,0,0,0,0,0,True,0.0
Q18-1107,A,0,0,0,0,0,0,True,0.0
Q18-1114,B,0,0,0,0,0,0,True,0.0
Q18-1115,A,0,0,0,0,0,0,True,0.0
Q18-1125,C,0,0,0,0,0,0,True,0.0
Q18-1128,A,4,6,4,4,0,0,True,0.0
Q18-1129,A,4,5,4,4,0,0,True,0.0
Q19-1172,C,0,0,0,0,0,0,True,0.0
Q19-1190,A,1,1,1,1,0,0,True,0.0
Q19-1192,A,22,23,22,22,0,0,True,0.0
Q19-1218,C,1,1,1,1,0,0,True,0.0
Q19-1237,B,3,3,3,3,0,0,True,0.0
Q19-1246,A,2,2,2,2,0,0,True,0.0
Q19-1249,A,1,1,1,1,0,0,True,0.0
Q19-1251,C,0,0,0,0,0,0,True,0.0
Q19-1309,C,2,2,2,2,0,0,True,0.0
Q19-1312,A,13,13,13,13,0,0,True,0.0
Q19-1332,A,2,2,2,2,0,0,True,0.0
Q19-1343,C,0,0,0,0,0,0,True,0.0
Q19-1368,C,1,1,1,1,0,0,True,0.0
Q20-1413,A,7,7,7,7,0,0,True,0.0
Q20-1424,A,1,2,1,1,0,0,True,0.0
Q20-1428,A,25,25,25,24,1,1,True,0.0
Q19-1210,A,0,0,0,0,0,0,True,0.0
Q19-1212,B,0,0,0,0,0,0,True,0.0
Q19-1233,A,2,2,2,2,0,0,True,0.0
Q19-1256,A,0,0,0,0,0,0,True,0.0
Q19-1257,B,0,0,0,0,0,0,True,0.0
Q19-1259,B,1,1,1,1,0,0,True,0.0
Q19-1265,A,1,1,1,1,0,0,True,0.0
Q19-1300,A,0,0,0,0,0,0,True,0.0
Q19-1322,A,5,5,5,5,0,0,True,0.0
Q19-1324,C,0,0,0,0,0,0,True,0.0
Q19-1345,B,9,9,9,9,0,0,True,0.0
Q19-1354,C,9,9,9,9,0,0,True,0.0
Q20-1402,A,0,0,0,0,0,0,True,0.0
Q20-1407,B,11,11,11,11,0,0,True,0.0
Q20-1412,A,2,2,2,2,0,0,True,0.0
Q20-1423,C,6,6,6,6,0,0,True,0.0
Q19-1154,B,1,1,1,1,0,0,True,0.0
Q19-1175,A,6,6,6,6,0,0,True,0.0
Q19-1182,A,1,1,1,1,0,0,True,0.0
Q19-1189,C,0,0,0,0,0,0,True,0.0
Q19-1211,A,3,3,3,3,0,0,True,0.0
Q19-1240,A,5,6,4,4,0,1,True,0.0
Q19-1245,A,13,15,13,13,0,0,True,0.0
Q19-1283,C,1,1,1,1,0,0,True,0.0
Q19-1318,A,0,0,0,0,0,0,True,0.0
Q19-1326,C,25,25,25,25,0,0,True,0.0
Q20-1388,A,3,5,3,3,0,0,True,0.0
Q20-1397,A,1,2,1,1,0,0,True,0.0
Q20-1414,A,7,8,7,7,0,0,True,0.0
Q20-1441,C,0,0,0,0,0,0,True,0.0
Q20-1446,A,0,0,0,0,0,0,True,0.0
Q19-1166,A,0,0,0,0,0,0,True,0.0
Q19-1214,A,0,0,0,0,0,0,True,0.0
Q19-1215,A,0,0,0,0,0,0,True,0.0
Q19-1222,A,0,0,0,0,0,0,True,0.0
Q19-1226,A,0,0,0,0,0,0,True,0.0
Q19-1236,B,0,0,0,0,0,0,True,0.0
Q19-1241,B,0,0,0,0,0,0,True,0.0
Q19-1248,A,0,0,0,0,0,0,True,0.0
Q19-1278,A,0,0,0,0,0,0,True,0.0
Q19-1279,A,21,21,21,21,0,0,True,0.0
Q19-1285,A,7,7,7,7,0,0,True,0.0
Q19-1304,A,0,0,0,0,0,0,True,0.0
Q19-1329,B,6,6,6,6,0,0,True,0.0
Q19-1341,A,0,0,0,0,0,0,True,0.0
Q19-1356,A,1,1,1,1,0,0,True,0.0
Q19-1363,A,9,9,9,9,0,0,True,0.0
Q19-1365,A,4,4,4,4,0,0,True,0.0
Q19-1370,A,2,2,2,2,0,0,True,0.0
Q20-1375,A,0,0,0,0,0,0,True,0.0
Q20-1406,A,0,0,0,0,0,0,True,0.0
Q20-1421,C,3,3,3,3,0,0,True,0.0
Q20-1427,A,0,0,0,0,0,0,True,0.0
Q20-1437,C,0,0,0,0,0,0,True,0.0
Q20-1462,B,24,25,24,24,0,0,True,0.0
Q20-1480,A,6,10,6,6,0,0,True,0.0
Q19-1208,A,21,21,21,21,0,0,True,0.0
Q19-1213,A,1,1,1,1,0,0,True,0.0
Q19-1217,C,9,9,9,9,0,0,True,0.0
Q19-1224,C,2,2,2,2,0,0,True,0.0
Q19-1250,B,0,0,0,0,0,0,True,0.0
Q19-1280,A,7,9,7,7,0,0,True,0.0
Q19-1284,A,0,0,0,0,0,0,True,0.0
Q19-1310,C,6,6,6,6,0,0,True,0.0
Q19-1311,A,3,3,3,3,0,0,True,0.0
Q19-1334,C,3,3,3,3,0,0,True,0.0
Q19-1346,A,1,1,1,1,0,0,True,0.0
Q19-1348,A,0,0,0,0,0,0,True,0.0
Q20-1384,C,6,6,6,6,0,0,True,0.0
Q20-1387,B,4,4,4,4,0,0,True,0.0
Q20-1400,B,4,4,4,4,0,0,True,0.0
Q20-1401,A,4,4,4,4,0,0,True,0.0
Q20-1409,A,11,11,11,11,0,0,True,0.0
Q20-1416,C,1,1,1,1,0,0,True,0.0
Q20-1425,A,6,6,6,6,0,0,True,0.0
Q20-1426,A,7,7,7,7,0,0,True,0.0
Q20-1433,A,1,1,1,1,0,0,True,0.0
Q20-1436,C,12,12,12,12,0,0,True,0.0
Q20-1442,B,2,2,2,2,0,0,True,0.0
Q20-1443,A,6,6,6,6,0,0,True,0.0
Q20-1454,A,0,0,0,0,0,0,True,0.0
Q20-1515,A,1,1,1,1,0,0,True,0.0
Q19-1235,C,0,0,0,0,0,0,True,0.0
Q19-1239,A,0,0,0,0,0,0,True,0.0
Q19-1260,A,0,0,0,0,0,0,True,0.0
Q19-1296,C,10,10,10,10,0,0,True,0.0
Q19-1351,A,0,0,0,0,0,0,True,0.0
Q19-1352,A,4,4,4,4,0,0,True,0.0
Q19-1359,B,0,0,0,0,0,0,True,0.0
Q20-1420,A,0,0,0,0,0,0,True,0.0
Q20-1431,A,24,25,24,24,0,0,True,0.0
Q20-1455,C,1,1,1,1,0,0,True,0.0
Q20-1460,A,3,3,3,3,0,0,True,0.0
Q20-1473,A,0,0,0,0,0,0,True,0.0
Q20-1488,C,0,0,0,0,0,0,True,0.0
Q20-1493,A,3,3,3,3,0,0,True,0.0
Q20-1500,A,34,34,34,34,0,0,True,0.0
Q20-1520,A,2,2,2,2,0,0,True,0.0
Q19-1227,A,0,0,0,0,0,0,True,0.0
Q19-1254,B,6,6,6,6,0,0,True,0.0
Q19-1258,A,7,7,7,7,0,0,True,0.0
Q19-1270,A,0,0,0,0,0,0,True,0.0
Q19-1272,B,0,0,0,0,0,0,True,0.0
Q19-1291,A,1,1,1,1,0,0,True,0.0
Q19-1319,C,12,13,12,12,0,0,True,0.0
Q19-1337,C,8,8,8,8,0,0,True,0.0
Q19-1339,A,0,0,0,0,0,0,True,0.0
Q19-1360,A,0,0,0,0,0,0,True,0.0
Q19-1366,B,0,0,0,0,0,0,True,0.0
Q20-1374,C,0,0,0,0,0,0,True,0.0
Q20-1378,A,0,0,0,0,0,0,True,0.0
Q20-1391,A,0,0,0,0,0,0,True,0.0
Q20-1399,A,0,0,0,0,0,0,True,0.0
Q20-1411,A,7,7,7,7,0,0,True,0.0
Q20-1429,B,7,7,7,7,0,0,True,0.0
Q20-1465,B,6,6,6,6,0,0,True,0.0
Q20-1498,C,1,1,1,1,0,0,True,0.0
Q20-1504,A,0,0,0,0,0,0,True,0.0
Q20-1521,A,0,0,0,0,0,0,True,0.0
Q20-1534,B,5,5,5,5,0,0,True,0.0
Q20-1553,C,0,0,0,0,0,0,True,0.0
Q20-1562,C,0,0,0,0,0,0,True,0.0
Q20-1567,A,0,0,0,0,0,0,True,0.0
Q19-1288,C,25,25,25,25,0,0,True,0.0
Q19-1290,A,1,1,1,1,0,0,True,0.0
Q19-1292,C,2,2,2,2,0,0,True,0.0
Q19-1295,A,2,2,2,2,0,0,True,0.0
Q19-1358,B,5,5,5,5,0,0,True,0.0
Q19-1369,A,0,0,0,0,0,0,True,0.0
Q20-1379,A,3,3,3,3,0,0,True,0.0
Q20-1404,A,0,0,0,0,0,0,True,0.0
Q20-1439,A,18,18,18,18,0,0,True,0.0
Q20-1470,C,5,5,5,5,0,0,True,0.0
Q20-1491,C,3,3,3,3,0,0,True,0.0
Q20-1506,B,25,25,25,25,0,0,True,0.0
Q20-1511,A,0,0,0,0,0,0,True,0.0
Q20-1514,A,0,0,0,0,0,0,True,0.0
Q20-1547,A,8,9,8,8,0,0,True,0.0
Q20-1556,A,11,13,11,11,0,0,True,0.0
Q20-1558,C,0,0,0,0,0,0,True,0.0
Q20-1582,B,6,6,6,6,0,0,True,0.0
Q19-1286,C,0,0,0,0,0,0,True,0.0
Q19-1287,C,8,8,8,8,0,0,True,0.0
Q19-1294,A,0,0,0,0,0,0,True,0.0
Q19-1331,B,0,0,0,0,0,0,True,0.0
Q19-1353,A,0,0,0,0,0,0,True,0.0
Q20-1376,A,25,25,25,25,0,0,True,0.0
Q20-1377,C,2,2,2,2,0,0,True,0.0
Q20-1390,C,6,6,6,6,0,0,True,0.0
Q20-1392,A,9,9,9,9,0,0,True,0.0
Q20-1395,B,0,0,0,0,0,0,True,0.0
Q20-1417,B,8,8,8,8,0,0,True,0.0
Q20-1445,B,0,0,0,0,0,0,True,0.0
Q20-1458,A,0,0,0,0,0,0,True,0.0
Q20-1523,A,0,0,0,0,0,0,True,0.0
Q20-1544,C,26,26,26,26,0,0,True,0.0
Q20-1596,A,3,3,3,3,0,0,True,0.0
Q19-1299,A,0,0,0,0,0,0,True,0.0
Q19-1301,C,1,1,1,1,0,0,True,0.0
Q19-1308,C,2,2,2,2,0,0,True,0.0
Q19-1333,B,0,0,0,0,0,0,True,0.0
Q19-1338,C,2,2,2,2,0,0,True,0.0
Q20-1398,A,0,0,0,0,0,0,True,0.0
Q20-1418,A,15,15,15,15,0,0,True,0.0
Q20-1438,C,0,0,0,0,0,0,True,0.0
Q20-1464,A,0,0,0,0,0,0,True,0.0
Q20-1485,A,25,25,25,25,0,0,True,0.0
Q20-1527,C,0,0,0,0,0,0,True,0.0
Q20-1528,A,12,12,12,12,0,0,True,0.0
Q20-1533,A,0,0,0,0,0,0,True,0.0
Q20-1538,A,5,7,5,5,0,0,True,0.0
Q20-1539,A,25,25,25,25,0,0,True,0.0
Q20-1566,C,1,1,1,1,0,0,True,0.0
Q20-1568,A,19,19,19,19,0,0,True,0.0
Q20-1583,B,18,18,18,18,0,0,True,0.0
Q20-1584,B,2,2,2,2,0,0,True,0.0
Q20-1594,A,2,2,2,2,0,0,True,0.0
Q20-1595,C,25,25,25,25,0,0,True,0.0
Q20-1600,A,4,4,4,4,0,0,True,0.0
Q20-1615,C,2,2,2,2,0,0,True,0.0
Q20-1371,A,4,5,4,4,0,0,True,0.0
Q20-1408,A,0,0,0,0,0,0,True,0.0
Q20-1410,A,8,8,8,8,0,0,True,0.0
Q20-1415,A,17,17,17,17,0,0,True,0.0
Q20-1430,A,0,0,0,0,0,0,True,0.0
Q20-1551,C,0,0,0,0,0,0,True,0.0
Q20-1555,C,5,9,5,5,0,0,True,0.0
Q20-1572,A,0,0,0,0,0,0,True,0.0
Q20-1591,A,0,0,0,0,0,0,True,0.0
Q20-1607,A,11,14,11,11,0,0,True,0.0
Q20-1612,C,6,6,6,6,0,0,True,0.0
Q20-1616,A,0,0,0,0,0,0,True,0.0
Q20-1624,A,3,3,3,3,0,0,True,0.0
Q19-1315,C,0,0,0,0,0,0,True,0.0
Q19-1330,A,20,20,20,20,0,0,True,0.0
Q19-1340,A,0,0,0,0,0,0,True,0.0
Q19-1347,A,0,0,0,0,0,0,True,0.0
Q19-1357,C,3,4,3,3,0,0,True,0.0
Q19-1367,B,0,0,0,0,0,0,True,0.0
Q20-1380,B,3,3,3,3,0,0,True,0.0
Q20-1385,C,1,1,1,1,0,0,True,0.0
Q20-1432,A,5,5,5,5,0,0,True,0.0
Q20-1451,C,0,0,0,0,0,0,True,0.0
Q20-1459,B,0,0,0,0,0,0,True,0.0
Q20-1474,A,26,26,26,26,0,0,True,0.0
Q20-1526,A,24,24,24,24,0,0,True,0.0
Q20-1560,A,2,3,2,2,0,0,True,0.0
Q20-1570,C,3,3,3,3,0,0,True,0.0
Q20-1578,A,8,8,8,8,0,0,True,0.0
Q20-1580,A,4,4,4,4,0,0,True,0.0
Q20-1613,A,0,0,0,0,0,0,True,0.0
Q20-1617,A,2,2,2,2,0,0,True,0.0
Q20-1636,A,5,5,5,5,0,0,True,0.0
Q19-1349,B,1,1,1,1,0,0,True,0.0
Q19-1355,C,0,0,0,0,0,0,True,0.0
Q20-1383,A,0,0,0,0,0,0,True,0.0
Q20-1389,A,0,0,0,0,0,0,True,0.0
Q20-1403,B,0,0,0,0,0,0,True,0.0
Q20-1422,B,0,0,0,0,0,0,True,0.0
Q20-1448,A,4,4,4,4,0,0,True,0.0
Q20-1466,A,3,3,3,3,0,0,True,0.0
Q20-1484,C,0,0,0,0,0,0,True,0.0
Q20-1496,C,2,3,2,2,0,0,True,0.0
Q20-1546,C,5,5,5,5,0,0,True,0.0
Q20-1602,B,0,0,0,0,0,0,True,0.0
Q20-1618,C,50,50,50,50,0,0,True,0.0
Q21-1663,B,0,0,0,0,0,0,True,0.0
Q21-1666,C,13,13,13,13,0,0,True,0.0
Q21-1674,C,0,0,0,0,0,0,True,0.0
Q21-1681,A,3,3,3,3,0,0,True,0.0
Q20-1386,A,0,0,0,0,0,0,True,0.0
Q20-1393,C,2,2,2,2,0,0,True,0.0
Q20-1394,A,1,1,1,1,0,0,True,0.0
Q20-1396,C,1,1,1,1,0,0,True,0.0
Q20-1434,C,2,2,2,2,0,0,True,0.0
Q20-1440,B,12,14,12,12,0,0,True,0.0
Q20-1444,A,8,8,8,8,0,0,True,0.0
Q20-1477,A,0,0,0,0,0,0,True,0.0
Q20-1486,C,0,0,0,0,0,0,True,0.0
Q20-1490,A,3,3,3,3,0,0,True,0.0
Q20-1518,A,0,0,0,0,0,0,True,0.0
Q20-1531,A,0,0,0,0,0,0,True,0.0
Q20-1532,A,10,10,10,10,0,0,True,0.0
Q20-1561,B,10,10,10,10,0,0,True,0.0
Q20-1593,A,3,3,3,3,0,0,True,0.0
Q20-1599,C,25,25,25,25,0,0,True,0.0
Q20-1603,C,0,0,0,0,0,0,True,0.0
Q20-1608,A,0,0,0,0,0,0,True,0.0
Q20-1639,A,25,25,25,25,0,0,True,0.0
Q21-1641,A,0,0,0,0,0,0,True,0.0
Q21-1643,B,33,33,33,33,0,0,True,0.0
Q21-1662,A,1,1,1,1,0,0,True,0.0
Q21-1683,A,3,3,3,3,0,0,True,0.0
Q21-1689,A,0,0,0,0,0,0,True,0.0
Q21-1712,B,1,1,1,1,0,0,True,0.0
Q20-1419,A,1,1,1,1,0,0,True,0.0
Q20-1452,C,1,1,1,1,0,0,True,0.0
Q20-1453,A,0,0,0,0,0,0,True,0.0
Q20-1478,A,6,6,6,6,0,0,True,0.0
Q20-1502,A,4,4,4,4,0,0,True,0.0
Q20-1510,A,5,5,5,5,0,0,True,0.0
Q20-1519,A,1,1,1,1,0,0,True,0.0
Q20-1552,C,25,25,25,25,0,0,True,0.0
Q20-1557,A,24,25,24,24,0,0,True,0.0
Q20-1559,A,0,0,0,0,0,0,True,0.0
Q20-1590,A,5,5,5,5,0,0,True,0.0
Q20-1626,A,24,24,24,24,0,0,True,0.0
Q21-1644,A,0,0,0,0,0,0,True,0.0
Q21-1646,C,6,6,6,6,0,0,True,0.0
Q21-1665,A,2,2,2,2,0,0,True,0.0
Q21-1668,C,14,14,14,14,0,0,True,0.0
Q21-1671,C,25,25,25,25,0,0,True,0.0
Q21-1685,C,25,25,25,25,0,0,True,0.0
Q21-1698,A,1,1,1,1,0,0,True,0.0
Q21-1716,A,30,30,30,30,0,0,True,0.0
Q21-1740,C,3,3,3,3,0,0,True,0.0
Q20-1447,C,2,2,2,2,0,0,True,0.0
Q20-1450,C,0,0,0,0,0,0,True,0.0
Q20-1456,A,9,9,9,9,0,0,True,0.0
Q20-1467,C,0,0,0,0,0,0,True,0.0
Q20-1469,B,0,0,0,0,0,0,True,0.0
Q20-1472,A,0,0,0,0,0,0,True,0.0
Q20-1489,A,9,9,9,9,0,0,True,0.0
Q20-1497,C,18,18,18,18,0,0,True,0.0
Q20-1522,A,6,6,6,6,0,0,True,0.0
Q20-1535,C,5,5,5,5,0,0,True,0.0
Q20-1537,A,5,5,5,5,0,0,True,0.0
Q20-1549,A,6,6,5,5,0,1,True,0.0
Q20-1575,A,11,11,11,11,0,0,True,0.0
Q20-1577,B,2,2,2,2,0,0,True,0.0
Q20-1635,A,1,1,1,1,0,0,True,0.0
Q21-1659,C,2,2,2,2,0,0,True,0.0
Q21-1669,C,11,14,11,11,0,0,True,0.0
Q21-1679,B,0,0,0,0,0,0,True,0.0
Q21-1690,C,0,0,0,0,0,0,True,0.0
Q21-1694,C,8,8,8,8,0,0,True,0.0
Q21-1708,A,0,0,0,0,0,0,True,0.0
Q21-1721,C,25,25,25,25,0,0,True,0.0
Q21-1723,A,2,2,2,2,0,0,True,0.0
Q21-1743,A,1,1,1,1,0,0,True,0.0
Q21-1769,A,0,0,0,0,0,0,True,0.0
Q20-1463,A,0,0,0,0,0,0,True,0.0
Q20-1468,A,9,9,9,9,0,0,True,0.0
Q20-1494,A,1,1,1,1,0,0,True,0.0
Q20-1517,C,0,0,0,0,0,0,True,0.0
Q20-1524,B,0,0,0,0,0,0,True,0.0
Q20-1536,B,1,1,1,1,0,0,True,0.0
Q20-1541,B,8,9,8,8,0,0,True,0.0
Q20-1543,B,0,0,0,0,0,0,True,0.0
Q20-1548,A,20,20,20,20,0,0,True,0.0
Q20-1587,A,0,0,0,0,0,0,True,0.0
Q20-1592,A,1,1,1,1,0,0,True,0.0
Q20-1629,C,42,42,42,42,0,0,True,0.0
Q20-1634,C,6,6,6,6,0,0,True,0.0
Q21-1699,A,8,8,8,8,0,0,True,0.0
Q21-1700,C,8,8,8,8,0,0,True,0.0
Q21-1713,A,25,25,25,25,0,0,True,0.0
Q21-1714,B,1,1,1,1,0,0,True,0.0
Q21-1768,A,0,0,0,0,0,0,True,0.0
Q20-1471,A,7,7,7,7,0,0,True,0.0
Q20-1482,B,3,3,3,3,0,0,True,0.0
Q20-1483,A,5,5,5,5,0,0,True,0.0
Q20-1495,A,0,0,0,0,0,0,True,0.0
Q20-1509,A,9,9,9,9,0,0,True,0.0
Q20-1513,A,0,0,0,0,0,0,True,0.0
Q20-1529,C,2,2,2,2,0,0,True,0.0
Q20-1530,C,5,7,5,5,0,0,True,0.0
Q20-1581,A,11,11,11,11,0,0,True,0.0
Q20-1585,C,14,14,14,14,0,0,True,0.0
Q20-1605,C,2,2,2,2,0,0,True,0.0
Q20-1611,B,1,1,1,1,0,0,True,0.0
Q20-1640,A,6,6,6,6,0,0,True,0.0
Q21-1651,C,0,0,0,0,0,0,True,0.0
Q21-1696,A,0,0,0,0,0,0,True,0.0
Q21-1746,A,3,3,3,3,0,0,True,0.0
Q21-1751,A,5,5,5,5,0,0,True,0.0
Q21-1752,A,3,3,3,3,0,0,True,0.0
Q21-1771,A,3,3,3,3,0,0,True,0.0
Q21-1780,A,25,25,25,25,0,0,True,0.0
Q21-1785,C,10,10,10,10,0,0,True,0.0
Q21-1786,A,0,0,0,0,0,0,True,0.0
Q21-1798,A,3,3,3,3,0,0,True,0.0
Q21-1825,C,6,6,6,6,0,0,True,0.0
Q21-1836,A,6,6,6,6,0,0,True,0.0
Q20-1475,B,0,0,0,0,0,0,True,0.0
Q20-1476,C,0,0,0,0,0,0,True,0.0
Q20-1479,A,0,0,0,0,0,0,True,0.0
Q20-1492,A,0,0,0,0,0,0,True,0.0
Q20-1501,A,6,6,6,6,0,0,True,0.0
Q20-1508,B,0,0,0,0,0,0,True,0.0
Q20-1550,B,1,1,1,1,0,0,True,0.0
Q20-1565,A,13,13,13,13,0,0,True,0.0
Q20-1573,A,0,0,0,0,0,0,True,0.0
Q21-1655,C,2,2,2,2,0,0,True,0.0
Q21-1656,C,9,9,9,9,0,0,True,0.0
Q21-1680,A,25,25,25,25,0,0,True,0.0
Q21-1738,C,4,4,4,4,0,0,True,0.0
Q21-1754,A,0,0,0,0,0,0,True,0.0
Q21-1758,A,5,7,5,5,0,0,True,0.0
Q21-1761,A,5,5,5,5,0,0,True,0.0
Q21-1804,A,0,0,0,0,0,0,True,0.0
Q21-1858,A,10,10,10,10,0,0,True,0.0
Q20-1505,A,6,6,6,6,0,0,True,0.0
Q20-1512,A,0,0,0,0,0,0,True,0.0
Q20-1516,B,1,1,1,1,0,0,True,0.0
Q20-1525,C,6,6,6,6,0,0,True,0.0
Q20-1574,A,0,0,0,0,0,0,True,0.0
Q20-1586,A,8,8,8,8,0,0,True,0.0
Q20-1604,A,17,17,17,17,0,0,True,0.0
Q20-1606,C,0,0,0,0,0,0,True,0.0
Q20-1621,C,0,0,0,0,0,0,True,0.0
Q21-1653,C,0,0,0,0,0,0,True,0.0
Q21-1677,A,2,2,2,2,0,0,True,0.0
Q21-1692,C,1,1,1,1,0,0,True,0.0
Q21-1706,B,17,17,17,17,0,0,True,0.0
Q21-1718,B,0,0,0,0,0,0,True,0.0
Q21-1720,C,19,19,19,19,0,0,True,0.0
Q21-1732,C,11,11,11,10,1,1,True,0.0
Q21-1733,B,1,1,1,1,0,0,True,0.0
Q21-1745,C,0,0,0,0,0,0,True,0.0
Q21-1772,A,0,0,0,0,0,0,True,0.0
Q21-1791,A,8,8,8,8,0,0,True,0.0
Q21-1797,A,1,1,1,1,0,0,True,0.0
Q21-1806,C,10,11,10,10,0,0,True,0.0
Q21-1828,A,0,0,0,0,0,0,True,0.0
Q21-1855,A,25,25,25,25,0,0,True,0.0
Q21-1876,A,2,2,2,2,0,0,True,0.0
Q20-1545,A,2,2,2,2,0,0,True,0.0
Q20-1598,B,14,14,14,14,0,0,True,0.0
Q20-1610,C,3,3,3,3,0,0,True,0.0
Q20-1614,A,0,0,0,0,0,0,True,0.0
Q20-1630,C,1,2,1,1,0,0,True,0.0
Q20-1633,C,0,0,0,0,0,0,True,0.0
Q21-1648,B,0,0,0,0,0,0,True,0.0
Q21-1657,C,1,1,1,1,0,0,True,0.0
Q21-1658,C,6,6,6,6,0,0,True,0.0
Q21-1686,A,3,3,3,3,0,0,True,0.0
Q21-1757,A,2,2,2,2,0,0,True,0.0
Q21-1819,A,3,3,3,3,0,0,True,0.0
Q21-1820,A,25,25,23,23,0,2,True,0.0
Q21-1853,A,6,6,6,6,0,0,True,0.0
Q21-1862,A,14,14,14,14,0,0,True,0.0
Q21-1892,B,25,25,25,25,0,0,True,0.0
Q21-1904,C,25,26,25,25,0,0,True,0.0
Q21-1906,A,24,25,23,23,0,1,True,0.0
Q21-1927,B,5,5,5,5,0,0,True,0.0
Q21-1937,A,0,0,0,0,0,0,True,0.0
Q20-1542,C,25,25,25,25,0,0,True,0.0
Q20-1563,C,0,0,0,0,0,0,True,0.0
Q20-1564,A,1,1,1,1,0,0,True,0.0
Q20-1576,A,0,0,0,0,0,0,True,0.0
Q20-1619,B,0,0,0,0,0,0,True,0.0
Q20-1632,A,0,0,0,0,0,0,True,0.0
Q21-1667,C,0,0,0,0,0,0,True,0.0
Q21-1676,C,0,0,0,0,0,0,True,0.0
Q21-1684,A,0,0,0,0,0,0,True,0.0
Q21-1697,A,0,0,0,0,0,0,True,0.0
Q21-1704,C,1,1,1,1,0,0,True,0.0
Q21-1707,A,0,0,0,0,0,0,True,0.0
Q21-1727,B,8,8,8,7,1,1,True,0.0
Q21-1728,C,2,2,2,2,0,0,True,0.0
Q21-1729,A,0,0,0,0,0,0,True,0.0
Q21-1734,A,25,25,25,25,0,0,True,0.0
Q21-1741,B,0,0,0,0,0,0,True,0.0
Q21-1756,C,1,1,1,1,0,0,True,0.0
Q21-1763,B,0,0,0,0,0,0,True,0.0
Q21-1770,C,0,0,0,0,0,0,True,0.0
Q21-1789,C,25,25,25,25,0,0,True,0.0
Q21-1800,A,0,0,0,0,0,0,True,0.0
Q21-1807,C,0,0,0,0,0,0,True,0.0
Q21-1813,A,5,5,5,5,0,0,True,0.0
Q21-1842,C,3,3,3,3,0,0,True,0.0
Q21-1861,C,4,4,4,4,0,0,True,0.0
Q21-1867,A,4,6,4,4,0,0,True,0.0
Q21-1899,A,6,6,6,6,0,0,True,0.0
Q21-1912,A,13,13,13,13,0,0,True,0.0
Q21-1918,A,2,2,2,2,0,0,True,0.0
Q21-1947,A,25,25,25,25,0,0,True,0.0
Q20-1631,A,5,6,5,5,0,0,True,0.0
Q20-1638,B,0,0,0,0,0,0,True,0.0
Q21-1661,A,3,3,3,3,0,0,True,0.0
Q21-1691,C,17,17,17,17,0,0,True,0.0
Q21-1693,B,0,0,0,0,0,0,True,0.0
Q21-1695,A,0,0,0,0,0,0,True,0.0
Q21-1709,A,3,3,3,3,0,0,True,0.0
Q21-1735,A,3,3,3,3,0,0,True,0.0
Q21-1767,A,2,2,2,2,0,0,True,0.0
Q21-1833,A,13,14,13,13,0,0,True,0.0
Q21-1838,A,7,7,7,7,0,0,True,0.0
Q21-1863,A,10,10,10,10,0,0,True,0.0
Q21-1900,C,25,25,25,25,0,0,True,0.0
Q21-1903,C,27,28,27,27,0,0,True,0.0
Q21-1908,B,20,20,20,20,0,0,True,0.0
Q21-1909,A,2,2,2,2,0,0,True,0.0
Q21-1915,A,35,36,35,35,0,0,True,0.0
Q21-1922,A,6,6,6,6,0,0,True,0.0
Q21-1941,B,16,19,16,16,0,0,True,0.0
Q21-1955,A,0,0,0,0,0,0,True,0.0
Q21-1962,A,1,1,1,1,0,0,True,0.0
Q21-1968,A,2,2,2,2,0,0,True,0.0
Q22-1977,A,1,1,1,1,0,0,True,0.0
Q22-1979,B,48,48,48,48,0,0,True,0.0
Q20-1589,A,0,0,0,0,0,0,True,0.0
Q20-1622,B,5,5,5,5,0,0,True,0.0
Q20-1627,A,9,9,9,9,0,0,True,0.0
Q21-1650,C,0,0,0,0,0,0,True,0.0
Q21-1652,A,11,11,11,11,0,0,True,0.0
Q21-1664,A,0,0,0,0,0,0,True,0.0
Q21-1719,A,6,6,6,6,0,0,True,0.0
Q21-1725,A,0,0,0,0,0,0,True,0.0
Q21-1730,A,0,0,0,0,0,0,True,0.0
Q21-1749,A,4,4,4,4,0,0,True,0.0
Q21-1790,C,4,4,4,4,0,0,True,0.0
Q21-1793,A,0,0,0,0,0,0,True,0.0
Q21-1794,C,2,2,2,2,0,0,True,0.0
Q21-1808,A,0,0,0,0,0,0,True,0.0
Q21-1811,A,4,4,4,4,0,0,True,0.0
Q21-1824,C,6,6,6,6,0,0,True,0.0
Q21-1839,C,7,7,7,7,0,0,True,0.0
Q21-1847,C,0,0,0,0,0,0,True,0.0
Q21-1875,A,1,1,1,1,0,0,True,0.0
Q21-1883,A,25,25,25,25,0,0,True,0.0
Q21-1890,B,0,0,0,0,0,0,True,0.0
Q21-1891,C,10,11,10,10,0,0,True,0.0
Q21-1917,B,4,4,4,4,0,0,True,0.0
Q21-1938,A,1,1,1,1,0,0,True,0.0
Q21-1958,C,10,10,10,10,0,0,True,0.0
Q21-1967,C,5,5,5,5,0,0,True,0.0
Q22-1978,C,23,25,23,23,0,0,True,0.0
Q22-1981,A,7,7,7,7,0,0,True,0.0
Q22-1983,A,50,50,50,50,0,0,True,0.0
Q21-1705,A,0,0,0,0,0,0,True,0.0
Q21-1765,A,6,6,6,6,0,0,True,0.0
Q21-1787,A,7,7,7,7,0,0,True,0.0
Q21-1805,B,1,1,1,1,0,0,True,0.0
Q21-1837,A,5,5,5,5,0,0,True,0.0
Q21-1849,C,0,0,0,0,0,0,True,0.0
Q21-1859,C,0,0,0,0,0,0,True,0.0
Q21-1864,A,8,9,8,8,0,0,True,0.0
Q21-1880,C,12,17,12,12,0,0,True,0.0
Q21-1905,A,25,25,25,25,0,0,True,0.0
Q21-1946,C,24,24,24,24,0,0,True,0.0
Q21-1952,B,11,11,11,11,0,0,True,0.0
Q21-1953,A,5,6,5,5,0,0,True,0.0
Q21-1965,C,2,2,2,2,0,0,True,0.0
Q22-2005,C,3,3,3,3,0,0,True,0.0
Q22-2008,C,5,5,5,5,0,0,True,0.0
Q21-1647,A,0,0,0,0,0,0,True,0.0
Q21-1654,A,1,1,1,1,0,0,True,0.0
Q21-1678,A,0,0,0,0,0,0,True,0.0
Q21-1688,C,3,3,3,3,0,0,True,0.0
Q21-1710,A,9,9,9,9,0,0,True,0.0
Q21-1715,A,15,15,15,15,0,0,True,0.0
Q21-1764,A,3,3,3,3,0,0,True,0.0
Q21-1766,A,6,6,6,6,0,0,True,0.0
Q21-1775,C,15,15,15,15,0,0,True,0.0
Q21-1776,A,2,2,2,2,0,0,True,0.0
Q21-1782,C,1,1,1,1,0,0,True,0.0
Q21-1843,A,4,6,4,4,0,0,True,0.0
Q21-1857,A,2,2,2,2,0,0,True,0.0
Q21-1866,C,25,25,25,25,0,0,True,0.0
Q21-1871,A,0,0,0,0,0,0,True,0.0
Q21-1874,A,5,5,5,5,0,0,True,0.0
Q21-1911,A,2,2,2,2,0,0,True,0.0
Q21-1935,A,4,6,4,4,0,0,True,0.0
Q22-2028,C,43,43,43,43,0,0,True,0.0
Q22-2030,A,0,0,0,0,0,0,True,0.0
Q21-1649,A,12,12,12,12,0,0,True,0.0
Q21-1660,B,1,1,1,1,0,0,True,0.0
Q21-1670,A,0,0,0,0,0,0,True,0.0
Q21-1673,C,0,0,0,0,0,0,True,0.0
Q21-1717,A,2,2,2,2,0,0,True,0.0
Q21-1724,A,2,2,2,2,0,0,True,0.0
Q21-1748,A,1,1,1,1,0,0,True,0.0
Q21-1795,A,1,1,1,1,0,0,True,0.0
Q21-1809,A,1,1,1,1,0,0,True,0.0
Q21-1810,B,2,2,2,2,0,0,True,0.0
Q21-1815,A,16,16,16,16,0,0,True,0.0
Q21-1831,C,3,3,3,3,0,0,True,0.0
Q21-1850,A,0,0,0,0,0,0,True,0.0
Q21-1851,A,10,10,10,10,0,0,True,0.0
Q21-1860,A,7,7,7,7,0,0,True,0.0
Q21-1885,A,12,12,12,12,0,0,True,0.0
Q21-1896,A,6,6,6,6,0,0,True,0.0
Q21-1910,A,2,2,2,2,0,0,True,0.0
Q21-1916,C,1,1,1,1,0,0,True,0.0
Q21-1957,C,4,4,4,4,0,0,True,0.0
Q21-1961,A,2,2,2,2,0,0,True,0.0
Q21-1966,A,4,4,4,4,0,0,True,0.0
Q22-1982,A,0,0,0,0,0,0,True,0.0
Q22-2012,C,22,22,22,22,0,0,True,0.0
Q22-2031,A,0,0,0,0,0,0,True,0.0
Q22-2045,B,1,1,1,1,0,0,True,0.0
Q22-2051,C,24,25,24,24,0,0,True,0.0
Q22-2058,A,1,1,1,1,0,0,True,0.0
Q22-2063,A,20,20,20,20,0,0,True,0.0
Q22-2078,A,1,1,1,1,0,0,True,0.0
Q21-1737,A,2,2,2,2,0,0,True,0.0
Q21-1739,A,2,2,2,2,0,0,True,0.0
Q21-1747,A,0,0,0,0,0,0,True,0.0
Q21-1774,A,2,2,2,2,0,0,True,0.0
Q21-1777,C,2,2,2,2,0,0,True,0.0
Q21-1784,A,0,0,0,0,0,0,True,0.0
Q21-1821,C,2,3,2,2,0,0,True,0.0
Q21-1877,C,6,6,6,6,0,0,True,0.0
Q21-1925,C,1,1,1,1,0,0,True,0.0
Q21-1951,A,3,3,3,3,0,0,True,0.0
Q22-1988,A,16,16,16,16,0,0,True,0.0
Q22-2020,C,15,15,15,15,0,0,True,0.0
Q22-2032,A,0,0,0,0,0,0,True,0.0
Q22-2064,A,26,26,26,26,0,0,True,0.0
Q22-2076,A,2,2,2,2,0,0,True,0.0
Q22-2081,C,4,4,4,4,0,0,True,0.0
Q22-2090,C,22,22,22,22,0,0,True,0.0
Q22-2095,A,25,25,25,25,0,0,True,0.0
Q22-2108,B,3,3,3,3,0,0,True,0.0
Q22-2109,A,15,15,15,15,0,0,True,0.0
Q21-1702,A,2,2,2,2,0,0,True,0.0
Q21-1703,C,0,0,0,0,0,0,True,0.0
Q21-1711,C,11,11,11,11,0,0,True,0.0
Q21-1722,C,6,6,6,6,0,0,True,0.0
Q21-1778,B,0,0,0,0,0,0,True,0.0
Q21-1781,B,10,12,10,10,0,0,True,0.0
Q21-1803,A,0,0,0,0,0,0,True,0.0
Q21-1817,A,2,2,2,2,0,0,True,0.0
Q21-1818,A,0,0,0,0,0,0,True,0.0
Q21-1835,A,8,8,8,8,0,0,True,0.0
Q21-1841,C,5,5,5,5,0,0,True,0.0
Q21-1848,C,25,25,25,25,0,0,True,0.0
Q21-1869,A,1,1,1,1,0,0,True,0.0
Q21-1882,C,0,0,0,0,0,0,True,0.0
Q21-1888,A,8,8,8,8,0,0,True,0.0
Q21-1914,C,0,0,0,0,0,0,True,0.0
Q21-1928,C,23,24,23,23,0,0,True,0.0
Q21-1933,A,9,9,9,9,0,0,True,0.0
Q21-1936,A,0,0,0,0,0,0,True,0.0
Q22-1976,A,0,0,0,0,0,0,True,0.0
Q22-2007,A,0,0,0,0,0,0,True,0.0
Q22-2011,A,1,1,1,1,0,0,True,0.0
Q22-2017,A,0,0,0,0,0,0,True,0.0
Q22-2025,A,3,4,3,3,0,0,True,0.0
Q22-2042,A,4,4,4,4,0,0,True,0.0
Q22-2043,A,7,7,7,7,0,0,True,0.0
Q22-2067,A,1,1,1,1,0,0,True,0.0
Q22-2074,C,10,10,10,10,0,0,True,0.0
Q22-2077,C,5,5,5,5,0,0,True,0.0
Q22-2082,B,25,25,25,25,0,0,True,0.0
Q21-1750,B,0,0,0,0,0,0,True,0.0
Q21-1755,A,5,5,5,5,0,0,True,0.0
Q21-1760,A,0,0,0,0,0,0,True,0.0
Q21-1796,C,0,0,0,0,0,0,True,0.0
Q21-1816,C,8,8,8,8,0,0,True,0.0
Q21-1840,C,1,2,1,1,0,0,True,0.0
Q21-1865,A,1,1,1,1,0,0,True,0.0
Q21-1873,A,1,1,1,1,0,0,True,0.0
Q21-1887,B,0,0,0,0,0,0,True,0.0
Q21-1901,A,0,0,0,0,0,0,True,0.0
Q21-1923,A,0,0,0,0,0,0,True,0.0
Q21-1948,C,25,25,25,25,0,0,True,0.0
Q21-1954,A,16,16,16,16,0,0,True,0.0
Q21-1970,A,1,1,1,1,0,0,True,0.0
Q22-1974,A,7,7,7,7,0,0,True,0.0
Q22-1975,A,1,1,1,1,0,0,True,0.0
Q22-1996,C,7,7,7,7,0,0,True,0.0
Q22-2071,A,6,6,6,6,0,0,True,0.0
Q22-2075,C,0,0,0,0,0,0,True,0.0
Q22-2086,C,4,4,4,4,0,0,True,0.0
Q22-2091,B,15,15,15,15,0,0,True,0.0
Q22-2099,B,4,5,4,4,0,0,True,0.0
Q22-2121,C,25,25,25,25,0,0,True,0.0
Q22-2141,C,6,6,6,6,0,0,True,0.0
Q21-1783,A,1,1,1,1,0,0,True,0.0
Q21-1788,C,0,0,0,0,0,0,True,0.0
Q21-1812,C,11,11,11,11,0,0,True,0.0
Q21-1829,A,0,0,0,0,0,0,True,0.0
Q21-1844,A,0,0,0,0,0,0,True,0.0
Q21-1845,C,9,10,9,9,0,0,True,0.0
Q21-1870,C,1,1,1,1,0,0,True,0.0
Q21-1872,C,4,5,4,4,0,0,True,0.0
Q21-1878,C,0,0,0,0,0,0,True,0.0
Q21-1894,A,1,1,1,1,0,0,True,0.0
Q21-1895,B,1,1,1,1,0,0,True,0.0
Q21-1902,A,3,3,3,3,0,0,True,0.0
Q21-1932,C,0,0,0,0,0,0,True,0.0
Q21-1934,C,1,1,1,1,0,0,True,0.0
Q21-1963,C,25,25,25,25,0,0,True,0.0
Q21-1964,C,3,3,3,3,0,0,True,0.0
Q22-1971,A,20,25,20,20,0,0,True,0.0
Q22-2004,A,0,0,0,0,0,0,True,0.0
Q22-2044,A,16,16,16,16,0,0,True,0.0
Q22-2120,A,7,7,7,7,0,0,True,0.0
Q22-2134,C,3,3,3,3,0,0,True,0.0
Q22-2143,C,1,1,1,1,0,0,True,0.0
Q22-2161,A,0,0,0,0,0,0,True,0.0
Q22-2168,C,18,18,18,18,0,0,True,0.0
Q21-1799,C,3,3,3,3,0,0,True,0.0
Q21-1822,A,0,0,0,0,0,0,True,0.0
Q21-1823,A,0,0,0,0,0,0,True,0.0
Q21-1868,A,0,0,0,0,0,0,True,0.0
Q21-1879,C,5,5,5,5,0,0,True,0.0
Q21-1893,C,10,10,10,10,0,0,True,0.0
Q21-1897,C,3,3,3,3,0,0,True,0.0
Q21-1945,C,0,0,0,0,0,0,True,0.0
Q21-1949,B,0,0,0,0,0,0,True,0.0
Q22-1993,B,11,11,11,11,0,0,True,0.0
Q22-2010,C,3,3,3,3,0,0,True,0.0
Q22-2026,A,33,35,33,33,0,0,True,0.0
Q22-2049,A,0,0,0,0,0,0,True,0.0
Q22-2054,C,0,0,0,0,0,0,True,0.0
Q22-2056,C,6,6,6,6,0,0,True,0.0
Q22-2059,A,1,1,1,1,0,0,True,0.0
Q22-2084,B,1,1,1,1,0,0,True,0.0
Q22-2106,A,1,1,1,1,0,0,True,0.0
Q22-2110,C,5,5,5,5,0,0,True,0.0
Q22-2119,C,5,6,5,5,0,0,True,0.0
Q22-2137,C,2,2,2,2,0,0,True,0.0
Q22-2191,C,18,20,18,18,0,0,True,0.0
Q22-2217,A,0,0,0,0,0,0,True,0.0
Q21-1826,A,0,0,0,0,0,0,True,0.0
Q21-1832,C,9,10,9,9,0,0,True,0.0
Q21-1886,C,0,0,0,0,0,0,True,0.0
Q21-1924,C,2,2,2,2,0,0,True,0.0
Q21-1931,C,1,1,1,1,0,0,True,0.0
Q21-1956,B,6,6,6,6,0,0,True,0.0
Q21-1960,C,0,0,0,0,0,0,True,0.0
Q21-1969,A,0,0,0,0,0,0,True,0.0
Q22-1973,A,3,3,3,3,0,0,True,0.0
Q22-1985,C,0,0,0,0,0,0,True,0.0
Q22-2000,A,1,1,1,1,0,0,True,0.0
Q22-2089,B,4,6,4,4,0,0,True,0.0
Q22-2097,C,0,0,0,0,0,0,True,0.0
Q22-2154,A,2,2,2,2,0,0,True,0.0
Q22-2157,A,1,1,1,1,0,0,True,0.0
Q22-2162,A,2,2,2,2,0,0,True,0.0
Q22-2167,C,0,0,0,0,0,0,True,0.0
Q22-2199,A,0,0,0,0,0,0,True,0.0
Q21-1856,B,5,5,5,5,0,0,True,0.0
Q21-1889,B,11,11,11,11,0,0,True,0.0
Q21-1898,A,0,0,0,0,0,0,True,0.0
Q21-1913,C,7,7,7,7,0,0,True,0.0
Q21-1929,A,0,0,0,0,0,0,True,0.0
Q22-1986,C,2,2,2,2,0,0,True,0.0
Q22-1992,A,2,2,2,2,0,0,True,0.0
Q22-1999,A,14,14,14,14,0,0,True,0.0
Q22-2001,B,0,0,0,0,0,0,True,0.0
Q22-2021,C,4,4,4,4,0,0,True,0.0
Q22-2038,A,0,0,0,0,0,0,True,0.0
Q22-2052,B,2,2,2,2,0,0,True,0.0
Q22-2069,C,10,10,10,10,0,0,True,0.0
Q22-2102,A,14,14,14,14,0,0,True,0.0
Q22-2116,A,0,0,0,0,0,0,True,0.0
Q22-2117,A,4,4,4,4,0,0,True,0.0
Q22-2122,B,1,1,1,1,0,0,True,0.0
Q22-2124,A,0,0,0,0,0,0,True,0.0
Q22-2138,A,6,6,6,6,0,0,True,0.0
Q22-2172,A,0,0,0,0,0,0,True,0.0
Q22-2180,C,2,2,2,2,0,0,True,0.0
Q22-2190,A,7,7,7,7,0,0,True,0.0
Q22-2204,B,1,1,1,1,0,0,True,0.0
Q22-2234,B,9,9,9,9,0,0,True,0.0
Q22-2263,C,8,8,8,8,0,0,True,0.0
Q21-1921,A,0,0,0,0,0,0,True,0.0
Q22-1984,A,10,10,10,10,0,0,True,0.0
Q22-1989,A,6,6,6,6,0,0,True,0.0
Q22-1998,C,1,1,1,1,0,0,True,0.0
Q22-2003,A,9,9,9,9,0,0,True,0.0
Q22-2016,B,7,8,7,7,0,0,True,0.0
Q22-2023,B,0,0,0,0,0,0,True,0.0
Q22-2037,A,4,4,4,4,0,0,True,0.0
Q22-2040,A,3,3,3,3,0,0,True,0.0
Q22-2041,A,1,1,1,1,0,0,True,0.0
Q22-2053,A,23,23,23,23,0,0,True,0.0
Q22-2066,B,0,0,0,0,0,0,True,0.0
Q22-2080,C,3,3,3,3,0,0,True,0.0
Q22-2092,B,5,5,5,5,0,0,True,0.0
Q22-2128,C,0,0,0,0,0,0,True,0.0
Q22-2151,C,21,21,21,21,0,0,True,0.0
Q22-2155,B,2,2,2,2,0,0,True,0.0
Q22-2166,A,5,6,5,5,0,0,True,0.0
Q22-2184,C,3,3,3,3,0,0,True,0.0
Q22-2185,A,0,0,0,0,0,0,True,0.0
Q22-2212,A,0,0,0,0,0,0,True,0.0
Q22-2240,B,17,17,17,17,0,0,True,0.0
Q22-2260,C,4,4,4,4,0,0,True,0.0
Q23-2278,C,18,18,18,18,0,0,True,0.0
Q21-1943,A,0,0,0,0,0,0,True,0.0
Q21-1944,A,5,5,5,5,0,0,True,0.0
Q22-2002,A,3,3,3,3,0,0,True,0.0
Q22-2006,A,3,3,3,3,0,0,True,0.0
Q22-2013,A,0,0,0,0,0,0,True,0.0
Q22-2055,A,1,1,1,1,0,0,True,0.0
Q22-2123,A,0,0,0,0,0,0,True,0.0
Q22-2126,A,0,0,0,0,0,0,True,0.0
Q22-2135,A,0,0,0,0,0,0,True,0.0
Q22-2164,C,1,1,1,1,0,0,True,0.0
Q22-2174,C,5,6,5,5,0,0,True,0.0
Q22-2175,C,14,14,14,14,0,0,True,0.0
Q22-2206,C,2,4,2,2,0,0,True,0.0
Q22-2211,C,0,0,0,0,0,0,True,0.0
Q22-2231,A,3,3,3,3,0,0,True,0.0
Q22-2236,A,1,1,1,1,0,0,True,0.0
Q22-2242,C,0,0,0,0,0,0,True,0.0
Q22-2244,C,6,6,6,6,0,0,True,0.0
Q22-2249,A,0,0,0,0,0,0,True,0.0
Q22-2265,A,0,0,0,0,0,0,True,0.0
Q23-2280,C,0,0,0,0,0,0,True,0.0
Q23-2284,A,11,11,11,11,0,0,True,0.0
Q21-1939,A,0,0,0,0,0,0,True,0.0
Q22-1997,B,2,2,2,2,0,0,True,0.0
Q22-2014,A,0,0,0,0,0,0,True,0.0
Q22-2019,A,8,8,8,7,1,1,True,0.0
Q22-2022,A,0,0,0,0,0,0,True,0.0
Q22-2087,A,1,1,1,1,0,0,True,0.0
Q22-2101,A,21,21,21,21,0,0,True,0.0
Q22-2107,A,5,5,5,5,0,0,True,0.0
Q22-2118,A,4,4,4,4,0,0,True,0.0
Q22-2160,C,3,3,3,3,0,0,True,0.0
Q22-2194,A,1,1,1,1,0,0,True,0.0
Q22-2228,A,5,5,5,5,0,0,True,0.0
Q23-2273,B,10,10,10,10,0,0,True,0.0
Q22-1980,A,2,2,2,2,0,0,True,0.0
Q22-1990,C,19,22,19,19,0,0,True,0.0
Q22-2046,A,0,0,0,0,0,0,True,0.0
Q22-2050,C,1,1,1,1,0,0,True,0.0
Q22-2057,A,0,0,0,0,0,0,True,0.0
Q22-2061,C,1,1,1,1,0,0,True,0.0
Q22-2062,A,7,7,7,7,0,0,True,0.0
Q22-2070,A,16,16,16,16,0,0,True,0.0
Q22-2073,C,3,5,3,3,0,0,True,0.0
Q22-2100,A,0,0,0,0,0,0,True,0.0
Q22-2139,C,4,4,4,4,0,0,True,0.0
Q22-2147,C,0,0,0,0,0,0,True,0.0
Q22-2182,A,0,0,0,0,0,0,True,0.0
Q22-2187,A,0,0,0,0,0,0,True,0.0
Q22-2189,B,0,0,0,0,0,0,True,0.0
Q22-2193,A,2,2,2,2,0,0,True,0.0
Q22-2210,A,4,4,4,4,0,0,True,0.0
Q22-2213,A,2,2,2,2,0,0,True,0.0
Q22-2216,A,0,0,0,0,0,0,True,0.0
Q22-2232,A,1,1,1,1,0,0,True,0.0
Q22-2237,C,15,15,15,15,0,0,True,0.0
Q22-2257,A,9,9,9,9,0,0,True,0.0
Q22-2261,A,12,12,12,12,0,0,True,0.0
Q23-2271,A,7,7,7,7,0,0,True,0.0
Q22-1991,B,0,0,0,0,0,0,True,0.0
Q22-1995,A,0,0,0,0,0,0,True,0.0
Q22-2024,B,3,3,3,3,0,0,True,0.0
Q22-2029,A,7,7,7,7,0,0,True,0.0
Q22-2033,B,25,25,25,25,0,0,True,0.0
Q22-2068,B,0,0,0,0,0,0,True,0.0
Q22-2072,A,0,0,0,0,0,0,True,0.0
Q22-2104,A,2,2,2,2,0,0,True,0.0
Q22-2113,C,4,4,4,4,0,0,True,0.0
Q22-2115,A,1,1,1,1,0,0,True,0.0
Q22-2129,A,2,2,2,2,0,0,True,0.0
Q22-2145,B,1,1,1,1,0,0,True,0.0
Q22-2146,A,0,0,0,0,0,0,True,0.0
Q22-2158,A,4,4,2,2,0,2,True,0.0
Q22-2163,A,2,2,2,2,0,0,True,0.0
Q22-2173,A,1,1,1,1,0,0,True,0.0
Q22-2200,C,3,4,3,3,0,0,True,0.0
Q22-2224,A,0,0,0,0,0,0,True,0.0
Q23-2275,C,10,10,10,10,0,0,True,0.0
Q23-2286,B,0,0,0,0,0,0,True,0.0
Q23-2295,C,1,1,1,1,0,0,True,0.0
Q23-2307,A,11,11,11,11,0,0,True,0.0
Q22-2015,A,0,0,0,0,0,0,True,0.0
Q22-2048,A,1,1,1,1,0,0,True,0.0
Q22-2060,C,3,3,3,3,0,0,True,0.0
Q22-2083,C,5,5,5,5,0,0,True,0.0
Q22-2088,A,10,10,10,10,0,0,True,0.0
Q22-2098,C,3,3,3,3,0,0,True,0.0
Q22-2103,A,3,3,3,3,0,0,True,0.0
Q22-2178,A,0,0,0,0,0,0,True,0.0
Q22-2219,A,3,3,3,3,0,0,True,0.0
Q23-2291,A,4,7,4,4,0,0,True,0.0
Q23-2302,A,0,0,0,0,0,0,True,0.0
Q22-2034,A,0,0,0,0,0,0,True,0.0
Q22-2047,A,1,1,1,1,0,0,True,0.0
Q22-2085,C,0,0,0,0,0,0,True,0.0
Q22-2111,A,0,0,0,0,0,0,True,0.0
Q22-2144,C,0,0,0,0,0,0,True,0.0
Q22-2156,C,4,4,4,4,0,0,True,0.0
Q22-2165,B,0,0,0,0,0,0,True,0.0
Q22-2203,A,3,3,3,3,0,0,True,0.0
Q22-2218,C,1,1,1,1,0,0,True,0.0
Q23-2277,A,2,2,2,2,0,0,True,0.0
Q23-2299,C,0,0,0,0,0,0,True,0.0
Q23-2316,A,0,0,0,0,0,0,True,0.0
Q23-2317,A,0,0,0,0,0,0,True,0.0
Q23-2319,A,0,0,0,0,0,0,True,0.0
Q23-2325,C,0,0,0,0,0,0,True,0.0
Q22-2112,A,0,0,0,0,0,0,True,0.0
Q22-2125,A,0,0,0,0,0,0,True,0.0
Q22-2130,A,0,0,0,0,0,0,True,0.0
Q22-2142,B,1,1,1,1,0,0,True,0.0
Q22-2198,A,1,1,1,1,0,0,True,0.0
Q22-2223,A,0,0,0,0,0,0,True,0.0
Q22-2255,A,1,1,1,1,0,0,True,0.0
Q22-2270,A,8,8,8,8,0,0,True,0.0
Q23-2290,A,0,0,0,0,0,0,True,0.0
Q23-2301,C,11,11,11,11,0,0,True,0.0
Q22-2079,C,0,0,0,0,0,0,True,0.0
Q22-2105,A,2,2,2,2,0,0,True,0.0
Q22-2140,A,6,7,6,6,0,0,True,0.0
Q22-2201,A,1,1,1,1,0,0,True,0.0
Q22-2202,C,8,8,8,8,0,0,True,0.0
Q22-2220,A,0,0,0,0,0,0,True,0.0
Q22-2238,A,1,1,1,1,0,0,True,0.0
Q22-2241,A,6,6,6,6,0,0,True,0.0
Q22-2262,A,0,0,0,0,0,0,True,0.0
Q23-2276,B,0,0,0,0,0,0,True,0.0
Q23-2304,A,0,0,0,0,0,0,True,0.0
Q23-2315,A,0,0,0,0,0,0,True,0.0
Q22-2133,C,0,0,0,0,0,0,True,0.0
Q22-2148,C,1,2,1,1,0,0,True,0.0
Q22-2209,B,0,0,0,0,0,0,True,0.0
Q22-2222,A,3,4,3,3,0,0,True,0.0
Q22-2248,A,8,8,8,8,0,0,True,0.0
Q23-2281,C,0,0,0,0,0,0,True,0.0
Q23-2336,A,0,0,0,0,0,0,True,0.0
Q22-2136,A,3,3,3,3,0,0,True,0.0
Q22-2152,C,2,2,2,2,0,0,True,0.0
Q22-2159,C,3,6,3,3,0,0,True,0.0
Q22-2177,A,8,9,8,8,0,0,True,0.0
Q22-2181,C,0,0,0,0,0,0,True,0.0
Q22-2188,C,2,2,2,2,0,0,True,0.0
Q22-2207,A,14,14,14,14,0,0,True,0.0
Q22-2225,A,8,8,8,8,0,0,True,0.0
Q22-2226,A,0,0,0,0,0,0,True,0.0
Q22-2233,C,0,0,0,0,0,0,True,0.0
Q22-2245,C,0,0,0,0,0,0,True,0.0
Q22-2256,C,0,0,0,0,0,0,True,0.0
Q23-2272,B,0,0,0,0,0,0,True,0.0
Q23-2298,A,0,0,0,0,0,0,True,0.0
Q23-2313,A,0,0,0,0,0,0,True,0.0
Q23-2331,C,14,14,14,14,0,0,True,0.0
Q23-2350,B,0,0,0,0,0,0,True,0.0
Q22-2149,C,0,0,0,0,0,0,True,0.0
Q22-2169,C,0,0,0,0,0,0,True,0.0
Q22-2170,A,0,0,0,0,0,0,True,0.0
Q22-2179,A,13,13,13,13,0,0,True,0.0
Q22-2215,A,1,1,1,1,0,0,True,0.0
Q22-2246,A,0,0,0,0,0,0,True,0.0
Q22-2250,A,0,0,0,0,0,0,True,0.0
Q22-2268,A,0,0,0,0,0,0,True,0.0
Q22-2269,A,1,1,1,1,0,0,True,0.0
Q23-2274,A,4,4,4,4,0,0,True,0.0
Q23-2282,A,9,9,9,9,0,0,True,0.0
Q23-2296,A,0,0,0,0,0,0,True,0.0
Q23-2303,C,0,0,0,0,0,0,True,0.0
Q23-2318,B,8,8,8,8,0,0,True,0.0
Q23-2335,C,0,0,0,0,0,0,True,0.0
Q23-2337,A,6,6,6,6,0,0,True,0.0
Q23-2338,C,0,0,0,0,0,0,True,0.0
Q23-2353,C,0,0,0,0,0,0,True,0.0
Q22-2195,B,15,15,15,15,0,0,True,0.0
Q22-2221,A,4,4,4,4,0,0,True,0.0
Q22-2243,A,0,0,0,0,0,0,True,0.0
Q23-2285,C,0,0,0,0,0,0,True,0.0
Q23-2332,A,0,0,0,0,0,0,True,0.0
Q23-2358,B,0,0,0,0,0,0,True,0.0
Q23-2364,B,0,0,0,0,0,0,True,0.0
Q22-2230,A,1,1,1,1,0,0,True,0.0
Q22-2251,A,0,0,0,0,0,0,True,0.0
Q22-2252,A,0,0,0,0,0,0,True,0.0
Q22-2254,A,7,7,7,7,0,0,True,0.0
Q22-2264,C,0,0,0,0,0,0,True,0.0
Q23-2320,B,0,0,0,0,0,0,True,0.0
Q23-2323,C,0,0,0,0,0,0,True,0.0
Q23-2328,C,0,0,0,0,0,0,True,0.0
Q23-2340,A,0,0,0,0,0,0,True,0.0
Q24-2374,A,19,19,19,19,0,0,True,0.0
Q22-2227,A,1,1,1,1,0,0,True,0.0
Q22-2247,A,3,3,3,3,0,0,True,0.0
Q22-2267,A,0,0,0,0,0,0,True,0.0
Q23-2305,A,25,25,25,25,0,0,True,0.0
Q23-2348,A,3,3,3,3,0,0,True,0.0
Q23-2354,C,8,8,8,8,0,0,True,0.0
Q23-2361,A,25,25,25,25,0,0,True,0.0
Q23-2362,B,7,7,7,7,0,0,True,0.0
Q24-2386,A,4,4,4,4,0,0,True,0.0
Q22-2259,C,0,0,0,0,0,0,True,0.0
Q23-2294,A,10,10,10,10,0,0,True,0.0
Q23-2300,B,1,1,1,1,0,0,True,0.0
Q23-2343,A,1,1,1,1,0,0,True,0.0
Q23-2349,C,0,0,0,0,0,0,True,0.0
Q23-2351,B,17,17,17,17,0,0,True,0.0
Q23-2357,A,9,9,9,9,0,0,True,0.0
Q24-2376,C,1,1,1,1,0,0,True,0.0
Q24-2381,A,1,1,1,1,0,0,True,0.0
Q24-2385,C,23,25,23,23,0,0,True,0.0
Q24-2398,C,3,3,3,3,0,0,True,0.0
Q24-2401,A,0,0,0,0,0,0,True,0.0
Q23-2279,C,0,0,0,0,0,0,True,0.0
Q23-2288,C,0,0,0,0,0,0,True,0.0
Q23-2339,A,7,7,7,7,0,0,True,0.0
Q23-2370,A,3,3,3,3,0,0,True,0.0
Q24-2378,C,3,3,3,3,0,0,True,0.0
Q24-2416,A,0,0,0,0,0,0,True,0.0
Q23-2283,B,2,2,2,2,0,0,True,0.0
Q23-2287,A,3,7,3,3,0,0,True,0.0
Q23-2309,A,0,0,0,0,0,0,True,0.0
Q23-2310,C,0,0,0,0,0,0,True,0.0
Q23-2312,B,1,1,1,1,0,0,True,0.0
Q23-2360,C,20,20,20,20,0,0,True,0.0
Q24-2379,A,9,9,9,9,0,0,True,0.0
Q24-2419,A,0,0,0,0,0,0,True,0.0
Q23-2314,B,0,0,0,0,0,0,True,0.0
Q23-2322,C,0,0,0,0,0,0,True,0.0
Q23-2352,B,0,0,0,0,0,0,True,0.0
Q24-2371,A,21,21,21,21,0,0,True,0.0
Q24-2372,A,25,25,25,25,0,0,True,0.0
Q24-2431,A,0,0,0,0,0,0,True,0.0
Q23-2365,A,3,6,3,3,0,0,True,0.0
Q24-2380,A,3,3,3,3,0,0,True,0.0
Q24-2392,B,2,2,2,2,0,0,True,0.0
Q24-2417,A,0,0,0,0,0,0,True,0.0
Q24-2442,A,7,7,7,7,0,0,True,0.0
Q23-2330,C,10,10,10,10,0,0,True,0.0
Q24-2387,B,25,25,25,25,0,0,True,0.0
Q24-2396,C,10,16,10,10,0,0,True,0.0
Q24-2403,A,10,10,10,10,0,0,True,0.0
Q24-2405,A,6,6,6,6,0,0,True,0.0
Q24-2443,A,22,22,22,22,0,0,True,0.0
Q24-2445,C,0,0,0,0,0,0,True,0.0
Q24-2447,A,4,4,4,4,0,0,True,0.0
Q23-2327,A,0,0,0,0,0,0,True,0.0
Q23-2342,B,2,2,2,2,0,0,True,0.0
Q24-2383,A,1,1,1,1,0,0,True,0.0
Q24-2390,C,3,3,3,3,0,0,True,0.0
Q24-2412,C,1,1,1,1,0,0,True,0.0
Q24-2425,A,23,24,23,23,0,0,True,0.0
Q24-2427,A,8,9,8,8,0,0,True,0.0
Q24-2430,C,25,25,25,25,0,0,True,0.0
Q24-2433,C,2,2,2,2,0,0,True,0.0
Q24-2438,C,10,10,10,10,0,0,True,0.0
Q24-2439,A,5,5,5,5,0,0,True,0.0
Q24-2455,C,25,25,25,25,0,0,True,0.0
Q23-2341,C,0,0,0,0,0,0,True,0.0
Q23-2344,A,0,0,0,0,0,0,True,0.0
Q23-2347,B,12,15,12,12,0,0,True,0.0
Q23-2368,A,10,10,10,10,0,0,True,0.0
Q23-2369,B,0,0,0,0,0,0,True,0.0
Q24-2375,A,0,0,0,0,0,0,True,0.0
Q24-2391,C,0,0,0,0,0,0,True,0.0
Q24-2397,A,0,0,0,0,0,0,True,0.0
Q24-2404,A,2,2,2,2,0,0,True,0.0
Q24-2444,A,7,7,7,7,0,0,True,0.0
Q24-2446,C,1,1,1,1,0,0,True,0.0
Q24-2453,A,22,22,22,22,0,0,True,0.0
Q23-2333,B,26,27,26,26,0,0,True,0.0
Q23-2363,A,1,1,1,1,0,0,True,0.0
Q24-2377,A,1,1,1,1,0,0,True,0.0
Q24-2395,A,0,0,0,0,0,0,True,0.0
Q24-2402,A,6,6,6,6,0,0,True,0.0
Q24-2420,A,2,2,2,2,0,0,True,0.0
Q24-2457,A,0,0,0,0,0,0,True,0.0
Q24-2473,A,0,0,0,0,0,0,True,0.0
Q23-2346,C,8,8,8,8,0,0,True,0.0
Q23-2355,C,0,0,0,0,0,0,True,0.0
Q24-2373,C,23,23,23,23,0,0,True,0.0
Q24-2382,C,0,0,0,0,0,0,True,0.0
Q24-2393,A,0,0,0,0,0,0,True,0.0
Q24-2440,C,6,6,6,6,0,0,True,0.0
Q24-2466,A,0,0,0,0,0,0,True,0.0
Q24-2471,C,1,1,1,1,0,0,True,0.0
Q24-2482,A,13,13,13,13,0,0,True,0.0
Q24-2484,B,3,3,3,3,0,0,True,0.0
Q24-2490,C,8,8,8,8,0,0,True,0.0
Q25-2491,A,3,3,3,3,0,0,True,0.0
Q23-2359,C,1,1,1,1,0,0,True,0.0
Q23-2367,B,1,1,1,1,0,0,True,0.0
Q24-2388,A,0,0,0,0,0,0,True,0.0
Q24-2409,C,7,7,7,7,0,0,True,0.0
Q24-2475,A,0,0,0,0,0,0,True,0.0
Q24-2476,C,0,0,0,0,0,0,True,0.0
Q24-2480,C,0,0,0,0,0,0,True,0.0
Q24-2485,C,0,0,0,0,0,0,True,0.0
