queue,url,status,bytes,last_modified,submitted
AB2-019,https://www.pjm.com/pjmfiles/pub/planning/project-queues/merch-impact-studies/ab2019_imp.pdf,ok,638121,"Wed, 05 Feb 2020 13:19:00 GMT",2016-02-03
AB2-032,https://www.pjm.com/pjmfiles/pub/planning/project-queues/impact_studies/ab2032_imp.pdf,ok,448812,"Tue, 11 Apr 2017 19:07:07 GMT",2016-02-11
AB2-041,https://www.pjm.com/pjmfiles/pub/planning/project-queues/impact_studies/ab2041_imp.pdf,ok,1310702,"Mon, 30 Apr 2018 11:55:13 GMT",2016-02-29
AB2-049,https://www.pjm.com/pjmfiles/pub/planning/project-queues/impact_studies/ab2049_imp.pdf,ok,198053,"Tue, 28 Mar 2017 14:21:52 GMT",2016-03-04
AB2-057,https://www.pjm.com/pjmfiles/pub/planning/project-queues/impact_studies/ab2057_imp.pdf,ok,67688,"Tue, 15 Nov 2016 16:18:54 GMT",2016-03-24
AB2-062,https://www.pjm.com/pjmfiles/pub/planning/project-queues/impact_studies/ab2062_imp.pdf,ok,292330,"Thu, 01 Jun 2017 19:18:25 GMT",2016-03-30
AB2-074,https://www.pjm.com/pjmfiles/pub/planning/project-queues/impact_studies/ab2074_imp.pdf,ok,177099,"Fri, 05 May 2017 13:40:01 GMT",2016-04-01
AB2-077,https://www.pjm.com/pjmfiles/pub/planning/project-queues/impact_studies/ab2077_imp.pdf,ok,365423,"Fri, 02 Jun 2017 11:43:45 GMT",2016-04-14
AB2-091,https://www.pjm.com/pjmfiles/pub/planning/project-queues/impact_studies/ab2091_imp.pdf,ok,210071,"Wed, 19 Apr 2017 18:40:30 GMT",2016-04-26
AB2-122,https://www.pjm.com/pjmfiles/pub/planning/project-queues/impact_studies/ab2122_imp.pdf,ok,191458,"Wed, 29 Mar 2017 17:54:04 GMT",2016-04-28
AB2-125,https://www.pjm.com/pjmfiles/pub/planning/project-queues/impact_studies/ab2125_imp.pdf,ok,106567,"Wed, 31 May 2017 18:41:33 GMT",2016-04-28
AB2-103,https://www.pjm.com/pjmfiles/pub/planning/project-queues/impact_studies/ab2103_imp.pdf,ok,380283,"Fri, 23 Feb 2018 19:35:03 GMT",2016-04-28
AB2-171,https://www.pjm.com/pjmfiles/pub/planning/project-queues/impact_studies/ab2171_imp.pdf,ok,470755,"Wed, 28 Jun 2017 18:13:19 GMT",2016-04-29
AB2-158,https://www.pjm.com/pjmfiles/pub/planning/project-queues/impact_studies/ab2158_imp.pdf,ok,378944,"Wed, 24 May 2017 14:12:14 GMT",2016-04-29
AB2-177,https://www.pjm.com/pjmfiles/pub/planning/project-queues/impact_studies/ab2177_imp.pdf,ok,256570,"Thu, 04 May 2017 17:29:59 GMT",2016-04-29
AB2-147,https://www.pjm.com/pjmfiles/pub/planning/project-queues/impact_studies/ab2147_imp.pdf,ok,393822,"Fri, 09 Jun 2017 16:55:30 GMT",2016-04-29
AB2-140,https://www.pjm.com/pjmfiles/pub/planning/project-queues/impact_studies/ab2140_imp.pdf,ok,395912,"Thu, 01 Jun 2017 13:32:14 GMT",2016-04-29
AB2-136,https://www.pjm.com/pjmfiles/pub/planning/project-queues/impact_studies/ab2136_imp.pdf,ok,880718,"Sat, 20 Feb 2021 17:23:06 GMT",2016-04-30
AC1-003,https://www.pjm.com/pjmfiles/pub/planning/project-queues/impact_studies/ac1003_imp.pdf,ok,916201,"Fri, 06 Apr 2018 17:29:33 GMT",2016-05-09
AC1-014,https://www.pjm.com/pjmfiles/pub/planning/project-queues/impact_studies/ac1014_imp.pdf,ok,231449,"Fri, 21 Apr 2017 12:18:42 GMT",2016-07-08
AC1-021,https://www.pjm.com/pjmfiles/pub/planning/project-queues/impact_studies/ac1021_imp.pdf,ok,655972,"Thu, 15 Feb 2018 14:09:51 GMT",2016-07-14
AC1-033,https://www.pjm.com/pjmfiles/pub/planning/project-queues/impact_studies/ac1033_imp.pdf,ok,842674,"Tue, 22 Jun 2021 21:24:00 GMT",2016-08-14
AC1-051,https://www.pjm.com/pjmfiles/pub/planning/project-queues/impact_studies/ac1051_imp.pdf,ok,865057,"Wed, 14 Mar 2018 12:00:23 GMT",2016-08-31
AC1-043,https://www.pjm.com/pjmfiles/pub/planning/project-queues/impact_studies/ac1043_imp.pdf,ok,352572,"Wed, 22 Nov 2017 15:24:43 GMT",2016-08-31
AC1-055,https://www.pjm.com/pjmfiles/pub/planning/project-queues/impact_studies/ac1055_imp.pdf,ok,430987,"Mon, 13 Nov 2017 20:54:23 GMT",2016-09-10
AC1-062,https://www.pjm.com/pjmfiles/pub/planning/project-queues/impact_studies/ac1062_imp.pdf,ok,178271,"Mon, 08 May 2017 17:49:31 GMT",2016-09-20
AC1-068,https://www.pjm.com/pjmfiles/pub/planning/project-queues/impact_studies/ac1068_imp.pdf,ok,495665,"Tue, 16 Oct 2018 11:30:07 GMT",2016-09-28
AC1-074,https://www.pjm.com/pjmfiles/pub/planning/project-queues/impact_studies/ac1074_imp.pdf,ok,776660,"Mon, 16 Nov 2020 14:43:35 GMT",2016-09-30
AC1-087,https://www.pjm.com/pjmfiles/pub/planning/project-queues/impact_studies/ac1087_imp.pdf,ok,411297,"Thu, 05 Oct 2017 11:59:29 GMT",2016-10-11
AC1-094,https://www.pjm.com/pjmfiles/pub/planning/project-queues/impact_studies/ac1094_imp.pdf,ok,959596,"Tue, 24 Dec 2019 14:43:01 GMT",2016-10-20
AC1-104,https://www.pjm.com/pjmfiles/pub/planning/project-queues/impact_studies/ac1104_imp.pdf,ok,465005,"Thu, 28 Sep 2017 19:11:32 GMT",2016-10-25
AC1-109,https://www.pjm.com/pjmfiles/pub/planning/project-queues/impact_studies/ac1109_imp.pdf,ok,264695,"Thu, 13 Aug 2020 19:04:53 GMT",2016-10-26
AC1-132 4841993,https://www.pjm.com/pjmfiles/pub/planning/project-queues/ltf-phase-2/4841993_ltf2.pdf,ok,275997,"Wed, 01 Nov 2017 13:18:56 GMT",2016-10-27
AC1-118,https://www.pjm.com/pjmfiles/pub/planning/project-queues/impact_studies/ac1118_imp.pdf,ok,132433,"Mon, 24 Apr 2017 14:43:07 GMT",2016-10-27
AC1-141,https://www.pjm.com/pjmfiles/pub/planning/project-queues/impact_studies/ac1141_imp.pdf,ok,139327,"Fri, 03 May 2019 14:22:25 GMT",2016-10-28
AC1-207,https://www.pjm.com/pjmfiles/pub/planning/project-queues/impact_studies/ac1207_imp.pdf,ok,306576,"Fri, 24 Mar 2017 14:42:05 GMT",2016-10-31
AC1-201,https://www.pjm.com/pjmfiles/pub/planning/project-queues/impact_studies/ac1201_imp.pdf,ok,61611,"Fri, 24 Mar 2017 18:34:39 GMT",2016-10-31
AC1-211,https://www.pjm.com/pjmfiles/pub/planning/project-queues/impact_studies/ac1211_imp.pdf,ok,325888,"Thu, 05 Oct 2017 12:13:31 GMT",2016-10-31
AC1-220,https://www.pjm.com/pjmfiles/pub/planning/project-queues/impact_studies/ac1220_imp.pdf,ok,891592,"Fri, 08 Dec 2017 12:24:37 GMT",2016-10-31
AC1-210,https://www.pjm.com/pjmfiles/pub/planning/project-queues/impact_studies/ac1210_imp.pdf,ok,879216,"Thu, 30 May 2019 17:17:27 GMT",2016-10-31
AC1-163,https://www.pjm.com/pjmfiles/pub/planning/project-queues/impact_studies/ac1163_imp.pdf,ok,483209,"Tue, 12 Dec 2017 14:09:52 GMT",2016-10-31
AC1-170,https://www.pjm.com/pjmfiles/pub/planning/project-queues/impact_studies/ac1170_imp.pdf,ok,157970,"Thu, 02 Mar 2017 14:58:27 GMT",2016-10-31
AC1-177,https://www.pjm.com/pjmfiles/pub/planning/project-queues/impact_studies/ac1177_imp.pdf,ok,195407,"Wed, 13 Dec 2017 12:38:56 GMT",2016-10-31
AC1-154,https://www.pjm.com/pjmfiles/pub/planning/project-queues/impact_studies/ac1154_imp.pdf,ok,225059,"Wed, 01 Nov 2017 15:30:42 GMT",2016-10-31
AC1-161,https://www.pjm.com/pjmfiles/pub/planning/project-queues/impact_studies/ac1161_imp.pdf,ok,724190,"Tue, 16 Jun 2020 20:32:28 GMT",2016-11-02
AC2-016,https://www.pjm.com/pjmfiles/pub/planning/project-queues/impact_studies/ac2016_imp.pdf,ok,740414,"Fri, 26 Jul 2019 15:58:16 GMT",2017-01-03
AC2-029,https://www.pjm.com/pjmfiles/pub/planning/project-queues/impact_studies/ac2029_imp.pdf,ok,563651,"Mon, 01 Aug 2022 18:20:46 GMT",2017-02-02
AC2-045,https://www.pjm.com/pjmfiles/pub/planning/project-queues/impact_studies/ac2045_imp.pdf,ok,531304,"Tue, 13 Mar 2018 17:12:19 GMT",2017-02-07
AC2-060,https://www.pjm.com/pjmfiles/pub/planning/project-queues/impact_studies/ac2060_imp.pdf,ok,694351,"Wed, 11 Dec 2019 20:45:23 GMT",2017-02-18
AC2-068,https://www.pjm.com/pjmfiles/pub/planning/project-queues/impact_studies/ac2068_imp.pdf,ok,344284,"Thu, 22 Feb 2018 20:12:43 GMT",2017-02-27
AC2-080,https://www.pjm.com/pjmfiles/pub/planning/project-queues/impact_studies/ac2080_imp.pdf,ok,954947,"Tue, 17 Jul 2018 16:51:33 GMT",2017-02-28
AC2-092,https://www.pjm.com/pjmfiles/pub/planning/project-queues/impact_studies/ac2092_imp.pdf,ok,688891,"Thu, 24 Feb 2022 13:05:26 GMT",2017-03-01
AC2-103,https://www.pjm.com/pjmfiles/pub/planning/project-queues/impact_studies/ac2103_imp.pdf,ok,692293,"Fri, 08 May 2020 17:15:54 GMT",2017-03-10
AC2-113,https://www.pjm.com/pjmfiles/pub/planning/project-queues/impact_studies/ac2113_imp.pdf,ok,147212,"Tue, 24 Oct 2017 12:55:22 GMT",2017-03-17
AC2-133,https://www.pjm.com/pjmfiles/pub/planning/project-queues/impact_studies/ac2133_imp.pdf,ok,307098,"Tue, 15 May 2018 13:39:32 GMT",2017-03-24
AC2-124,https://www.pjm.com/pjmfiles/pub/planning/project-queues/impact_studies/ac2124_imp.pdf,ok,693156,"Wed, 22 Aug 2018 12:33:06 GMT",2017-03-24
AC2-137,https://www.pjm.com/pjmfiles/pub/planning/project-queues/impact_studies/ac2137_imp.pdf,ok,146738,"Wed, 01 Nov 2017 13:55:10 GMT",2017-03-27
AC2-162,https://www.pjm.com/pjmfiles/pub/planning/project-queues/impact_studies/ac2162_imp.pdf,ok,148409,"Thu, 26 Oct 2017 19:13:08 GMT",2017-03-29
AC2-141,https://www.pjm.com/pjmfiles/pub/planning/project-queues/impact_studies/ac2141_imp.pdf,ok,454912,"Fri, 02 Jul 2021 17:24:00 GMT",2017-03-30
AC2-175,https://www.pjm.com/pjmfiles/pub/planning/project-queues/impact_studies/ac2175_imp.pdf,ok,368946,"Thu, 24 Aug 2017 15:09:14 GMT",2017-03-31
AC2-186,https://www.pjm.com/pjmfiles/pub/planning/project-queues/impact_studies/ac2186_imp.pdf,ok,853390,"Sun, 27 Sep 2020 20:45:29 GMT",2017-04-01
AD1-004,https://www.pjm.com/pjmfiles/pub/planning/project-queues/impact_studies/ad1004_imp.pdf,ok,74708,"Wed, 31 Jan 2018 13:13:53 GMT",2017-04-03
AD1-011,https://www.pjm.com/pjmfiles/pub/planning/project-queues/impact_studies/ad1011_imp.pdf,ok,72890,"Wed, 31 Jan 2018 13:52:30 GMT",2017-04-03
AD1-020,https://www.pjm.com/pjmfiles/pub/planning/project-queues/impact_studies/ad1020_imp.pdf,ok,216979,"Wed, 12 Dec 2018 12:24:05 GMT",2017-06-09
AD1-031,https://www.pjm.com/pub/planning/project-queues/impact_studies/ad1031_imp.pdf,ok,529251,"Fri, 24 Sep 2021 12:37:37 GMT",2017-07-24
AD1-046,https://www.pjm.com/pjmfiles/pub/planning/project-queues/impact_studies/ad1046_imp.pdf,ok,82194,"Fri, 09 Nov 2018 12:36:00 GMT",2017-07-31
AD1-053,https://www.pjm.com/pjmfiles/pub/planning/project-queues/impact_studies/ad1053_imp.pdf,ok,68776,"Wed, 31 Jan 2018 13:58:30 GMT",2017-08-11
AD1-060,https://www.pjm.com/pjmfiles/pub/planning/project-queues/impact_studies/ad1060_imp.pdf,ok,418809,"Tue, 01 May 2018 12:41:38 GMT",2017-08-18
AD1-069,https://www.pjm.com/pjmfiles/pub/planning/project-queues/impact_studies/ad1069_imp.pdf,ok,568173,"Mon, 08 Oct 2018 18:52:57 GMT",2017-08-31
AD1-074,https://www.pjm.com/pjmfiles/pub/planning/project-queues/impact_studies/ad1074_imp.pdf,ok,970945,"Wed, 25 Jan 2023 22:14:00 GMT",2017-09-01
AD1-085,https://www.pjm.com/pjmfiles/pub/planning/project-queues/impact_studies/ad1085_imp.pdf,ok,612817,"Wed, 12 Sep 2018 12:03:54 GMT",2017-09-15
AD1-097,https://www.pjm.com/pjmfiles/pub/planning/project-queues/impact_studies/ad1097_imp.pdf,ok,897293,"Wed, 21 Oct 2020 20:27:46 GMT",2017-09-20
AD1-100,https://www.pjm.com/pub/planning/project-queues/impact_studies/ad1100_imp.pdf,ok,712792,"Fri, 27 May 2022 13:53:00 GMT",2017-09-22
AD1-113,https://www.pjm.com/pjmfiles/pub/planning/project-queues/impact_studies/ad1113_imp.pdf,ok,696842,"Wed, 11 Sep 2019 14:56:49 GMT",2017-09-25
AD1-119,https://www.pjm.com/pjmfiles/pub/planning/project-queues/impact_studies/ad1119_imp.pdf,ok,703409,"Wed, 30 Dec 2020 19:01:48 GMT",2017-09-28
AD1-141,https://www.pjm.com/pjmfiles/pub/planning/project-queues/impact_studies/ad1141_imp.pdf,ok,1044389,"Wed, 18 Dec 2019 20:52:28 GMT",2017-09-29
AD1-156,https://www.pjm.com/pjmfiles/pub/planning/project-queues/impact_studies/ad1156_imp.pdf,ok,144780,"Mon, 30 Apr 2018 11:47:03 GMT",2017-09-30
AD1-131,https://www.pjm.com/pjmfiles/pub/planning/project-queues/impact_studies/ad1131_imp.pdf,ok,351339,"Mon, 03 Dec 2018 12:25:53 GMT",2017-09-30
AD2-001,https://www.pjm.com/pjmfiles/pub/planning/project-queues/impact_studies/ad2001_imp.pdf,ok,653785,"Wed, 18 Dec 2019 20:41:05 GMT",2017-10-02
AD2-018,https://www.pjm.com/pjmfiles/pub/planning/project-queues/arr-impact-studies/ad2018_arr-imp.pdf,ok,78470,"Fri, 16 Mar 2018 14:31:28 GMT",2017-11-14
AD2-025,https://www.pjm.com/pjmfiles/pub/planning/project-queues/impact_studies/ad2025_imp.pdf,ok,432792,"Wed, 23 Oct 2019 17:07:51 GMT",2017-12-05
AD2-035,https://www.pjm.com/pjmfiles/pub/planning/project-queues/impact_studies/ad2035_imp.pdf,ok,517239,"Mon, 24 Jun 2019 15:07:10 GMT",2018-01-12
AD2-045,https://www.pjm.com/pjmfiles/pub/planning/project-queues/impact_studies/ad2045_imp.pdf,ok,415248,"Fri, 01 Mar 2019 17:36:44 GMT",2018-01-29
AD2-055,https://www.pjm.com/pjmfiles/pub/planning/project-queues/impact_studies/ad2055_imp.pdf,ok,440178,"Wed, 21 Apr 2021 11:53:51 GMT",2018-02-09
AD2-064,https://www.pjm.com/pjmfiles/pub/planning/project-queues/impact_studies/ad2064_imp.pdf,ok,369727,"Thu, 28 Feb 2019 15:07:24 GMT",2018-02-27
AD2-073,https://www.pjm.com/pjmfiles/pub/planning/project-queues/impact_studies/ad2073_imp.pdf,ok,70621,"Tue, 26 Mar 2019 12:26:32 GMT",2018-03-14
AD2-079,https://www.pjm.com/pjmfiles/pub/planning/project-queues/impact_studies/ad2079_imp.pdf,ok,735161,"Mon, 02 Dec 2019 20:17:12 GMT",2018-03-19
AD2-090,https://www.pjm.com/pjmfiles/pub/planning/project-queues/impact_studies/ad2090_imp.pdf,ok,873844,"Tue, 31 Dec 2019 13:16:27 GMT",2018-03-20
AD2-098 4934836,https://www.pjm.com/pjmfiles/pub/planning/project-queues/ltf-phase-2/4934836_ltf2.pdf,ok,18674,"Thu, 07 Mar 2019 14:31:40 GMT",2018-03-21
AD2-108,https://www.pjm.com/pjmfiles/pub/planning/project-queues/impact_studies/ad2108_imp.pdf,ok,254693,"Fri, 28 Jun 2019 14:04:18 GMT",2018-03-22
AD2-102,https://www.pjm.com/pjmfiles/pub/planning/project-queues/impact_studies/ad2102_imp.pdf,ok,733127,"Tue, 07 Jun 2022 15:26:00 GMT",2018-03-22
AD2-138,https://www.pjm.com/pjmfiles/pub/planning/project-queues/impact_studies/ad2138_imp.pdf,ok,1138101,"Tue, 31 Dec 2019 13:07:40 GMT",2018-03-23
AD2-133,https://www.pjm.com/pjmfiles/pub/planning/project-queues/impact_studies/ad2133_imp.pdf,ok,1641182,"Wed, 09 Dec 2020 19:48:31 GMT",2018-03-25
AD2-166,https://www.pjm.com/pjmfiles/pub/planning/project-queues/impact_studies/ad2166_imp.pdf,ok,508278,"Fri, 28 Jun 2019 14:27:41 GMT",2018-03-27
AD2-172,https://www.pjm.com/pjmfiles/pub/planning/project-queues/impact_studies/ad2172_imp.pdf,ok,1688631,"Fri, 19 Jun 2020 19:06:30 GMT",2018-03-29
AD2-214,https://www.pjm.com/pub/planning/project-queues/impact_studies/ad2214_imp.pdf,ok,1430012,"Thu, 02 Mar 2023 23:40:00 GMT",2018-03-30
AE1-001,https://www.pjm.com/pjmfiles/pub/planning/project-queues/impact_studies/ae1001_imp.pdf,ok,693849,"Tue, 11 Oct 2022 16:39:58 GMT",2018-04-02
AE1-013,https://www.pjm.com/pjmfiles/pub/planning/project-queues/impact_studies/ae1013_imp.pdf,ok,408290,"Thu, 29 Aug 2019 16:14:49 GMT",2018-05-03
AE1-025,https://www.pjm.com/pjmfiles/pub/planning/project-queues/impact_studies/ae1025_imp.pdf,ok,1923645,"Tue, 16 Jun 2020 20:06:43 GMT",2018-05-25
AE1-038,https://www.pjm.com/pjmfiles/pub/planning/project-queues/impact_studies/ae1038_imp.pdf,ok,550870,"Mon, 26 Aug 2019 11:44:54 GMT",2018-06-22
AE1-051,https://www.pjm.com/pjmfiles/pub/planning/project-queues/impact_studies/ae1051_imp.pdf,ok,700448,"Thu, 29 Aug 2019 11:21:03 GMT",2018-07-20
AE1-059,https://www.pjm.com/pjmfiles/pub/planning/project-queues/impact_studies/ae1059_imp.pdf,ok,917135,"Thu, 29 Aug 2019 12:22:38 GMT",2018-07-27
AE1-064,https://www.pjm.com/pjmfiles/pub/planning/project-queues/impact_studies/ae1064_imp.pdf,ok,344527,"Thu, 07 Jan 2021 20:06:30 GMT",2018-07-31
AE1-079,https://www.pjm.com/pjmfiles/pub/planning/project-queues/impact_studies/ae1079_imp.pdf,ok,767482,"Tue, 27 Aug 2019 18:43:40 GMT",2018-08-11
AE1-098,https://www.pjm.com/pjmfiles/pub/planning/project-queues/impact_studies/ae1098_imp.pdf,ok,137623,"Wed, 20 Feb 2019 19:11:46 GMT",2018-08-31
AE1-086,https://www.pjm.com/pjmfiles/pub/planning/project-queues/impact_studies/ae1086_imp.pdf,http_404,103,,2018-08-31
AE1-100,https://www.pjm.com/pjmfiles/pub/planning/project-queues/impact_studies/ae1100_imp.pdf,ok,768133,"Fri, 22 Nov 2019 17:29:15 GMT",2018-09-03
AE1-106,https://www.pjm.com/pjmfiles/pub/planning/project-queues/impact_studies/ae1106_imp.pdf,ok,898577,"Mon, 10 Jan 2022 13:06:40 GMT",2018-09-11
AE1-113,https://www.pjm.com/pub/planning/project-queues/impact_studies/ae1113_imp.pdf,ok,1929745,"Thu, 17 Dec 2020 15:40:16 GMT",2018-09-14
AE1-252,https://www.pjm.com/pjmfiles/pub/planning/project-queues/impact_studies/ae1252_imp.pdf,ok,1480745,"Thu, 23 Dec 2021 18:45:37 GMT",2018-09-18
AE1-123,https://www.pjm.com/pjmfiles/pub/planning/project-queues/impact_studies/ae1123_imp.pdf,ok,897991,"Fri, 30 Aug 2019 17:41:17 GMT",2018-09-20
AE1-157,https://www.pjm.com/pjmfiles/pub/planning/project-queues/impact_studies/ae1157_imp.pdf,ok,933478,"Fri, 14 Jan 2022 18:17:50 GMT",2018-09-24
AE1-147,https://www.pjm.com/pjmfiles/pub/planning/project-queues/impact_studies/ae1147_imp.pdf,ok,781791,"Tue, 27 Aug 2019 15:10:31 GMT",2018-09-24
AE1-179,https://www.pjm.com/pjmfiles/pub/planning/project-queues/impact_studies/ae1179_imp.pdf,ok,421646,"Wed, 16 Nov 2022 16:13:40 GMT",2018-09-25
AE1-168,https://www.pjm.com/pjmfiles/pub/planning/project-queues/impact_studies/ae1168_imp.pdf,ok,1227785,"Thu, 31 Oct 2019 15:05:12 GMT",2018-09-25
AE1-160,https://www.pjm.com/pjmfiles/pub/planning/project-queues/impact_studies/ae1160_imp.pdf,ok,967087,"Wed, 08 Jan 2020 18:09:18 GMT",2018-09-25
AE1-187,https://www.pjm.com/pjmfiles/pub/planning/project-queues/impact_studies/ae1187_imp.pdf,ok,727637,"Thu, 29 Aug 2019 12:18:21 GMT",2018-09-26
AE1-198,https://www.pjm.com/pjmfiles/pub/planning/project-queues/impact_studies/ae1198_imp.pdf,ok,1167369,"Thu, 16 Dec 2021 16:38:37 GMT",2018-09-26
AE1-207,https://www.pjm.com/pub/planning/project-queues/impact_studies/ae1207_imp.pdf,ok,812691,"Fri, 15 Jan 2021 12:37:32 GMT",2018-09-27
AE1-191,https://www.pjm.com/pjmfiles/pub/planning/project-queues/impact_studies/ae1191_imp.pdf,ok,1102843,"Thu, 10 Mar 2022 13:03:55 GMT",2018-09-28
AE1-218,https://www.pjm.com/pjmfiles/pub/planning/project-queues/impact_studies/ae1218_imp.pdf,ok,471851,"Fri, 23 Aug 2019 18:51:25 GMT",2018-09-28
AE1-225,https://www.pjm.com/pjmfiles/pub/planning/project-queues/impact_studies/ae1225_imp.pdf,ok,858946,"Tue, 27 Aug 2019 11:40:31 GMT",2018-09-29
AE2-009,https://www.pjm.com/pjmfiles/pub/planning/project-queues/arr-impact-studies/ae2009_arr-imp.pdf,ok,626322,"Wed, 26 Feb 2020 14:13:35 GMT",2018-10-17
AE2-025,https://www.pjm.com/pub/planning/project-queues/impact_studies/ae2025_imp.pdf,ok,766823,"Tue, 08 Mar 2022 21:14:02 GMT",2018-12-14
AE2-029,https://www.pjm.com/pjmfiles/pub/planning/project-queues/impact_studies/ae2029_imp.pdf,ok,285932,"Wed, 06 Oct 2021 19:51:00 GMT",2018-12-29
AE2-040,https://www.pjm.com/pjmfiles/pub/planning/project-queues/impact_studies/ae2040_imp.pdf,ok,960586,"Mon, 27 Dec 2021 17:24:54 GMT",2019-01-23
AE2-082,https://www.pjm.com/pjmfiles/pub/planning/project-queues/impact_studies/ae2082_imp.pdf,ok,931045,"Wed, 26 Feb 2020 01:52:20 GMT",2019-01-31
AE2-047,https://www.pjm.com/pub/planning/project-queues/impact_studies/ae2047_imp.pdf,ok,808653,"Wed, 26 Feb 2020 16:23:43 GMT",2019-01-31
AE2-062,https://www.pjm.com/pjmfiles/pub/planning/project-queues/impact_studies/ae2062_imp.pdf,ok,139359,"Tue, 20 Oct 2020 17:59:44 GMT",2019-02-05
AE2-073,https://www.pjm.com/pub/planning/project-queues/impact_studies/ae2073_imp.pdf,ok,1083764,"Fri, 28 Feb 2020 14:56:40 GMT",2019-02-15
AE2-148,https://www.pjm.com/pjmfiles/pub/planning/project-queues/impact_studies/ae2148_imp.pdf,ok,918727,"Fri, 28 Feb 2020 17:23:01 GMT",2019-02-22
AE2-130 - moved to TC1,https://www.pjm.com/pjmfiles/pub/planning/project-queues/impact_studies/ae2130_imp.pdf,ok,1045091,"Fri, 23 Sep 2022 16:41:00 GMT",2019-02-28
AE2-097,https://www.pjm.com/pjmfiles/pub/planning/project-queues/impact_studies/ae2097_imp.pdf,ok,617185,"Mon, 22 Jul 2019 18:12:44 GMT",2019-02-28
AE2-132,https://www.pjm.com/pjmfiles/pub/planning/project-queues/impact_studies/ae2132_imp.pdf,ok,659244,"Wed, 31 Jul 2019 12:24:27 GMT",2019-03-01
AE2-115,https://www.pjm.com/pjmfiles/pub/planning/project-queues/impact_studies/ae2115_imp.pdf,ok,648544,"Mon, 29 Jul 2019 18:00:54 GMT",2019-03-01
AE2-133,https://www.pjm.com/pjmfiles/pub/planning/project-queues/impact_studies/ae2133_imp.pdf,ok,870605,"Tue, 25 Feb 2020 14:09:29 GMT",2019-03-06
AE2-144,https://www.pjm.com/pjmfiles/pub/planning/project-queues/impact_studies/ae2144_imp.pdf,ok,706918,"Tue, 23 Jul 2019 12:54:29 GMT",2019-03-11
AE2-151,https://www.pjm.com/pjmfiles/pub/planning/project-queues/impact_studies/ae2151_imp.pdf,ok,801305,"Tue, 25 Feb 2020 14:50:43 GMT",2019-03-14
AE2-160,https://www.pjm.com/pub/planning/project-queues/impact_studies/ae2160_imp.pdf,ok,890414,"Tue, 25 Feb 2020 17:53:50 GMT",2019-03-15
AE2-172,https://www.pjm.com/pub/planning/project-queues/impact_studies/ae2172_imp.pdf,ok,886371,"Tue, 30 Jun 2020 15:05:00 GMT",2019-03-16
AE2-188,https://www.pjm.com/pjmfiles/pub/planning/project-queues/impact_studies/ae2188_imp.pdf,ok,889876,"Wed, 26 Feb 2020 13:48:27 GMT",2019-03-18
AE2-187 - moved to TC1,https://www.pjm.com/pjmfiles/pub/planning/project-queues/impact_studies/ae2187_imp.pdf,ok,583384,"Thu, 21 Jul 2022 19:24:00 GMT",2019-03-18
AE2-174,https://www.pjm.com/pjmfiles/pub/planning/project-queues/impact_studies/ae2174_imp.pdf,ok,528260,"Mon, 15 Aug 2022 21:59:57 GMT",2019-03-19
AE2-208,https://www.pjm.com/pjmfiles/pub/planning/project-queues/impact_studies/ae2208_imp.pdf,ok,909481,"Wed, 26 Feb 2020 20:58:52 GMT",2019-03-20
AE2-219,https://www.pjm.com/pub/planning/project-queues/impact_studies/ae2219_imp.pdf,ok,336101,"Tue, 23 Aug 2022 16:07:44 GMT",2019-03-21
AE2-234,https://www.pjm.com/pub/planning/project-queues/impact_studies/ae2234_imp.pdf,ok,863849,"Fri, 28 Feb 2020 14:19:09 GMT",2019-03-22
AE2-222,https://www.pjm.com/pjmfiles/pub/planning/project-queues/impact_studies/ae2222_imp.pdf,ok,671140,"Wed, 13 Apr 2022 12:20:12 GMT",2019-03-22
AE2-230,https://www.pjm.com/pjmfiles/pub/planning/project-queues/impact_studies/ae2230_imp.pdf,ok,944512,"Wed, 26 Feb 2020 21:44:37 GMT",2019-03-24
AE2-255,https://www.pjm.com/pub/planning/project-queues/impact_studies/ae2255_imp.pdf,ok,1235386,"Fri, 28 Feb 2020 18:47:17 GMT",2019-03-26
AE2-258,https://www.pjm.com/pjmfiles/pub/planning/project-queues/impact_studies/ae2258_imp.pdf,ok,533663,"Wed, 26 Jan 2022 16:56:39 GMT",2019-03-27
AE2-272,https://www.pjm.com/pjmfiles/pub/planning/project-queues/impact_studies/ae2272_imp.pdf,ok,335937,"Wed, 31 Jul 2019 12:05:51 GMT",2019-03-28
AE2-315,https://www.pjm.com/pjmfiles/pub/planning/project-queues/impact_studies/ae2315_imp.pdf,ok,818822,"Mon, 06 Dec 2021 12:38:11 GMT",2019-03-29
AE2-301,https://www.pjm.com/pjmfiles/pub/planning/project-queues/impact_studies/ae2301_imp.pdf,ok,802411,"Thu, 27 Feb 2020 20:38:40 GMT",2019-03-29
AE2-288,https://www.pjm.com/pjmfiles/pub/planning/project-queues/impact_studies/ae2288_imp.pdf,ok,757000,"Mon, 24 Feb 2020 13:20:47 GMT",2019-03-29
AE2-326,https://www.pjm.com/pub/planning/project-queues/impact_studies/ae2326_imp.pdf,ok,952074,"Wed, 17 Jun 2020 15:06:38 GMT",2019-03-30
AE2-317,https://www.pjm.com/pjmfiles/pub/planning/project-queues/impact_studies/ae2317_imp.pdf,ok,922188,"Fri, 28 Feb 2020 15:52:25 GMT",2019-03-30
AE2-282,https://www.pjm.com/pjmfiles/pub/planning/project-queues/impact_studies/ae2282_imp.pdf,ok,1251102,"Mon, 28 Feb 2022 16:37:53 GMT",2019-03-31
AE2-343,https://www.pjm.com/pjmfiles/pub/planning/project-queues/impact_studies/ae2343_imp.pdf,ok,826975,"Thu, 27 Feb 2020 17:54:06 GMT",2019-04-01
AF1-007,https://www.pjm.com/pjmfiles/pub/planning/project-queues/impact_studies/af1007_imp.pdf,ok,905811,"Fri, 28 Aug 2020 19:03:01 GMT",2019-04-01
AF1-016,https://www.pjm.com/pjmfiles/pub/planning/project-queues/impact_studies/af1016_imp.pdf,ok,691777,"Tue, 14 Jan 2020 20:30:47 GMT",2019-04-03
AF1-023,https://www.pjm.com/pjmfiles/pub/planning/project-queues/impact_studies/af1023_imp.pdf,ok,749582,"Tue, 21 Jan 2020 18:05:42 GMT",2019-04-18
AF1-030 - moved to TC1,https://www.pjm.com/pjmfiles/pub/planning/project-queues/impact_studies/af1030_imp.pdf,ok,1056057,"Fri, 21 Aug 2020 18:21:02 GMT",2019-05-17
AF1-040,https://www.pjm.com/pjmfiles/pub/planning/project-queues/impact_studies/af1040_imp.pdf,ok,878382,"Thu, 20 Aug 2020 14:50:43 GMT",2019-06-15
AF1-049,https://www.pjm.com/pub/planning/project-queues/impact_studies/af1049_imp.pdf,ok,866820,"Mon, 31 Aug 2020 16:30:56 GMT",2019-07-12
AF1-053,https://www.pjm.com/pub/planning/project-queues/impact_studies/af1053_imp.pdf,ok,635014,"Mon, 31 Aug 2020 12:29:25 GMT",2019-07-31
AF1-064,https://www.pjm.com/pub/planning/project-queues/impact_studies/af1064_imp.pdf,ok,813502,"Thu, 27 Aug 2020 13:04:27 GMT",2019-07-31
AF1-072,https://www.pjm.com/pjmfiles/pub/planning/project-queues/impact_studies/af1072_imp.pdf,ok,756167,"Wed, 19 Aug 2020 17:02:57 GMT",2019-08-14
AF1-082,https://www.pjm.com/pjmfiles/pub/planning/project-queues/impact_studies/af1082_imp.pdf,ok,894413,"Thu, 27 Aug 2020 17:38:32 GMT",2019-08-29
AF1-096,https://www.pjm.com/pjmfiles/pub/planning/project-queues/impact_studies/af1096_imp.pdf,ok,279430,"Fri, 28 Oct 2022 15:18:17 GMT",2019-08-30
AF1-083,https://www.pjm.com/pjmfiles/pub/planning/project-queues/impact_studies/af1083_imp.pdf,ok,789287,"Thu, 21 Jul 2022 19:58:22 GMT",2019-08-31
AF1-106,https://www.pjm.com/pub/planning/project-queues/impact_studies/af1106_imp.pdf,ok,1027494,"Fri, 28 Aug 2020 17:02:14 GMT",2019-09-10
AF1-112,https://www.pjm.com/pub/planning/project-queues/impact_studies/af1112_imp.pdf,ok,1081754,"Thu, 27 Aug 2020 20:13:53 GMT",2019-09-11
AF1-122,https://www.pjm.com/pub/planning/project-queues/impact_studies/af1122_imp.pdf,ok,765245,"Wed, 26 Aug 2020 20:22:18 GMT",2019-09-17
AF1-146,https://www.pjm.com/pjmfiles/pub/planning/project-queues/impact_studies/af1146_imp.pdf,ok,974159,"Wed, 14 Sep 2022 16:09:16 GMT",2019-09-18
AF1-132,https://www.pjm.com/pjmfiles/pub/planning/project-queues/impact_studies/af1132_imp.pdf,ok,1192127,"Sun, 30 Aug 2020 12:45:44 GMT",2019-09-18
AF1-149,https://www.pjm.com/pjmfiles/pub/planning/project-queues/impact_studies/af1149_imp.pdf,ok,1154439,"Fri, 28 Aug 2020 16:53:26 GMT",2019-09-19
AF1-164,https://www.pjm.com/pub/planning/project-queues/impact_studies/af1164_imp.pdf,ok,783955,"Mon, 31 Aug 2020 14:06:09 GMT",2019-09-20
AF1-159,https://www.pjm.com/pjmfiles/pub/planning/project-queues/impact_studies/af1159_imp.pdf,ok,799664,"Fri, 06 Mar 2020 18:33:30 GMT",2019-09-21
AF1-167,https://www.pjm.com/pub/planning/project-queues/impact_studies/af1167_imp.pdf,ok,868160,"Sat, 29 Aug 2020 11:14:29 GMT",2019-09-24
AF1-196,https://www.pjm.com/pjmfiles/pub/planning/project-queues/impact_studies/af1196_imp.pdf,ok,947144,"Fri, 31 Jan 2020 13:49:16 GMT",2019-09-25
AF1-204 - moved to TC1,https://www.pjm.com/pub/planning/project-queues/impact_studies/af1204  moved to tc1_imp.pdf,http_404,103,,2019-09-25
AF1-180,https://www.pjm.com/pjmfiles/pub/planning/project-queues/impact_studies/af1180_imp.pdf,ok,735660,"Thu, 30 Jan 2020 17:10:45 GMT",2019-09-25
AF1-185,https://www.pjm.com/pjmfiles/pub/planning/project-queues/impact_studies/af1185_imp.pdf,ok,898586,"Fri, 31 Jan 2020 12:51:15 GMT",2019-09-25
AF1-212,https://www.pjm.com/pub/planning/project-queues/impact_studies/af1212_imp.pdf,ok,782842,"Wed, 26 Aug 2020 20:48:27 GMT",2019-09-26
AF1-337,https://www.pjm.com/pub/planning/project-queues/impact_studies/af1337_imp.pdf,ok,902659,"Tue, 18 Aug 2020 11:39:23 GMT",2019-09-27
AF1-222,https://www.pjm.com/pjmfiles/pub/planning/project-queues/impact_studies/af1222_imp.pdf,ok,1904602,"Thu, 27 Aug 2020 13:23:26 GMT",2019-09-27
AF1-219,https://www.pjm.com/pjmfiles/pub/planning/project-queues/impact_studies/af1219_imp.pdf,ok,762295,"Mon, 31 Aug 2020 15:50:58 GMT",2019-09-27
AF1-238 - moved to TC1,https://www.pjm.com/pjmfiles/pub/planning/project-queues/impact_studies/af1238_imp.pdf,ok,2656383,"Mon, 31 Aug 2020 21:02:29 GMT",2019-09-28
AF1-294 - moved to TC1,https://www.pjm.com/pjmfiles/pub/planning/project-queues/impact_studies/af1294_imp.pdf,ok,1031326,"Fri, 21 Aug 2020 18:27:53 GMT",2019-09-30
AF1-292,https://www.pjm.com/pjmfiles/pub/planning/project-queues/impact_studies/af1292_imp.pdf,ok,924605,"Tue, 25 Aug 2020 17:52:45 GMT",2019-09-30
AF1-311,https://www.pjm.com/pjmfiles/pub/planning/project-queues/impact_studies/af1311_imp.pdf,ok,1091963,"Fri, 28 Aug 2020 11:35:50 GMT",2019-09-30
AF1-324,https://www.pjm.com/pjmfiles/pub/planning/project-queues/impact_studies/af1324_imp.pdf,ok,744397,"Thu, 23 Jan 2020 13:14:28 GMT",2019-09-30
AF1-305,https://www.pjm.com/pjmfiles/pub/planning/project-queues/impact_studies/af1305_imp.pdf,ok,809248,"Fri, 28 Aug 2020 12:50:20 GMT",2019-09-30
AF1-245,https://www.pjm.com/pub/planning/project-queues/impact_studies/af1245_imp.pdf,ok,808909,"Mon, 31 Aug 2020 20:24:29 GMT",2019-09-30
AF1-258,https://www.pjm.com/pjmfiles/pub/planning/project-queues/impact_studies/af1258_imp.pdf,ok,727249,"Mon, 31 Aug 2020 17:15:30 GMT",2019-09-30
AF1-264,https://www.pjm.com/pjmfiles/pub/planning/project-queues/impact_studies/af1264_imp.pdf,ok,779266,"Wed, 06 May 2020 12:50:20 GMT",2019-09-30
AF1-203,https://www.pjm.com/pjmfiles/pub/planning/project-queues/impact_studies/af1203_imp.pdf,ok,1018537,"Fri, 28 Aug 2020 14:30:37 GMT",2019-09-30
AF2-006,https://www.pjm.com/pjmfiles/pub/planning/project-queues/impact_studies/af2006_imp.pdf,ok,768239,"Tue, 23 Feb 2021 22:44:49 GMT",2019-10-01
AF1-291A,https://www.pjm.com/pjmfiles/pub/planning/project-queues/impact_studies/af1291a_imp.pdf,ok,759772,"Fri, 24 Jan 2020 13:00:56 GMT",2019-10-01
AF2-010 - moved to TC1,https://www.pjm.com/pjmfiles/pub/planning/project-queues/impact_studies/af2010_imp.pdf,ok,1747287,"Tue, 02 Mar 2021 15:25:49 GMT",2019-10-11
AF2-032,https://www.pjm.com/pub/planning/project-queues/impact_studies/af2032_imp.pdf,ok,739056,"Thu, 04 Mar 2021 14:36:44 GMT",2019-10-28
AF2-021 - moved to TC1,https://www.pjm.com/pub/planning/project-queues/impact_studies/af2021  moved to tc1_imp.pdf,http_404,103,,2019-11-15
AF2-037 - moved to TC1,https://www.pjm.com/pjmfiles/pub/planning/project-queues/impact_studies/af2037_imp.pdf,ok,987207,"Fri, 19 Feb 2021 16:34:03 GMT",2019-11-29
AF2-045,https://www.pjm.com/pjmfiles/pub/planning/project-queues/impact_studies/af2045_imp.pdf,ok,717957,"Tue, 28 Jul 2020 17:59:49 GMT",2019-12-13
AF2-054,https://www.pjm.com/pjmfiles/pub/planning/project-queues/impact_studies/af2054_imp.pdf,ok,857888,"Wed, 24 Feb 2021 13:20:45 GMT",2020-01-11
AF2-059,https://www.pjm.com/pjmfiles/pub/planning/project-queues/impact_studies/af2059_imp.pdf,ok,794438,"Tue, 23 Feb 2021 23:23:57 GMT",2020-01-24
AF2-068 - moved to TC1,https://www.pjm.com/pjmfiles/pub/planning/project-queues/impact_studies/af2068_imp.pdf,ok,1149288,"Tue, 02 Mar 2021 20:46:44 GMT",2020-01-30
AF2-083,https://www.pjm.com/pub/planning/project-queues/impact_studies/af2083_imp.pdf,ok,879908,"Fri, 18 Feb 2022 20:15:23 GMT",2020-01-31
AF2-082,https://www.pjm.com/pub/planning/project-queues/impact_studies/af2082_imp.pdf,ok,864915,"Mon, 01 Mar 2021 12:12:14 GMT",2020-01-31
AF2-088,https://www.pjm.com/pub/planning/project-queues/impact_studies/af2088_imp.pdf,ok,955784,"Wed, 24 Feb 2021 15:54:44 GMT",2020-02-05
AF2-107,https://www.pjm.com/pub/planning/project-queues/impact_studies/af2107_imp.pdf,ok,1039805,"Thu, 25 Feb 2021 17:39:04 GMT",2020-02-24
AF2-125,https://www.pjm.com/pub/planning/project-queues/impact_studies/af2125_imp.pdf,ok,783717,"Thu, 04 Mar 2021 12:55:56 GMT",2020-02-28
AF2-115 - moved to TC1,https://www.pjm.com/pjmfiles/pub/planning/project-queues/impact_studies/af2115_imp.pdf,ok,985774,"Tue, 02 Mar 2021 18:19:34 GMT",2020-02-28
AF2-133,https://www.pjm.com/pub/planning/project-queues/impact_studies/af2133_imp.pdf,ok,1118046,"Thu, 04 Mar 2021 13:02:53 GMT",2020-03-04
AF2-134,https://www.pjm.com/pub/planning/project-queues/impact_studies/af2134_imp.pdf,ok,904153,"Thu, 04 Mar 2021 14:23:28 GMT",2020-03-07
AF2-143 - moved to TC1,https://www.pjm.com/pjmfiles/pub/planning/project-queues/impact_studies/af2143_imp.pdf,ok,1100361,"Fri, 23 Apr 2021 13:26:41 GMT",2020-03-12
